Date,AFL,AIG,AIZ,AJG,ALL,AMG,AMP,AON,AXP,BAC,BBT,BEN,BHF,BK,BLK,BRK.B,C,CB,CBOE,CFG,CINF,CMA,CME,COF,DFS,ETFC,FITB,GS,HBAN,HIG,ICE,IVZ,JPM,KEY,L,LNC,LUK,MCO,MET,MMC,MS,MTB,NAVI,NDAQ,NTRS,PBCT,PFG,PGR,PNC,PRU,RE,RF,RJF,SCHW,SPGI,STI,STT,SYF,TMK,TROW,TRV,UNM,USB,WFC,WLTW,XL,ZION
2017-11-28,86.269997,59.501118000000005,99.322731,65.845795,100.017723,196.320679,160.91378799999998,139.584595,94.94500699999999,27.419827,47.199413,41.948761,58.009997999999996,52.909317,488.00927699999994,,73.402222,150.83377099999998,122.150856,38.595215,73.259682,80.544083,140.511581,89.358932,67.332741,46.310001,29.08741,237.99194300000002,13.863581,56.172321,69.155197,35.678867,100.834717,18.387468,50.047771000000004,74.51718100000001,26.408274,150.482452,52.21479,83.249825,50.180679,162.96138,12.152705000000001,77.959366,95.878334,18.545359,68.985321,51.682449,135.009811,111.90203899999999,223.85995499999999,15.842101999999999,86.79632600000001,47.0494,165.388611,58.711998,92.74176,34.359553999999996,87.384872,99.196053,132.296432,54.999165000000005,52.725826,55.240531999999995,158.84288,38.792145,47.904896
2017-11-29,87.190002,59.97855799999999,101.06156899999999,65.63826800000001,101.45053100000001,198.31753500000002,162.71443200000002,140.113251,96.260368,28.054729,48.778355,42.903725,59.439999,54.183997999999995,495.689758,,74.736809,151.898575,120.369156,40.476208,73.871414,83.194672,143.13551299999997,90.573616,68.70668,47.779999,30.301043,240.68438700000002,14.369695000000002,57.123557999999996,69.60393499999999,35.777977,103.192444,18.914814,50.267497999999996,76.229996,26.527813000000002,149.44519,53.107346,83.229912,51.096676,167.691376,12.513580000000001,78.178299,97.82,19.090519,70.452667,51.359314000000005,139.03981000000002,114.91703799999999,221.601578,16.406477,88.152519,48.326939,164.291534,60.959442,94.275177,35.216301,88.942284,100.707611,133.808289,56.184189,54.456168999999996,56.343952,158.514038,39.299038,49.299510999999995
2017-11-30,87.639999,59.640373,100.226929,65.439461,102.147041,198.35746799999998,162.386139,139.863892,97.366463,28.064691999999997,49.076267,43.12257,58.790001000000004,54.51263,496.056,,75.194946,151.37115500000002,123.13247700000001,40.506065,74.228996,83.015305,144.791214,91.599129,70.289688,48.139998999999996,30.350784,246.946808,14.290304,57.163364,71.249298,35.847351,103.97834,18.884964,50.21756,76.229996,26.209039999999998,151.419983,53.236275,83.558449,51.385414000000004,168.279022,12.454321,78.77538299999999,97.779999,18.852632999999997,69.714073,52.074131,139.86570700000001,114.887276,218.477615,16.426279,88.052803,48.696228000000005,165.039536,61.287613,94.942314,35.754257,88.702682,102.348442,134.842712,56.383354000000004,54.844009,56.135197,160.237991,38.583424,49.359276
2017-12-01,87.599998,59.560798999999996,99.133934,66.175072,102.584839,197.538757,161.630066,141.87875400000001,97.515938,27.994953000000002,49.255016,43.251888,58.439999,54.223835,499.42807,,75.20491,150.903427,123.9505,40.496113,74.020401,83.483643,146.001526,92.31599399999999,70.807411,48.889998999999996,30.529844,248.25312799999998,14.33,57.153416,71.867554,35.886993,104.246948,19.034212,50.427299,76.190163,26.328581,150.901352,53.166851,84.683449,51.723934,168.796967,12.849383,78.874901,97.660004,18.743599,69.932236,52.485397,140.303543,114.450905,216.94547999999998,16.485687,87.99296600000001,49.404865,165.727707,61.625721,95.07176199999999,35.80407,88.383217,102.21916999999999,135.479279,56.243938,54.595397999999996,55.866797999999996,161.383972,38.215678999999994,49.887238
2017-12-04,88.139999,58.944103000000005,99.16375,66.185013,103.102242,197.04953,164.694153,139.315277,98.24337,28.951363,49.890568,44.385906,58.490002000000004,54.741673,510.78775,,76.788483,150.08741799999999,122.813248,41.650585,74.864708,84.808945,148.53833,94.47654,73.11721,50.540001000000004,31.196347999999997,249.94836400000003,14.588019000000001,56.22789399999999,71.628235,36.551021999999996,106.395744,19.53171,50.587101000000004,77.176018,26.288733,151.35015900000002,53.17676899999999,85.589424,52.450756000000005,171.565933,13.106174000000001,78.546501,98.949997,19.080607999999998,70.25948299999999,53.229594999999996,143.129501,115.79972099999999,212.46849100000003,16.782726,89.85773499999999,51.450924,167.014282,64.002441,96.68483,37.308357,89.251778,102.249001,135.62846399999998,56.781684999999996,55.321346,57.04974,157.926086,37.708785999999996,51.540852
2017-12-05,87.839996,59.212662,97.573944,65.42952,102.326134,196.700073,163.5103,138.886383,98.362953,28.82185,49.463558,43.918377,58.25,54.203915,509.415039,,76.230743,149.450516,123.471649,40.695159999999994,73.88134000000001,83.64308199999999,147.279602,93.500809,72.85835300000001,49.919998,30.619375,247.63487200000003,14.349848000000001,54.37685,70.750702,36.303249,105.172127,19.233211999999998,50.047771000000004,75.592674,25.890268,151.67929099999998,52.601563,84.633675,51.783671999999996,169.753143,12.967901,78.12854,96.949997,18.783248999999998,70.09090400000001,53.121883,141.726471,114.559998,211.06568900000002,16.703516,88.072739,50.682404,167.44313,63.674274,96.41598499999999,37.168888,88.852432,101.075554,134.594055,56.283772,54.515839,58.202861999999996,156.770157,37.092566999999995,50.684158000000004
2017-12-06,87.610001,59.709998999999996,97.395096,65.439461,102.137085,197.678543,163.918182,138.756699,97.864708,28.532932000000002,49.036545000000004,44.05764,58.169998,53.79561999999999,509.11663799999997,,75.135193,150.13716100000002,123.112526,40.436401000000004,73.9608,82.93559300000001,147.899292,93.460983,72.61940799999999,49.400002,30.420417999999998,245.26153599999998,14.409391000000001,54.655502,70.54129,36.759147999999996,104.386215,19.282961,49.897957,76.180199,25.840462,151.86879,52.561893000000005,84.026375,51.465065,168.836807,12.750617,77.939461,96.5,18.65439,70.229736,53.454811,142.303604,114.43106100000001,209.98126200000002,16.614404999999998,87.474426,50.442867,168.171173,64.082001,96.10730699999999,37.248585,88.882385,101.224724,134.633835,56.104527000000004,54.287117,58.22274399999999,156.550934,37.221775,49.727852
2017-12-07,87.940002,59.549999,97.95153,64.882774,101.599785,197.898193,166.733551,138.10836799999998,98.233414,28.672411,49.235157,44.266537,58.630001,53.994789000000004,509.70349100000004,,74.67705500000001,148.714111,123.890648,41.232586,73.662819,84.131348,147.879852,94.655754,73.12715899999999,49.84,30.241358,247.864227,14.597942999999999,54.506226,70.192276,37.006916,104.077827,19.641159,49.927921000000005,77.26564,25.90023,151.3302,53.17676899999999,83.359337,52.122192,170.390625,12.572839,77.412041,97.32,18.723774,70.398315,53.38626899999999,142.711578,115.373253,209.284836,16.893135,88.212349,50.981827,169.078766,64.400223,96.5056,37.198776,89.02215600000001,102.169449,133.490005,56.552647,54.595397999999996,59.008064000000005,154.876785,36.506161,50.275738
2017-12-08,88.160004,59.509997999999996,98.498016,65.30029300000001,101.98783900000001,200.114685,168.981873,138.13828999999998,98.203514,28.941401000000003,49.463558,44.435642,60.200001,54.442917,512.767212,,75.404099,149.321152,124.96803999999999,41.541111,73.901207,85.097916,148.60919199999998,95.37262,73.47563199999999,50.380001,30.211515000000002,249.64921600000002,14.736877,54.904297,70.73075899999999,37.333969,105.38103500000001,19.790407000000002,49.778107,78.211678,25.999847,151.988464,53.315608999999995,83.757561,52.659843,171.03804,12.602469000000001,78.397224,97.730003,18.674215,71.16190300000001,53.846497,143.089706,116.186508,211.195023,17.002638,89.239464,51.291229,170.754303,64.837776,97.25239599999999,37.35817,89.80085799999999,102.17939,133.75,57.249722,55.052845,58.958358999999994,154.91665600000002,36.645306,50.733967
2017-12-11,88.480003,59.790001000000004,99.24324,65.091537,101.85849,197.688522,166.912613,137.94876100000002,98.65193199999999,28.831814,49.403976,43.868633,59.970001,54.313461,509.424988,,75.543533,149.51023899999998,126.045433,41.222633,74.060135,84.370499,148.50221299999998,95.551834,74.023209,49.639998999999996,30.141878000000002,249.42983999999998,14.508629,55.153091,70.611092,37.056469,105.072647,19.631207999999997,49.987843,76.847397,25.959999,151.988464,53.196602,83.558449,52.540367,169.832825,12.602469000000001,78.835091,97.559998,18.4958,70.933815,53.738781,142.582214,115.30383300000001,216.35850499999998,16.90309,88.790726,50.62252,171.24298100000001,64.261002,96.993507,37.447829999999996,89.481392,101.284386,133.16000400000001,56.413231,54.963345,58.520966,154.73727399999999,36.595612,49.747776
2017-12-12,88.760002,59.93,99.66056800000001,64.405632,103.022644,196.44049099999998,167.72839399999998,138.148254,99.020638,29.210392,49.930285999999995,43.918377,59.98,54.741673,514.995422,,75.842323,149.768967,127.31237800000001,41.720249,74.020401,85.566254,148.813385,95.790787,74.759956,49.84,30.291097999999998,256.958679,14.697182000000002,55.760155000000005,71.0,36.838428,106.29626499999999,19.899857,50.257507000000004,77.245728,26.110001,152.167999,53.226353,84.275261,53.615665,171.804977,12.8,78.884842,98.550003,18.575094,70.190071,54.003166,145.129593,115.432755,218.69650299999998,17.231596,89.27935,51.460907,172.110672,65.175888,97.760216,37.2187,89.621155,102.07,134.350006,56.164276,55.192066000000004,59.972313,154.657562,36.804333,50.265774
2017-12-13,88.489998,58.970001,98.189995,63.829067,102.803741,195.41210900000002,165.55964699999998,136.213181,97.43621800000001,28.732187,49.076267,43.460784999999994,59.369999,54.154125,509.842773,,74.836403,147.718979,125.975601,41.143017,73.186035,84.510002,147.43251,94.307281,73.495537,48.700001,29.783758000000002,254.844635,14.468933999999999,55.282467000000004,70.480003,36.630306,104.963219,19.60136,49.838032,75.532921,25.51,149.774323,52.403217,83.0308,52.948581999999995,170.34082,12.780247,77.829994,97.480003,18.505710999999998,69.66449,54.698402,143.119568,113.012825,215.81131000000002,17.002638,87.614029,50.233269,168.560135,64.21127299999999,98.755936,36.501422999999996,89.161919,101.900002,133.559998,54.710377,54.29705799999999,59.047825,152.395493,35.880001,49.568466
2017-12-14,88.41999799999999,58.110001000000004,97.166565,63.312153,102.137085,193.88450600000002,164.594666,136.233124,96.808441,28.622597,48.629397999999995,42.84404,58.73,53.79561999999999,504.073425,,73.62133,145.410233,125.756134,40.675255,72.162941,83.75,146.275299,93.650154,73.346199,48.43,29.515166999999998,254.76484700000003,14.33,54.944103000000005,70.32,35.966282,104.117622,19.42226,49.388591999999996,75.383545,25.459999,149.106079,52.05611,82.652473,52.410931,168.36866799999999,12.464197,77.470001,96.589996,18.337208,69.307487,53.993373999999996,142.263809,113.528549,216.587326,16.833408,86.397446,50.103519,167.143921,63.694168000000005,97.551109,36.850101,88.71266899999999,101.589996,132.580002,54.033218000000005,53.84956,58.86889300000001,152.943573,35.110001000000004,49.030547999999996
2017-12-15,89.260002,59.389998999999996,97.683243,63.600432999999995,103.45049300000001,198.32751499999998,167.061844,138.038528,98.173615,28.931440000000002,49.185501,43.231995,58.450001,53.974872999999995,509.16638200000006,,74.467896,147.99761999999998,126.06539199999999,41.501301,73.782013,85.290001,146.90741,95.89035,74.26215400000001,49.880001,29.873289,256.450134,14.58,55.481506,70.489998,36.233875,105.589951,19.661057999999997,49.688217,75.871498,25.67,150.173279,50.985039,82.742081,52.868927,170.221283,13.037037,77.510002,97.849998,18.644478,69.783493,54.306720999999996,144.234024,114.77819099999999,220.97479199999998,17.042458,87.99296600000001,51.181442,168.60003700000001,64.638885,98.108719,37.049339,89.461426,102.57,134.889999,53.80418,54.197613,59.515038,155.454758,36.25,49.817505
2017-12-18,88.290001,59.580002,98.090637,63.471203,103.639549,201.05320700000001,169.141037,136.841583,99.329544,29.369792999999998,49.662163,43.420998,58.68,54.193954000000005,516.119446,,75.36425799999999,147.141785,125.48678600000001,41.829727,74.08000200000001,86.260002,147.111618,98.877274,75.626129,49.779999,30.310990999999998,259.292145,14.68,55.372036,71.209999,36.481644,106.40570100000001,20.059054999999997,49.917931,76.120453,25.860001,150.073532,50.509007000000004,82.134781,53.00832,173.16953999999998,13.106174000000001,76.970001,98.589996,18.832808,69.783493,54.052128,145.428101,115.16498600000001,218.09956400000002,17.251504999999998,88.700974,51.64056,170.455093,65.663162,97.79008499999999,38.364349,89.720993,103.440002,135.21000700000002,53.724514,54.476059,60.558811,154.019791,35.509997999999996,50.783772
2017-12-19,87.980003,59.779999,98.060829,64.017944,103.858437,201.881912,170.444275,136.522385,98.801407,29.339907,49.682026,43.45084,58.34,53.974872999999995,513.09552,,74.398178,146.902954,124.34953300000001,41.879490000000004,73.550003,86.540001,146.02246100000002,98.309761,75.616173,49.57,30.460210999999997,255.76207000000002,14.61,56.456782999999994,71.07,36.283428,105.958031,20.019257,49.578354,76.488907,25.709999,149.75436399999998,50.370163,82.154686,52.69966899999999,173.209366,12.967901,76.110001,98.019997,18.872456,70.269402,54.62986,144.383301,115.898895,217.761307,17.22164,88.421761,51.710426,171.542191,65.265388,97.451546,38.035599,89.99054699999999,103.139999,135.53999299999998,53.983425,54.257282,60.002131999999996,153.611221,35.32,50.694117999999996
2017-12-20,87.360001,60.0,99.074326,63.829067,103.898239,202.271286,170.21546899999998,136.04361,98.163658,29.369792999999998,49.493347,43.460784999999994,58.139998999999996,53.72591,511.83221399999996,,74.358345,145.26097099999998,123.93055,41.730206,73.449997,86.559998,145.322311,98.160416,75.407097,49.540001000000004,30.350784,254.465683,14.64,56.078613,70.019997,36.194229,105.589951,19.989407,49.448513,77.086403,26.42,148.07879599999998,50.588341,81.75647,52.281494,171.844818,12.928395,75.050003,98.440002,18.703953,70.656151,55.001953,144.204178,116.14683500000001,215.403397,17.171867000000002,88.052803,51.710426,169.55748,65.086388,96.664917,37.816429,90.270081,103.760002,135.259995,54.570961,53.958946,59.783436,152.584824,35.189999,50.534737
2017-12-21,87.110001,60.080002,100.475334,62.606365000000004,103.689293,201.562424,170.812347,134.996277,98.153687,29.708523,50.03952,43.610001000000004,60.389998999999996,54.134209,510.87731900000006,,75.513657,144.305634,124.329582,42.397011,73.660004,87.660004,146.72264099999998,99.08635699999999,75.70578,49.959998999999996,30.768593,260.279388,14.84,55.660637,70.110001,36.283428,107.271194,20.327703,49.728168,77.614182,26.459999,147.0914,50.608177000000005,80.352707,52.649887,172.90060400000002,12.958025,75.400002,100.050003,18.852632999999997,70.646233,54.639648,145.537552,115.779877,217.32354700000002,17.41078,90.097054,52.179520000000004,168.33075,65.185837,97.889656,38.454006,90.359932,104.599998,134.440002,54.600838,54.227447999999995,61.244724,151.837448,35.060001,51.261925
2017-12-22,87.209999,59.310001,100.38591,62.228618999999995,103.58979000000001,203.87875400000001,170.62333700000002,133.011337,98.392845,29.768296999999997,50.099106,43.91,59.540001000000004,53.775703,509.415039,,75.18499,144.494705,124.169968,42.426868,73.989998,87.739998,144.874985,100.062096,76.79098499999999,49.709998999999996,30.679062,258.245087,14.78,55.282467000000004,70.25,36.313159999999996,106.89315800000001,20.337654,49.598328,77.424973,26.209999,146.602707,50.340408000000004,80.33279399999999,52.490584999999996,172.382675,13.185185,76.089996,98.980003,18.753511,70.666069,54.923618000000005,145.398239,115.204651,217.83093300000002,17.390871,90.386246,51.979908,167.383286,65.394669,97.511284,38.623367,90.539635,105.239998,134.389999,54.561005,54.157837,61.185078000000004,151.209656,35.169998,51.132427
2017-12-26,87.639999,59.43,100.525017,62.536781000000005,103.81864200000001,203.73898300000002,170.21546899999998,132.961456,98.223442,29.668673,49.691959000000004,43.57,59.689999,53.586491,511.00656100000003,,74.477859,144.604172,123.741005,42.317394,74.269997,87.33000200000001,144.83608999999998,99.484619,76.92041800000001,49.5,30.519896999999997,256.998596,14.63,55.700447,70.040001,36.273514,106.46538500000001,20.228205,49.858006,77.166061,26.530001000000002,145.485641,50.251152000000005,80.382568,52.241673,171.306961,13.293826999999999,76.129997,98.699997,18.703953,70.735489,55.05091899999999,144.18426499999998,114.69884499999999,218.60694900000001,17.271416000000002,89.658295,51.770306,166.97438,64.927277,97.023376,38.563590999999995,90.479729,105.360001,134.779999,54.521172,53.710331000000004,60.76756999999999,151.33918799999998,35.240002000000004,50.664234
2017-12-27,87.709999,59.540001000000004,100.644249,62.84494399999999,104.077339,204.348022,170.05629,133.57988,98.781471,29.618858000000003,49.632374,43.43,59.07,53.616367000000004,511.603424,,74.58740999999999,145.459991,124.459274,42.158157,74.550003,87.120003,145.343964,99.315361,76.621735,49.490002000000004,30.5,255.233536,14.59,56.008953000000005,70.269997,36.214054,106.66435200000001,20.138655,49.937908,76.877274,26.43,146.243652,50.330494,81.328369,52.341236,170.88864099999998,13.046914,76.339996,98.68,18.614744,70.477654,55.18800400000001,144.26387,114.381477,218.85566699999998,17.22164,89.399017,51.750347,168.949097,64.847717,97.292221,38.454006,90.539635,105.019997,134.770004,54.521172,53.77,60.588634,151.110001,35.200001,50.514812
2017-12-28,88.230003,60.0,101.031761,63.25251,104.385796,206.18511999999998,170.722824,134.17836,99.349464,29.688596999999998,49.7714,43.529999,59.16,53.895203,515.2440799999999,,74.776649,146.16000400000001,124.549049,42.237774,75.08000200000001,87.290001,145.702469,99.86296800000001,77.159363,49.68,30.639999,255.781998,14.74,56.287605000000006,70.519997,36.442001,107.2314,20.248104,50.077732,77.026649,26.65,147.43051100000002,50.449501,81.607132,52.420891,171.605759,13.204938,76.66999799999999,100.32,18.753511,70.794983,55.334885,144.95047,114.252541,221.43244900000002,17.301277,89.578514,51.939983000000005,169.397919,65.076447,97.810005,38.822609,91.00885799999999,105.339996,135.66000400000001,54.909538,53.950001,60.936558,151.389999,35.369999,51.142387
2017-12-29,87.779999,59.580002,100.197113,62.904587,104.18679,204.927109,168.59388700000002,133.659683,98.960838,29.409645,49.374184,43.330002,58.639998999999996,53.636283999999996,510.99667400000004,,74.10936,146.130005,124.289673,41.779964,74.970001,86.809998,145.443558,99.146103,76.581909,49.57,30.34,254.04686,14.56,56.008953000000005,70.559998,36.214054,106.38580300000001,20.069005999999998,49.967869,76.54866,26.49,147.221069,50.142063,81.02969399999999,52.241673,170.310944,13.155555999999999,76.83000200000001,99.889999,18.535448000000002,69.971901,55.148833999999994,143.57728600000002,114.034355,220.12912000000003,17.201732999999997,89.050003,51.271267,168.949097,64.231163,97.610001,38.46397,90.559601,104.93,135.639999,54.660582999999995,53.580002,60.310294999999996,150.690002,35.16,50.634353999999995
2018-01-02,87.970001,59.5,98.597389,61.80116999999999,101.410736,202.720581,169.03161599999999,131.15606699999998,98.592148,29.788223,49.572788,43.25,57.669998,53.596451,506.28167699999995,,74.059555,142.300003,122.454117,42.476631,73.08000200000001,86.57,144.188766,99.175972,76.57196,49.82,30.43,254.95432999999997,14.6,55.00381899999999,69.849998,36.025745,107.39056399999998,20.069005999999998,49.828041,77.584312,26.780001000000002,145.74496499999998,49.765205,80.044083,51.962887,170.510132,13.461729,76.739998,99.459999,18.634567,69.79340400000001,54.208801,143.905655,114.50048799999999,215.363617,17.291325,88.860001,51.341133,167.672516,64.499664,96.720001,38.713028,90.06043199999999,103.08000200000001,131.979996,54.630711,54.029999,60.72780600000001,146.990005,34.02,50.504852
2018-01-03,88.230003,60.16,98.875603,62.26838299999999,101.47043599999999,201.802032,168.195953,133.25071699999998,99.200005,29.688596999999998,50.109032,43.450001,58.509997999999996,53.925079000000004,511.62335199999995,,74.28862,143.419998,123.262161,42.964294,72.790001,86.540001,146.499146,99.006714,77.13945799999999,50.619999,30.52,252.580978,14.72,54.565937,70.910004,36.20414,107.49999199999999,20.138655,50.407326,77.225815,26.690001000000002,148.467773,50.082558,81.089424,52.102283,172.422516,13.609877,77.660004,100.050003,18.555270999999998,69.942154,54.179424,143.875809,114.54016100000001,218.64674399999998,17.321188,89.800003,51.420982,170.365341,65.31510899999999,97.43,38.972042,90.32,104.489998,132.399994,55.029037,54.560001,61.195018999999995,149.740005,34.43,50.44508
2018-01-04,89.139999,60.400002,99.412155,62.84494399999999,100.29633299999999,198.227661,168.81274399999998,135.07608000000002,100.849998,30.077140999999997,50.71479,43.299999,59.490002000000004,54.462832999999996,518.377441,,75.20491,144.0,123.741005,43.471866999999996,73.620003,87.510002,148.062622,100.978081,77.90606700000001,51.299999,30.629998999999998,256.11105299999997,14.85,55.13319,72.25,36.501465,109.040001,20.218254,50.657013,78.600044,26.84,151.20056200000002,50.935452000000005,81.93566899999999,52.8988,172.751205,13.7679,78.690002,101.550003,18.674215,70.854485,54.16963199999999,143.885757,115.551773,220.63653599999998,17.460554000000002,90.540001,51.710426,172.918518,65.49410999999999,98.480003,39.250984,90.699997,105.309998,132.399994,55.516991000000004,54.98,61.960457,151.259995,35.240002000000004,50.654274
2018-01-05,89.730003,60.650002,100.664124,63.133221,101.360985,199.156204,169.389755,136.22316,101.08000200000001,30.216616,50.87368,43.57,60.630001,54.602256999999994,522.794006,,75.105316,144.259995,127.292419,43.670914,74.0,88.470001,149.028595,100.988045,77.816467,51.470001,30.709999,254.80474900000002,14.98,54.894348,72.849998,36.947449,108.339996,20.228205,50.557137,78.75936899999999,26.879998999999998,153.713913,51.411484,82.50314300000001,52.878887,172.133667,13.837036999999999,79.209999,102.0,18.773335999999997,71.399902,54.375263000000004,144.064865,116.712151,221.21356200000002,17.41078,90.949997,51.910038,175.23233000000002,65.543839,98.57,39.589698999999996,91.059998,107.230003,132.16000400000001,55.755989,55.32,62.377964,152.229996,34.650002,50.674194
2018-01-08,89.959999,60.25,99.06438399999999,63.172985,100.883385,200.214539,171.11080900000002,136.233124,100.150002,30.007402000000003,51.141804,43.919998,60.490002000000004,54.831299,526.693298,,74.22886700000001,143.529999,129.217773,43.850056,73.66999799999999,88.720001,151.09996,100.360786,77.229057,51.77,30.700001,251.105133,14.95,54.516174,73.120003,36.511375,108.5,20.178455,50.517189,78.610001,27.25,154.66142299999998,51.550323,81.627037,52.659843,171.735245,13.520988000000001,79.959999,102.5,18.80307,71.608154,54.541729000000004,144.333542,116.642723,217.631958,17.390871,91.690002,52.139599,176.70838899999998,65.98138399999999,99.650002,39.111511,91.33000200000001,109.879997,131.449997,56.233982,55.400002,61.672173,151.41000400000001,34.459998999999996,50.425159
2018-01-09,90.0,60.630001,98.478149,63.25251,100.435631,199.954956,173.180054,136.57226599999998,100.519997,30.156840999999996,51.727695000000004,43.66,61.709998999999996,55.329223999999996,531.119812,,75.005714,145.850006,130.47473100000002,43.979434999999995,73.209999,90.370003,151.996231,101.24691,77.896111,52.470001,31.25,253.22917200000003,15.23,54.705261,74.050003,36.868164,109.050003,20.636152,51.066505,81.68,27.6,155.70863300000002,51.927184999999994,81.627037,53.06805799999999,174.215363,13.353087,80.16999799999999,104.260002,18.902191000000002,72.361816,55.001953,147.08985900000002,118.021294,215.841156,17.699467000000002,93.150002,53.237483999999995,176.76825,66.578049,101.400002,39.290828999999995,92.07,111.75,132.470001,56.721931000000005,55.779999,61.890865000000005,151.830002,34.209998999999996,51.61058
2018-01-10,90.739998,61.0,95.874847,63.19286700000001,99.928177,198.067917,174.921005,136.312927,101.220001,30.435793,52.343384,43.27,64.0,57.06199300000001,528.762329,,75.34434499999999,145.28999299999998,132.01101699999998,44.686054,72.190002,91.309998,152.26509099999998,102.69059,79.120705,52.689999,31.58,253.618073,15.48,54.774925,74.459999,36.491554,110.25,20.9048,51.146404,82.790001,27.84,154.402084,52.591643999999995,80.80072,53.695316000000005,176.04805,13.511110999999998,81.230003,105.760002,19.080607999999998,72.768394,54.522144,148.880951,120.510651,218.845734,17.998108,94.400002,53.457062,175.14257800000001,67.323883,104.25,39.509997999999996,92.760002,112.269997,132.110001,57.279593999999996,56.200001,62.74576999999999,153.610001,34.23,52.148499
2018-01-11,91.690002,61.150002,95.179314,63.023876,100.27642800000001,200.404236,178.05471799999998,134.926453,100.730003,30.545382,52.790257,43.939999,65.25,57.589794,535.0787349999999,,75.2547,144.5,131.871368,45.084145,72.769997,92.519997,152.175476,103.965012,80.00679000000001,52.959998999999996,31.860001,254.415848,15.63,54.824684,74.379997,36.96727,110.839996,21.083899,51.44603,83.900002,27.98,155.30969199999998,53.047844,80.661331,53.964142,177.283142,13.797531,80.459999,105.949997,19.308582,73.264229,54.502559999999995,150.74173000000002,122.702477,221.67120400000002,18.117565,95.16999799999999,54.065887,175.930466,67.483002,105.779999,39.609619,92.860001,113.059998,132.33999599999999,57.976668999999994,56.68,62.636421,154.759995,35.27,52.905575
2018-01-12,84.940002,60.970001,94.78186,63.50103000000001,101.599785,202.480972,181.098892,136.203201,100.970001,31.073402,52.770393000000006,44.529999,65.360001,58.177341000000006,552.5957639999999,,76.529533,145.639999,131.192993,45.303101,74.029999,93.040001,152.09581,104.97061200000002,80.156136,53.939999,32.349998,256.310516,15.85,55.02372,74.779999,37.522278,112.66999799999999,21.312746,52.71445500000001,84.370003,27.93,156.83566299999998,52.889168000000005,81.37814300000001,54.880138,177.811035,13.708642000000001,81.43,107.260002,19.308582,73.591484,54.776737,151.08999599999999,123.09919,223.054108,18.197203,96.790001,55.283543,177.167175,68.507278,107.239998,39.221096,92.25,115.349998,134.729996,58.345119,56.98,62.17915,155.46000700000002,35.490002000000004,53.074920999999996
2018-01-16,86.389999,61.060001,93.291428,63.043755000000004,101.619682,202.690628,176.393356,134.198303,100.339996,31.123215000000002,52.710812,43.790001000000004,63.220001,57.300999,560.026306,,76.798447,145.669998,130.47473100000002,45.034386,74.199997,93.790001,151.56800800000002,103.965012,78.59304,53.669998,32.279999,257.736511,15.68,54.973960999999996,74.58000200000001,36.868164,112.269997,21.213247,52.125187,82.510002,27.549999,155.120193,51.421397999999996,80.900276,54.3624,177.073959,13.580247,80.41999799999999,106.610001,19.219376,72.292404,55.099876,152.259995,121.085876,221.61151099999998,18.077745,95.599998,55.423271,175.362,67.92055500000001,105.970001,37.786545000000004,91.41999799999999,114.470001,135.520004,55.307869,57.169998,62.12944399999999,152.580002,35.240002000000004,52.696383999999995
2018-01-17,87.82,61.419998,94.205559,63.670021,103.420647,207.35328700000002,177.547363,136.15333600000002,100.760002,31.063438,52.90942,44.900002,64.360001,57.64954399999999,573.464966,,77.15699000000001,147.53999299999998,131.202972,45.621574,75.059998,94.760002,150.821121,103.93514300000001,78.583076,54.0,32.490002000000004,252.939972,15.76,55.959194,74.800003,37.740314,112.989998,21.153548999999998,52.284988,82.980003,27.82,156.995239,52.115612,81.169075,55.109134999999995,178.498291,13.540741,80.459999,106.889999,19.278848999999997,72.837814,56.039913,154.229996,122.42478200000001,224.84491,18.27684,96.25,55.982197,176.319427,67.970276,106.400002,37.916053999999995,92.029999,116.379997,136.860001,56.11448299999999,56.34,63.501266,154.550003,35.330002,53.114765000000006
2018-01-18,86.440002,61.529999,93.668999,63.650135,103.480339,204.99700900000002,176.652008,134.73693799999998,99.860001,31.362315999999996,53.763439,44.630001,63.490002000000004,55.120093999999995,576.160583,,77.077309,147.690002,132.58963,45.541954,74.860001,93.809998,151.577972,102.959419,77.876198,53.650002,32.169998,250.26748700000002,15.51,55.819866000000005,75.269997,37.522278,113.260002,20.715752,52.454777,83.059998,27.629998999999998,157.164795,52.512306,81.198936,55.597007999999995,185.410721,13.185185,79.83000200000001,105.379997,19.259024,72.86756899999999,56.098667000000006,153.71000700000002,122.295845,222.099014,18.067791,95.400002,55.223659999999995,178.164505,67.56255300000001,105.050003,37.158924,91.660004,115.790001,137.33999599999999,55.905361,56.150002,63.57085,153.559998,35.130001,52.656535999999996
2018-01-19,86.82,61.549999,93.48021700000001,63.908595999999996,103.181839,211.666489,177.88558999999998,134.83667,98.029999,31.601419,54.41885,44.889998999999996,64.190002,56.374863,587.142334,,77.98363499999999,148.199997,133.557297,46.596905,75.160004,94.989998,153.639374,103.925186,77.975761,54.279999,32.5,255.40306099999998,15.81,55.690495,75.599998,37.789871000000005,113.010002,21.054049,52.444790000000005,83.16999799999999,28.01,158.760574,52.958588,81.71664399999999,57.209956999999996,188.030273,13.432099,80.07,106.489998,19.903303,73.432816,56.460972,155.25,123.1091,223.45207200000002,18.585435999999998,96.190002,55.373371,180.657852,68.19899699999999,107.610001,38.324501,92.150002,117.349998,137.850006,55.755989,56.459998999999996,63.839249,153.889999,35.450001,53.52319
2018-01-22,87.690002,61.0,93.430534,64.365868,103.90819499999999,213.633392,177.020096,135.63464399999998,98.32,31.820598999999998,54.498295,45.349998,64.410004,57.480251,590.126465,,78.27246099999999,149.78999299999998,134.235641,47.582188,75.93,95.209999,154.80452,105.03035,78.52334599999999,54.98,32.77,260.787933,16.030001000000002,55.78006,75.83000200000001,37.532188,114.33000200000001,21.282896,52.734428,83.349998,27.91,160.04718,53.404865,82.343849,57.11039399999999,188.01036100000002,13.353087,80.629997,107.43,19.843832,73.35348499999999,57.009327,155.720001,123.307457,229.32189900000003,19.073215,96.559998,55.333447,181.665161,69.491776,108.989998,39.370529,92.779999,117.400002,139.350006,55.865528000000005,57.259997999999996,64.34623,154.600006,35.990002000000004,53.951533999999995
2018-01-23,88.08000200000001,62.34,94.165817,64.176994,100.74408000000001,212.585037,177.388184,137.070999,97.980003,31.800673,54.488361,45.509997999999996,64.949997,57.480251,586.565369,,78.232628,153.28999299999998,134.48504599999998,47.641899,77.010002,95.25,153.609497,105.24938999999999,78.374001,54.959998999999996,32.919998,259.361938,16.040001,56.397071999999994,75.790001,37.274509,114.209999,21.501797,52.834309,82.900002,27.639999,160.416199,53.166851,82.592743,56.66235,188.08007800000001,13.274073999999999,80.209999,106.889999,19.88348,72.946899,55.863655,155.770004,123.17851999999999,230.456085,19.27231,96.57,55.213676,182.443085,69.92932900000001,112.18,39.629543,92.769997,118.08000200000001,146.259995,55.965111,57.18,64.10764300000001,157.869995,36.779999,53.961493999999995
2018-01-24,88.43,64.32,94.97065699999999,64.733673,99.370979,211.11735499999998,179.377838,138.477417,99.300003,31.970036999999998,54.617458,45.52,64.620003,57.530044999999994,584.565979,,79.12898299999999,154.979996,135.243225,47.154236,77.239998,95.529999,154.346436,104.801353,78.393913,55.189999,33.330002,264.93631,16.110001,57.869949,75.41999799999999,37.274509,115.66999799999999,21.621195,52.974132999999995,83.339996,27.540001,161.76265,53.652802,83.05070500000001,56.990913,188.707581,14.330865,81.16999799999999,106.16999799999999,19.764536,73.38323199999999,54.179424,157.740005,123.803345,230.77444500000001,19.341993,96.900002,55.283543,182.62261999999998,70.804443,112.709999,39.589698999999996,93.07,117.709999,147.619995,55.726112,57.75,65.091782,159.020004,36.860001000000004,53.53315
2018-01-25,89.41999799999999,64.800003,94.42415600000001,65.260529,100.226685,210.66806,172.23497,139.19558700000002,99.690002,31.970036999999998,54.309612,45.16,64.889999,56.613861,572.460266,,79.119034,154.809998,136.829376,46.447617,77.220001,94.699997,153.529831,103.80570999999999,79.94706,54.209998999999996,32.84,268.27691699999997,16.049999,58.208309,74.940002,37.254684000000005,115.699997,21.561495,53.083996,83.400002,27.43,162.361053,53.553627,83.20004300000001,56.562785999999996,186.914734,14.479011999999999,81.18,105.010002,19.7348,73.641068,54.60047900000001,157.800003,123.376884,229.74969500000003,19.053307,95.849998,54.075871,181.405869,70.207779,110.33000200000001,39.430305,92.709999,117.349998,148.470001,54.799999,57.98,65.260773,160.169998,36.880001,52.815922
2018-01-26,90.989998,64.68,94.881226,70.07180799999999,100.027679,215.42057799999998,178.910263,143.105637,99.629997,32.079628,55.064331,45.860001000000004,65.730003,57.540001000000004,583.700562,,79.756447,155.800003,136.689728,46.726284,77.510002,95.809998,154.515717,104.442924,80.62406899999999,53.490002000000004,33.349998,267.389435,16.209999,58.825325,75.57,38.057460999999996,116.32,21.720694,53.39360799999999,84.809998,27.629998999999998,166.789368,54.317265,85.34053,57.349346,188.61793500000002,14.360494000000001,81.360001,106.18,19.744711,74.41456600000001,53.689823,158.66000400000001,124.983551,228.07829300000003,19.292219,98.260002,54.16569499999999,183.310776,70.98344399999999,110.910004,40.057919,93.32,119.989998,149.419998,55.740002000000004,58.110001000000004,65.539108,163.940002,36.669998,53.812073
2018-01-29,89.550003,64.260002,93.748497,69.35607900000001,97.550125,208.88089,176.532623,141.9785,99.410004,32.159325,55.00474499999999,45.119999,67.459999,57.52,571.385986,,79.636925,154.119995,134.784317,46.527237,76.589996,95.150002,152.81282,104.144226,80.952614,52.619999,33.169998,271.717285,16.23,58.138645,74.510002,37.145668,116.199997,21.690844,53.04404399999999,85.709999,27.18,161.32380700000002,53.950320999999995,84.334999,57.200001,189.036255,14.212345999999998,81.650002,106.940002,19.586121,73.87906600000001,52.025172999999995,159.21000700000002,124.33890500000001,227.65049700000003,19.172764,96.989998,53.946117,180.558121,70.347,111.690002,40.008109999999995,92.339996,117.550003,148.96000700000002,55.259997999999996,57.990002000000004,65.429764,161.71000700000002,36.610001000000004,53.981415000000005
2018-01-30,88.57,63.349998,91.522774,68.91869399999999,97.958069,202.900299,171.120743,141.389999,98.709999,31.760820000000002,54.647247,42.720001,65.059998,56.700001,559.320068,,78.30234499999999,153.059998,132.968704,45.950001,76.389999,94.760002,152.693314,103.01915699999999,79.369606,52.349998,33.02,268.18719500000003,16.1,57.969463,73.550003,36.352802000000004,115.110001,21.322697,51.925438,83.980003,27.09,161.20413200000002,49.318923999999996,83.739998,56.599998,189.81317099999998,14.05432,81.849998,105.690002,19.487,67.92907,52.377686,157.899994,120.39164,226.28749100000002,19.063260999999997,95.709999,53.097752,179.85998500000002,70.118279,110.139999,39.480114,91.33000200000001,112.510002,148.720001,53.669998,57.400002,64.89296,160.33999599999999,36.619999,53.72241999999999
2018-01-31,88.199997,63.919998,90.89679699999999,67.914688,98.276474,199.31596399999998,167.827866,142.169998,99.400002,31.880373,54.806137,42.41,64.260002,56.700001,558.832642,,78.16291,156.149994,134.066055,45.900002,76.900002,95.220001,152.842697,103.507019,79.44925699999999,52.700001,33.099998,267.14013700000004,16.18,58.477008999999995,73.839996,35.807709,115.66999799999999,21.292847000000002,51.585861,82.800003,27.07,161.36369299999998,47.672646,83.519997,56.549999,190.022339,14.074074,80.910004,105.389999,19.67,67.036575,52.974998,158.020004,117.842773,228.625488,19.142899,96.389999,53.237483999999995,180.617966,70.30722,110.16999799999999,39.529926,90.849998,111.629997,149.919998,53.189999,57.139998999999996,65.389999,160.470001,36.84,53.822033
2018-02-01,89.690002,64.16999799999999,92.466713,68.779526,98.22672299999999,201.442596,170.195557,144.479996,100.0,32.378506,55.312592,42.07,64.089996,57.5,562.204773,,78.879997,155.479996,136.23082,46.810001,77.16999799999999,97.029999,158.250153,104.26371,80.265656,54.099998,33.66,271.467987,16.34,58.486961,74.800003,35.708599,116.870003,21.820194,51.525932,85.910004,27.030001000000002,163.139023,47.990002000000004,85.050003,57.450001,192.084122,14.350617000000002,81.370003,106.779999,19.809998999999998,67.889404,53.580002,159.149994,119.52878600000001,228.96374500000002,19.451496,97.360001,54.804466000000005,181.51556399999998,71.013283,110.33000200000001,39.509997999999996,90.739998,112.160004,150.0,53.279999,57.459998999999996,65.510002,163.919998,36.790001000000004,54.768375
2018-02-02,88.949997,63.040001000000004,91.363792,68.1632,97.450623,196.799911,166.634064,143.58999599999999,96.68,31.830561,54.72669200000001,40.880001,62.150002,56.330002,545.4238280000001,,77.019997,153.25,134.325424,46.02,76.379997,94.959999,158.449326,101.127434,78.622902,52.57,33.130001,259.312103,16.08,57.73061800000001,73.980003,34.846363000000004,114.279999,21.651045,50.756889,83.040001,26.290001,158.192078,47.560001,84.690002,55.48,188.448608,14.034568,80.339996,104.629997,19.629998999999998,65.796989,53.240002000000004,157.970001,116.36502800000001,228.436462,19.162809,94.33000200000001,53.237483999999995,176.858002,69.094002,107.470001,38.68,88.209999,109.889999,147.949997,52.709998999999996,56.900002,64.07,161.66000400000001,38.25,53.941573999999996
2018-02-05,86.209999,60.630001,87.617828,65.876846,94.545212,188.203461,159.560822,140.33999599999999,92.010002,30.146877000000003,52.522133,38.950001,59.130001,54.380001,522.1971440000001,,73.269997,147.350006,130.215363,43.68,73.389999,90.720001,153.32070900000002,96.577347,74.55088,50.349998,31.700001,248.412689,15.43,55.312325,71.5,32.874111,108.800003,20.506804000000002,48.130154,78.089996,24.77,150.911316,45.889998999999996,82.519997,52.549999,179.095901,13.461729,77.470001,99.739998,19.01,63.020329000000004,51.950001,150.320007,109.87881499999999,224.277817,18.376387,89.790001,51.191425,165.917206,65.931671,102.470001,36.880001,83.959999,105.25,141.520004,50.43,54.619999,58.16,157.5,37.68,51.451195
2018-02-06,85.620003,60.259997999999996,87.92585,65.01200899999999,96.117317,190.399994,159.72995,139.919998,94.18,31.083364000000003,53.33643000000001,39.720001,58.779999,55.490002000000004,532.393005,,74.82,145.880005,116.658119,44.599998,72.599998,92.769997,156.995377,98.01106999999999,75.80534399999999,52.279999,32.02,257.975861,15.53,54.864491,72.269997,33.310188000000004,112.110001,20.9048,47.750628999999996,78.57,24.73,157.523849,46.200001,82.239998,54.330002,184.325058,13.590124,77.720001,101.360001,19.120001000000002,64.002083,52.869999,154.28999299999998,110.07717099999999,241.081497,18.585435999999998,91.41999799999999,52.758407999999996,179.48100300000002,68.049835,104.5,37.669998,83.41999799999999,106.970001,140.850006,50.639998999999996,54.619999,57.279999,158.399994,37.34,52.317844
2018-02-07,85.599998,60.470001,87.92585,65.71779599999999,96.385971,187.869995,159.282272,140.550003,93.610001,31.133177000000003,53.44566700000001,39.439999,59.0,55.34,529.448669,,74.989998,147.520004,114.29383100000001,44.84,72.629997,93.58000200000001,159.2659,97.69246700000001,76.293182,51.549999,32.34,256.380341,15.64,55.590977,70.720001,33.161526,112.870003,21.024199,47.800564,78.510002,25.01,157.563736,46.259997999999996,82.160004,54.549999,184.235413,13.866667000000001,77.269997,100.730003,19.200001,63.38724499999999,53.400002,155.0,110.255692,245.439102,18.874121,91.050003,51.93,182.20373500000002,68.62661,103.519997,37.5,83.279999,106.519997,142.139999,50.580002,54.799999,57.540001000000004,157.380005,42.0,53.812073
2018-02-08,83.25,58.279999,84.617088,64.017944,89.609993,179.110001,151.711609,136.050003,88.339996,29.628821999999996,51.027668,38.0,55.439999,53.290001000000004,506.689514,,71.870003,140.389999,110.88208,42.189999,70.339996,89.18,152.40451000000002,91.400002,72.081779,48.48,31.1,245.66041600000003,15.1,53.083110999999995,67.0,31.635263000000002,107.879997,19.979456,45.992813,73.860001,23.860001,151.739136,44.279999,79.309998,51.790001000000004,177.641708,13.214815,75.209999,96.199997,18.559998999999998,59.876751,51.07,149.380005,102.52975500000001,239.827927,17.818924,86.059998,48.900002,172.848694,65.434448,98.540001,34.98,80.519997,101.989998,135.009995,47.869999,52.650002,55.400002,152.360001,41.259997999999996,50.514812
2018-02-09,84.769997,60.220001,87.448914,64.554741,90.43584399999999,180.240005,153.084488,137.91000400000001,91.720001,30.216616,52.376549,38.220001,56.98,54.080002,518.755493,,73.68,144.520004,106.85181399999999,43.049999,72.139999,91.610001,156.198715,92.019997,73.78426400000001,49.470001,31.98,248.602158,15.41,53.720028000000006,68.449997,32.150622999999996,110.040001,20.287903,46.671966999999995,75.379997,24.25,154.232544,44.610001000000004,80.43,52.139998999999996,181.894745,13.293826999999999,76.110001,97.379997,18.91,60.878333999999995,52.220001,151.71000700000002,105.16788500000001,238.544525,18.187248,87.08000200000001,50.119999,177.02754199999998,67.10511,100.010002,35.029999,82.639999,103.410004,137.080002,49.209998999999996,53.75,56.130001,152.139999,41.860001000000004,51.441231
2018-02-12,85.129997,59.610001000000004,86.962036,65.817207,90.276649,181.190002,155.10398899999998,139.96000700000002,94.699997,31.003664,52.95607,38.830002,58.23,54.610001000000004,522.605042,,74.760002,144.610001,110.41320800000001,43.959998999999996,74.309998,93.300003,159.46508799999998,95.190002,75.616173,50.200001,32.25,252.45135499999998,15.48,53.242340000000006,68.599998,32.229912,111.739998,20.486902,47.441013,75.470001,24.84,158.860321,44.619999,81.040001,53.43,184.016281,13.392593,77.559998,99.360001,19.07,61.32458100000001,52.380001,152.279999,106.972916,238.255997,18.386341,89.010002,50.939999,179.879929,67.214493,101.779999,36.240002000000004,83.529999,104.93,138.139999,50.48,53.970001,56.5,154.149994,41.599998,51.859619
2018-02-13,86.07,59.43,87.756935,66.582642,91.669647,181.929993,155.810303,139.229996,94.559998,31.063438,53.285796999999995,38.84,53.560001,54.810001,518.5167240000001,,75.18,145.119995,111.949501,44.389998999999996,73.970001,93.839996,159.49496499999998,95.309998,76.16375699999999,50.049999,32.389998999999996,254.81471299999998,15.52,53.710079,69.120003,32.219997,112.43,20.447101999999997,48.030277000000005,74.339996,24.6,161.17421000000002,45.200001,81.279999,53.389998999999996,185.410721,13.432099,78.5,99.349998,19.129998999999998,61.205585,53.220001,153.28999299999998,106.01088700000001,236.962646,18.764622,88.730003,51.150002,181.455734,67.542664,101.269997,36.009997999999996,84.040001,105.730003,138.580002,50.82,54.139998999999996,58.0,155.309998,41.900002,51.760002
2018-02-14,87.650002,59.41,89.06851999999999,67.795395,94.555161,189.449997,159.720001,139.970001,96.230003,31.880373,54.694630000000004,39.810001,55.709998999999996,55.98,537.088135,,76.709999,147.28999299999998,114.722794,45.849998,75.57,97.400002,161.476685,97.379997,77.268883,51.529999,33.25,261.844971,15.89,54.26738,71.07,33.169998,115.029999,21.063999,48.809311,77.300003,25.219998999999998,163.11906399999998,46.700001,82.260002,55.049999,191.21756000000002,13.827160999999998,79.760002,102.690002,19.58,62.742664000000005,56.299999,158.270004,110.35486599999999,241.350113,19.282267,91.019997,52.400002,185.534836,69.680717,103.940002,36.700001,86.300003,108.32,140.600006,52.450001,55.310001,59.549999,159.25,43.5,54.509997999999996
2018-02-15,88.41999799999999,59.23,89.49578100000001,68.64035799999999,94.04770699999999,190.28999299999998,159.0,140.889999,96.559998,32.089588,54.78455400000001,39.060001,56.080002,56.16,537.7943730000001,,77.08000200000001,147.070007,117.16688500000001,46.02,76.190002,97.66999799999999,164.424408,98.66999799999999,78.224663,51.73,33.200001,266.930695,15.86,54.197716,72.550003,33.189999,115.510002,20.8451,49.828041,77.18,24.93,166.550003,46.73,82.440002,55.400002,190.341064,13.629629999999999,80.379997,103.870003,19.74,62.345997,56.779999,159.860001,108.82753799999999,241.15113799999997,19.391766,91.309998,52.330002,188.417145,70.23761,103.959999,36.84,86.120003,109.559998,140.880005,52.150002,55.099998,60.02,159.619995,43.119999,54.77
2018-02-16,89.650002,59.470001,89.346733,68.560829,94.56510899999999,191.78999299999998,159.809998,140.860001,96.790001,31.850485,54.914443999999996,39.099998,56.82,56.25,538.241943,,76.82,147.0,111.181351,45.93,77.190002,97.82,161.70575,99.529999,79.18044300000001,51.810001,33.130001,266.87088,15.83,53.879256999999996,71.730003,33.919998,114.68,20.914751000000003,50.017811,77.58000200000001,24.969998999999998,168.21000700000002,46.639998999999996,82.760002,55.139998999999996,190.878922,13.817283999999999,79.019997,104.860001,19.84,62.524498,57.349998,159.080002,108.529999,242.01667799999998,19.361904,92.559998,52.169998,188.776184,70.754723,104.550003,36.73,86.650002,110.489998,141.16000400000001,52.450001,55.610001000000004,59.950001,159.229996,43.799999,55.07
2018-02-20,88.91999799999999,60.040001000000004,88.015282,68.898811,93.18205999999999,187.300003,158.759995,140.720001,97.190002,31.810634999999998,54.554741,38.860001000000004,57.66,56.419998,539.734009,,76.459999,145.440002,110.51297,46.09,75.690002,97.199997,162.671722,98.459999,79.279999,52.009997999999996,33.209998999999996,264.148529,15.9,53.560798999999996,72.860001,33.209998999999996,114.709999,20.8451,49.828041,78.029999,25.1,168.130005,46.889998999999996,83.510002,55.060001,189.88288899999998,13.471604999999998,78.800003,104.720001,19.620001000000002,62.177414,56.540001000000004,159.130005,108.480003,242.01667799999998,19.312128,92.230003,52.34,187.399857,71.122665,103.790001,36.560001,86.379997,109.910004,139.070007,52.34,54.91,59.950001,159.649994,43.0,54.970001
2018-02-21,88.879997,60.18,87.697319,68.50119000000001,92.94326,189.029999,159.380005,139.369995,97.5,31.75086,55.044338,39.07,57.439999,56.450001,540.688965,,77.0,143.720001,111.03171499999999,46.299999,75.540001,98.410004,161.10823100000002,97.389999,78.589996,51.759997999999996,33.439999,262.662689,16.049999,53.690174,72.860001,33.220001,115.190002,20.944599,49.688217,78.32,24.98,166.990005,46.950001,82.760002,55.099998,192.054245,13.264198,79.120003,105.379997,19.76,62.772411,57.169998,161.279999,108.629997,238.713654,19.531133999999998,91.220001,52.299999,187.080719,71.053055,103.959999,36.57,86.16999799999999,109.949997,138.53999299999998,51.98,55.099998,59.73,157.570007,43.299999,55.860001000000004
2018-02-22,88.529999,59.959998999999996,87.27999100000001,67.725815,92.336311,186.830002,158.009995,139.119995,97.349998,31.571533000000002,54.274975,38.720001,55.169998,55.900002,536.680298,,76.269997,143.070007,109.694946,45.450001,74.91999799999999,96.66999799999999,159.863419,96.66999799999999,77.75,50.740002000000004,32.869999,260.69818100000003,15.73,52.963692,71.550003,32.939999,114.980003,20.427204,49.538403,77.029999,24.48,167.169998,46.630001,81.900002,54.860001000000004,188.747421,12.908642,78.199997,104.120003,19.43,61.850163,56.849998,157.600006,107.790001,238.17640699999998,19.222535999999998,90.08000200000001,52.029999,187.350006,69.949219,102.720001,36.330002,85.639999,110.41999799999999,137.639999,51.259997999999996,54.27,58.810001,156.529999,43.099998,54.720001
2018-02-23,89.57,60.07,88.559998,68.580711,93.89846,190.009995,160.279999,141.91000400000001,98.800003,31.910259000000003,55.314114000000004,39.310001,55.34,56.900002,546.846313,,77.08000200000001,144.009995,108.487862,46.43,75.800003,98.68,163.338928,99.040001,79.41999799999999,51.380001,33.450001,266.023254,15.99,53.779739,72.480003,33.189999,117.309998,20.865,50.277485,78.019997,24.969998999999998,169.300003,47.470001,83.57,56.07,192.741486,13.066667,80.480003,106.559998,19.690001000000002,62.623665,57.709998999999996,160.08999599999999,108.980003,241.698334,19.560997,91.470001,52.740002000000004,191.669998,70.89394399999999,104.5,37.150002,86.510002,112.300003,139.740005,51.73,55.490002000000004,59.169998,159.96000700000002,43.450001,55.68
2018-02-26,90.760002,59.009997999999996,88.440002,69.34614599999999,95.271561,194.860001,162.320007,143.300003,101.639999,32.298801,55.743759,39.84,55.990002000000004,58.18,560.99115,,77.650002,146.139999,111.061646,44.540001000000004,77.260002,99.66999799999999,166.20696999999998,100.75,80.43,51.959998999999996,33.759997999999996,270.500702,16.030001000000002,54.237526,73.540001,33.84,118.769997,21.18,50.667,78.41999799999999,25.02,170.199997,47.549999,84.690002,57.009997999999996,194.54431200000002,13.08642,81.660004,108.839996,19.719998999999998,63.446746999999995,58.849998,161.830002,110.120003,240.39502000000002,19.710318,92.599998,53.73,193.300003,71.599998,106.82,37.389998999999996,87.599998,114.150002,142.580002,52.41,55.84,59.970001,161.21000700000002,43.119999,56.290001000000004
2018-02-27,89.989998,58.23,87.349998,69.564842,93.54026,190.25,159.770004,142.46000700000002,99.58000200000001,32.209140999999995,54.904453000000004,39.16,55.610001000000004,57.990002000000004,549.850342,,76.379997,144.190002,109.924393,43.75,75.879997,98.610001,165.997849,99.25,79.559998,53.110001000000004,33.259997999999996,267.179993,15.82,53.55085,73.43,33.02,117.360001,21.16,50.18,78.220001,24.559998999999998,168.369995,47.220001,84.309998,56.720001,191.426743,12.908642,81.690002,107.589996,19.459999,63.040165,58.529999,160.229996,108.690002,241.937088,19.531133999999998,93.699997,53.799999,193.139999,70.57,107.16999799999999,36.810001,86.989998,112.389999,141.53999299999998,51.939999,55.009997999999996,59.209998999999996,161.009995,42.689999,55.740002000000004
2018-02-28,88.879997,57.34,85.470001,68.699997,91.79900400000001,189.360001,156.440002,140.320007,97.510002,31.979998,54.304951,38.669998,54.27,57.029999,546.527954,,75.489998,141.919998,111.74000500000001,43.490002000000004,74.589996,97.220001,165.470047,97.93,78.83000200000001,52.23,33.049999,262.929993,15.7,52.59547,73.08000200000001,32.540001000000004,115.5,21.129998999999998,49.330002,76.16999799999999,23.99,166.880005,46.189999,83.019997,56.02,189.08606,12.8,80.75,105.870003,19.139999,61.810501,57.580002,157.66000400000001,106.32,239.012131,19.322084,92.709999,53.02,191.800003,69.839996,106.150002,36.389998999999996,85.370003,111.900002,139.0,50.959998999999996,54.360001000000004,58.41,157.899994,42.310001,54.970001
2018-03-01,87.660004,56.470001,85.690002,68.370003,91.599998,185.369995,153.66000400000001,137.449997,95.139999,31.48,53.845333,38.360001000000004,53.470001,55.509997999999996,532.7511599999999,,73.660004,139.809998,111.360001,43.529999,73.339996,96.93,161.586227,96.510002,75.209999,51.189999,32.790001000000004,256.77999900000003,15.61,51.66,72.059998,31.809998999999998,113.43,21.0,48.650002,73.879997,23.639999,166.520004,45.73,81.82,54.490002000000004,188.100006,12.95,79.599998,103.66999799999999,19.16,60.68,57.790001000000004,155.990005,103.93,237.161636,19.172764,92.019997,52.049999,189.520004,69.089996,104.58000200000001,35.849998,83.16999799999999,110.08000200000001,138.970001,49.310001,53.169998,57.310001,154.990005,42.73,54.380001
2018-03-02,87.510002,56.509997999999996,86.440002,68.660004,91.610001,187.479996,150.91000400000001,138.490005,95.599998,31.629998999999998,54.245003000000004,38.790001000000004,51.950001,55.369999,534.740601,,73.68,139.860001,115.0,44.18,74.610001,98.290001,165.569626,96.720001,75.839996,51.52,32.91,258.119995,15.8,51.77,72.540001,32.209998999999996,113.32,21.34,48.82,73.730003,23.809998999999998,166.940002,45.5,82.620003,54.740002000000004,190.979996,13.16,80.589996,104.709999,19.440001000000002,61.09,57.580002,157.429993,105.599998,237.778458,19.381811,91.860001,52.630001,189.020004,69.620003,104.279999,35.93,82.959999,110.33000200000001,137.880005,49.150002,53.41,57.41,154.919998,43.299999,54.810001
2018-03-05,88.25,57.619999,88.660004,69.660004,92.889999,188.16000400000001,155.619995,141.380005,96.660004,32.130001,54.919998,39.380001,52.740002000000004,56.41,542.380005,,74.41999799999999,141.559998,115.349998,44.860001000000004,75.889999,98.849998,167.790375,97.900002,77.07,52.619999,33.360001000000004,263.119995,16.01,53.939999,72.68,32.669998,115.059998,21.450001,50.369999,74.900002,23.92,167.5,46.389998999999996,83.33000200000001,55.490002000000004,193.75,13.43,81.769997,106.360001,19.67,61.369999,58.790001000000004,158.71000700000002,106.220001,253.05001800000002,19.630679999999998,93.610001,53.610001000000004,190.369995,70.66999799999999,105.849998,36.23,84.110001,111.849998,139.580002,49.959998999999996,53.970001,57.59,156.919998,55.919998,55.709998999999996
2018-03-06,88.779999,58.029999,89.760002,69.610001,93.43,191.800003,155.570007,142.169998,96.07,32.110001000000004,55.25,39.599998,52.860001000000004,56.869999,548.659973,,74.059998,141.929993,118.16999799999999,45.32,76.040001,100.650002,168.885803,98.040001,76.809998,54.400002,33.66,266.929993,16.200001,54.419998,73.339996,33.119999,115.160004,21.700001,50.880001,75.849998,24.07,166.059998,47.07,83.540001,56.560001,195.33999599999999,13.48,83.910004,106.720001,19.9,61.59,58.619999,159.33999599999999,107.540001,254.69999700000002,19.809864,95.849998,54.73,190.990005,71.07,105.459999,36.200001,84.720001,113.360001,141.389999,49.959998999999996,54.169998,57.07,157.429993,55.91,56.540001000000004
2018-03-07,88.769997,57.310001,89.08000200000001,69.550003,93.389999,190.100006,155.740005,142.490005,95.639999,32.18,55.02,39.310001,52.380001,56.900002,547.429993,,73.91999799999999,140.639999,118.790001,45.439999,75.720001,101.16999799999999,167.880005,97.629997,76.629997,54.91,33.68,265.350006,16.280001000000002,54.27,73.239998,33.34,114.730003,21.969998999999998,50.939999,76.040001,24.0,166.759995,47.049999,83.800003,56.880001,195.190002,13.53,83.949997,107.620003,19.92,61.580002,58.419998,159.639999,107.309998,255.57000699999998,19.780001000000002,96.0,55.43,189.699997,71.470001,105.349998,36.299999,84.839996,113.089996,138.880005,49.939999,53.66,56.599998,158.850006,55.75,56.93
2018-03-08,89.989998,56.27,88.360001,70.050003,94.33000200000001,191.53999299999998,156.41000400000001,144.229996,96.589996,32.200001,55.02,39.52,51.849998,55.689999,553.3900150000001,,74.110001,141.91000400000001,119.889999,45.220001,75.260002,100.339996,168.440002,98.150002,77.099998,55.169998,33.669998,266.339996,16.16,54.360001000000004,74.300003,33.900002,114.739998,21.809998999999998,51.259997999999996,76.400002,23.98,168.369995,46.84,84.440002,56.959998999999996,194.690002,13.57,84.860001,107.769997,19.77,61.369999,59.02,159.490005,107.489998,257.309998,19.76,96.260002,55.91,192.5,71.32,106.18,36.84,85.620003,114.16999799999999,139.669998,49.630001,53.939999,56.720001,159.570007,55.799999,56.099998
