Date,AAPL,ADSK,AMZN,APTV,ATHN,BABA,BB,BCG,BIDU,BLUE,CERS,CGEN,CRM,EDIT,FB,FMI,GBTC,GOOG,HDP,ILMN,IONS,JD,JUNO,LC,MCRB,MDSO,MGTI,MTLS,NFLX,NSTG,NTDOY,NTLA,NVDA,NVTA,ONVO,PACB,PRLB,PYPL,RDFN,RHT,SFTBY,SPLK,SQ,SSYS,SYRS,TCEHY,TER,TREE,TSLA,TWOU,TWTR,VCYT,VLKAY,XLNX,XONE
2017-11-28,172.367249,129.949997,1193.599976,85.199097,128.570007,186.690002,10.93,6240.0,244.02999900000003,166.449997,3.93,2.6,106.459999,27.129998999999998,182.419998,50.799999,16.153955,1047.410034,19.82,226.27999900000003,52.93,38.57,56.990002000000004,4.36,10.36,67.839996,2.39,14.84,199.179993,8.21,53.220001,21.5,210.579132,8.55,1.54,3.0,95.400002,77.790001,22.860001,129.240005,44.029999,81.41999799999999,42.549999,22.700001,14.03,54.150002,42.902167999999996,305.950012,317.549988,67.449997,21.83,6.53,40.150002,71.792824,12.22
2017-11-29,168.791809,109.339996,1161.27002,85.475403,129.690002,179.91000400000001,10.65,6100.0,235.49000499999997,167.300003,3.91,2.48,103.529999,28.049999,175.130005,50.549999,17.175825,1021.659973,19.450001,227.479996,53.07,37.830002,54.48,4.51,10.24,64.980003,2.23,14.81,188.149994,7.72,50.900002,21.01,196.298004,8.52,1.62,3.12,95.949997,73.25,22.809998999999998,124.489998,43.540001000000004,79.489998,39.130001,22.110001,13.19,52.0,40.736599,297.799988,307.540009,63.98,20.790001,6.51,40.669998,69.017403,12.32
2017-11-30,171.152191,109.699997,1176.75,87.669899,132.889999,177.080002,10.77,6100.0,238.580002,172.800003,3.95,2.45,104.32,28.870001000000002,177.179993,53.200001,16.714285,1021.409973,19.01,230.02999900000003,55.490002000000004,37.450001,54.619999,4.37,10.5,66.639999,2.1,14.6,187.580002,7.65,50.98,22.52,200.585342,8.74,1.51,3.19,96.199997,75.730003,22.780001000000002,126.760002,42.450001,80.089996,39.220001,21.780001000000002,14.85,51.18,40.387318,301.950012,308.850006,64.099998,20.58,6.78,41.52,69.14672900000001,12.19
2017-12-01,170.355438,107.059998,1162.349976,86.69830300000001,132.66000400000001,174.610001,10.79,6100.0,235.07000699999998,171.100006,3.89,2.45,103.83000200000001,29.870001000000002,175.100006,62.599998,18.296703,1010.169983,19.030001000000002,225.24000499999997,56.93,37.27,56.700001,4.3,10.55,67.349998,2.25,14.89,186.820007,7.62,50.259997999999996,23.0,197.55722,8.7,1.65,3.03,94.5,75.300003,23.440001000000002,125.260002,41.990002000000004,79.699997,38.220001,21.709999,15.4,49.029999,40.028048999999996,304.299988,306.52999900000003,64.599998,20.709999,6.69,40.599998,67.883362,12.11
2017-12-04,169.11051899999998,107.949997,1133.949951,87.360001,134.509995,169.580002,10.44,6000.0,229.66000400000001,162.300003,3.73,2.35,99.849998,27.76,171.470001,62.25,20.05489,998.679993,18.190001000000002,213.44999700000002,52.259997999999996,36.75,54.66,4.37,9.9,64.790001,2.29,14.74,184.03999299999998,7.51,48.52,21.59,186.54406699999998,8.56,1.55,2.99,96.0,70.970001,24.690001000000002,120.309998,41.060001,77.68,36.869999,20.76,14.6,48.84,39.159828000000005,303.399994,305.200012,58.580002,20.4,6.63,40.360001000000004,67.803787,11.92
2017-12-05,168.95117199999999,106.589996,1141.569946,88.769997,133.850006,168.96000700000002,10.34,5920.0,231.75,162.649994,3.67,2.45,100.690002,27.290001,172.830002,58.900002,17.295385,1005.150024,18.66,211.059998,52.459998999999996,37.299999,53.200001,4.25,9.87,64.989998,2.2,15.24,184.21000700000002,7.29,47.75,21.16,187.623398,8.49,1.49,2.88,97.349998,71.199997,24.73,120.870003,41.209998999999996,78.010002,37.599998,21.43,13.4,48.02,39.588947,305.200012,303.700012,58.75,20.77,6.35,39.959998999999996,68.062424,11.66
2017-12-06,168.323715,106.91999799999999,1152.349976,85.360001,133.779999,172.630005,10.21,5920.0,231.149994,159.399994,3.61,2.42,102.91999799999999,25.174999,176.059998,58.299999,18.373627,1018.3800050000001,19.0,213.979996,52.540001000000004,37.82,54.560001,4.25,9.79,64.58000200000001,2.46,14.11,185.300003,7.46,48.389998999999996,20.620001000000002,189.142456,8.5,1.43,2.81,97.650002,73.139999,25.07,121.940002,41.07,80.449997,37.610001000000004,21.15,12.65,47.630001,39.878357,306.899994,313.26001,58.400002,21.09,6.29,39.049999,68.032578,11.4
2017-12-07,168.632477,109.610001,1159.790039,84.379997,135.550003,174.470001,10.29,5910.0,233.00999500000003,167.899994,3.65,2.5,104.07,25.780001000000002,180.139999,62.25,20.000110999999997,1030.930054,19.190001000000002,214.669998,53.93,38.130001,56.73,3.59,10.06,65.470001,2.73,14.05,185.199997,7.4,49.84,21.139999,191.870758,8.68,1.43,2.77,96.900002,73.690002,24.32,123.800003,41.639998999999996,80.550003,38.73,21.52,12.875,48.599998,40.217663,311.25,311.23999,61.450001,21.01,6.41,39.5,68.63938900000001,11.46
2017-12-08,168.682251,107.160004,1162.0,85.220001,131.860001,177.619995,10.25,5910.0,234.58999599999999,171.149994,3.64,2.45,103.440002,24.959999,179.0,67.099998,18.130770000000002,1037.050049,19.24,217.649994,54.599998,38.009997999999996,58.650002,3.51,10.2,66.230003,2.74,13.68,188.53999299999998,7.55,48.299999,21.219998999999998,191.371078,8.64,1.39,2.77,95.099998,72.910004,24.110001,125.290001,41.619999,80.41999799999999,38.09,21.27,12.37,50.48,40.427231,315.049988,315.130005,60.290001000000004,21.1,6.46,40.099998,68.18180100000001,11.01
2017-12-11,171.968857,106.83000200000001,1168.920044,85.889999,131.850006,179.28999299999998,10.56,5910.0,233.539993,201.800003,3.62,2.5,104.540001,23.6,179.03999299999998,63.799999,20.332307999999998,1041.099976,19.58,214.11000099999998,53.139998999999996,38.459998999999996,50.240002000000004,3.89,10.19,66.459999,3.27,12.97,186.220001,7.54,48.98,19.139999,194.539108,8.45,1.39,2.74,94.0,73.290001,24.540001,126.620003,41.779999,81.389999,38.299999,20.940001000000002,8.45,52.130001,40.377334999999995,308.899994,328.910004,61.799999,22.049999,6.46,40.48,68.02262900000001,10.4
2017-12-12,171.002792,106.33000200000001,1165.079956,85.66999799999999,131.470001,174.639999,10.66,6250.0,232.729996,190.949997,3.62,2.5,103.66999799999999,23.58,176.96000700000002,62.450001,24.978022,1040.47998,19.76,212.63999900000002,53.349998,38.560001,45.75,4.21,9.85,66.379997,3.85,12.3,185.729996,7.55,48.029999,18.295,190.721466,8.21,1.38,2.77,95.849998,73.620003,26.940001000000002,125.75,41.459998999999996,80.16999799999999,38.080002,21.52,9.52,50.490002000000004,40.866333000000004,312.649994,341.02999900000003,62.549999,21.65,6.44,40.200001,67.32629399999999,10.38
2017-12-13,171.570496,106.019997,1164.130005,83.559998,132.220001,176.470001,10.65,6680.0,233.24000499999997,184.899994,3.8,2.5,103.940002,24.370001000000002,178.300003,61.75,25.65934,1040.609985,20.27,214.55000299999998,53.57,40.799999,47.41,4.02,10.08,66.82,3.96,12.63,187.860001,7.8,48.73,17.709999,186.06436200000002,8.46,1.42,2.74,99.300003,74.089996,24.290001,126.489998,41.490002000000004,80.440002,36.189999,21.59,9.08,51.25,40.746582000000004,325.600006,339.02999900000003,64.230003,21.66,6.37,40.049999,67.674461,10.21
2017-12-14,171.520691,106.25,1174.26001,83.050003,133.800003,171.75,10.67,7000.0,231.82000699999998,184.350006,3.71,2.5,104.239998,24.42,178.389999,59.400002,26.098791000000002,1049.150024,19.860001,210.850006,51.560001,40.630001,44.169998,3.99,9.84,64.360001,3.81,12.51,189.559998,7.71,47.779999,17.389999,186.35418700000002,8.33,1.38,2.74,98.949997,74.260002,25.299999,126.129997,40.369999,81.190002,37.009997999999996,21.68,8.98,50.540001000000004,40.936192,334.700012,337.890015,63.84,22.58,6.295,40.27,67.714256,9.52
2017-12-15,173.26358000000002,108.400002,1179.140015,84.400002,135.970001,173.550003,10.84,6550.0,233.479996,182.949997,3.69,2.8,105.480003,25.0,180.179993,58.450001,29.659340000000004,1064.189941,19.959999,216.55000299999998,52.43,40.32,44.68,4.03,9.95,66.639999,4.2,13.68,190.119995,7.84,48.259997999999996,18.370001000000002,191.441025,8.55,1.41,2.66,100.349998,75.650002,26.01,128.779999,40.029999,82.459999,37.029999,22.450001,8.99,50.310001,41.794434,344.350006,343.450012,65.510002,22.23,6.44,39.950001,67.624725,9.11
2017-12-18,175.703629,107.480003,1190.579956,84.239998,135.759995,173.369995,10.94,6540.0,240.92999300000002,184.350006,3.71,2.8,105.08000200000001,25.120001000000002,180.820007,63.700001,38.054947,1077.140015,20.99,217.289993,52.290001000000004,41.68,43.669998,4.14,10.2,65.769997,5.71,13.8,190.419998,7.73,47.939999,18.540001,197.777084,8.55,1.45,2.74,105.800003,75.32,25.9,129.440002,40.560001,83.540001,37.75,21.85,9.89,51.099998,42.283432,352.5,338.869995,67.209999,24.68,6.54,40.759997999999996,69.176575,9.05
2017-12-19,173.831268,105.389999,1187.380005,85.620003,133.940002,171.279999,10.87,6220.0,235.61999500000002,182.100006,3.6,2.75,104.260002,24.58,179.509995,64.0,33.197693,1070.680054,20.1,214.74000499999997,50.93,42.970001,43.75,4.05,10.14,65.699997,7.1,13.73,187.020004,7.65,47.060001,18.190001000000002,195.988205,8.56,1.46,2.84,104.900002,74.5,26.25,128.860001,39.98,84.209999,36.919998,21.440001000000002,9.5,50.869999,42.373249,337.450012,331.100006,66.75,25.08,6.6,41.009997999999996,69.435211,9.09
2017-12-20,173.642044,105.029999,1177.619995,85.870003,134.110001,172.639999,12.17,6050.0,233.36999500000002,185.25,3.64,2.8,103.389999,24.889999,177.889999,64.349998,26.186757999999998,1064.949951,20.23,216.440002,50.73,42.16,44.709998999999996,4.09,10.47,66.059998,6.36,14.04,188.820007,8.24,46.34,17.65,196.67778,9.1,1.48,2.9,103.0,74.0,26.48,122.0,39.77,83.620003,35.66,21.27,9.5,50.650002,42.912144,337.549988,328.980011,64.360001,25.200001,6.71,40.509997999999996,68.62944,8.77
2017-12-21,174.299362,104.43,1174.76001,84.980003,132.990005,175.320007,11.8,6250.0,239.49000499999997,185.350006,3.64,2.8,103.620003,26.709999,177.449997,62.599998,19.472527,1063.630005,20.459999,214.57000699999998,51.400002,42.27,45.029999,4.11,10.13,65.690002,5.06,13.11,188.619995,7.93,46.630001,18.280001000000002,195.768341,9.23,1.49,2.86,103.400002,74.019997,27.25,123.129997,39.84,83.910004,35.869999,21.379998999999998,9.51,51.849998,42.892185,338.149994,331.660004,63.549999,25.049999,6.68,40.59,68.012688,8.82
2017-12-22,174.299362,103.889999,1168.359985,84.790001,134.600006,176.28999299999998,11.6,6200.0,239.05000299999998,179.550003,3.64,2.8,102.629997,28.43,177.199997,66.099998,21.868132,1060.119995,20.190001000000002,215.72000099999997,50.860001000000004,42.189999,46.0,4.11,10.15,65.940002,4.88,12.66,189.940002,7.85,46.68,18.809998999999998,195.148727,9.1,1.45,2.67,101.5,73.889999,27.0,122.91999799999999,39.740002000000004,82.75,35.139998999999996,20.83,10.04,52.220001,42.702576,341.950012,325.200012,63.040001000000004,24.459999,6.51,40.580002,67.565033,8.71
2017-12-26,169.877396,103.800003,1176.76001,84.879997,135.649994,172.330002,11.28,6110.0,237.830002,181.100006,3.51,2.65,102.540001,29.26,175.990005,67.199997,25.934067000000002,1056.73999,20.42,214.210007,50.73,42.139998999999996,46.41,4.21,10.25,65.68,5.345,12.5,187.759995,7.69,45.779999,19.389999,197.317383,9.28,1.45,2.61,100.849998,74.269997,27.32,120.610001,39.389998999999996,82.269997,35.049999,20.450001,9.79,52.049999,42.033943,343.700012,317.290009,63.400002,24.26,6.33,40.869999,67.24670400000001,8.95
2017-12-27,169.907272,104.58000200000001,1182.26001,84.730003,135.869995,172.970001,11.22,6190.0,237.710007,179.899994,3.41,2.6,102.650002,29.9,177.619995,67.949997,23.626373,1049.369995,20.51,215.460007,50.880001,42.290001000000004,46.810001,4.12,10.21,65.120003,4.89,12.39,186.240005,7.76,46.400002,19.370001000000002,197.04754599999998,9.57,1.36,2.59,101.949997,74.589996,27.9,121.220001,39.450001,82.589996,35.75,20.51,9.9,51.529999,42.213573,336.649994,311.640015,63.720001,24.23,6.43,40.419998,67.555092,9.07
2017-12-28,170.385315,105.07,1186.099976,85.559998,134.139999,172.300003,11.35,6170.0,234.74000499999997,179.699997,3.46,2.65,102.790001,31.34,177.919998,68.849998,21.285715,1048.140015,20.27,217.520004,50.720001,41.630001,47.41,4.18,10.31,65.029999,4.53,12.69,192.71000700000002,7.64,45.400002,20.389999,197.27739,9.54,1.35,2.7,103.050003,74.16999799999999,29.49,121.129997,39.68,82.290001,35.130001,20.02,9.88,51.900002,42.493004,342.950012,315.359985,64.480003,24.309998999999998,6.4,40.689999,68.14200600000001,8.67
2017-12-29,168.542831,104.83000200000001,1169.469971,84.83000200000001,133.03999299999998,172.429993,11.17,6170.0,234.210007,178.100006,3.38,2.5,102.230003,30.73,176.46000700000002,68.199997,22.153847,1046.400024,20.110001,218.49000499999997,50.299999,41.419998,45.709998999999996,4.13,10.14,63.369999,4.76,12.71,191.96000700000002,7.47,45.07,19.219998999999998,193.379822,9.08,1.34,2.64,103.0,73.620003,31.32,120.099998,39.759997999999996,82.839996,34.669998,19.959999,9.73,51.919998,41.784454,340.450012,311.350006,64.510002,24.01,6.53,40.439999,67.06765,8.4
2018-01-02,171.56051599999998,107.120003,1189.01001,86.110001,135.899994,183.649994,12.02,6130.0,242.399994,181.899994,3.56,2.7,104.410004,34.32,181.419998,62.599998,24.851648,1065.0,21.02,224.02999900000003,49.25,43.279999,47.349998,4.29,10.55,64.599998,4.85,12.4,201.070007,7.8,45.900002,21.51,199.226196,9.34,1.39,2.79,103.849998,73.839996,31.07,121.040001,40.639998999999996,86.629997,36.169998,20.74,9.98,54.5,44.089733,340.25,320.52999900000003,63.130001,24.51,6.72,40.790001000000004,67.525246,8.87
2018-01-03,171.53063999999998,109.379997,1204.199951,87.540001,135.369995,184.0,13.53,6100.0,245.55000299999998,179.75,3.59,2.7,105.290001,33.330002,184.669998,63.049999,24.78022,1082.47998,21.27,230.32000699999998,50.02,43.509997999999996,48.09,4.19,10.79,65.910004,4.75,12.36,205.050003,7.81,46.939999,22.209999,212.33804300000003,9.53,1.37,2.69,104.25,76.75,28.200001,123.059998,40.970001,88.160004,37.310001,21.200001,9.54,54.790001000000004,44.279346000000004,350.350006,317.25,63.209998999999996,24.450001,6.69,41.259997999999996,68.878136,9.05
2018-01-04,172.327393,112.07,1209.589966,88.910004,135.100006,185.71000700000002,13.37,6060.0,245.729996,177.100006,3.72,2.73,106.68,33.919998,184.330002,64.949997,24.21978,1086.400024,20.84,232.99000499999997,49.48,43.669998,47.709998999999996,4.1,10.6,64.790001,4.42,12.25,205.630005,8.13,48.540001000000004,22.02,213.457336,9.82,1.39,2.71,105.349998,76.730003,27.34,123.980003,41.34,87.949997,38.099998,21.139999,10.05,55.540001000000004,44.488918,352.100006,314.619995,64.16999799999999,23.99,6.7,42.470001,70.121605,9.27
2018-01-05,174.289398,110.839996,1229.140015,91.57,134.050003,190.699997,13.83,6030.0,245.13999900000002,175.0,3.84,2.6,108.099998,33.59,186.850006,65.699997,25.690989000000002,1102.22998,20.74,228.169998,49.889998999999996,45.639998999999996,48.0,4.07,10.61,64.870003,4.75,12.12,209.99000499999997,8.25,47.43,22.709999,215.26622000000003,10.05,1.38,2.77,106.25,78.699997,28.200001,124.139999,41.580002,87.879997,41.139998999999996,21.110001,9.95,55.869999,45.516815,356.049988,316.579987,63.700001,24.32,6.62,43.200001,73.76248199999999,9.51
2018-01-08,173.642044,111.41999799999999,1246.869995,91.93,135.770004,190.330002,14.12,5950.0,250.82000699999998,170.100006,4.24,2.55,108.860001,30.02,188.279999,66.099998,24.227802,1106.939941,19.969998999999998,227.059998,51.66,46.099998,49.349998,4.1,10.24,64.599998,4.5,12.13,212.05000299999998,8.39,47.57,20.030001000000002,221.86212200000003,8.63,1.36,2.72,107.349998,79.050003,27.68,125.209999,41.419998,89.980003,40.759997999999996,21.209999,9.77,56.470001,46.095627,357.0,336.410004,63.360001000000004,24.59,6.58,43.220001,74.249916,9.66
2018-01-09,173.622116,112.110001,1252.699951,92.75,136.490005,190.800003,14.4,5990.0,254.729996,169.5,4.23,2.55,109.150002,31.17,187.869995,68.150002,23.736263,1106.26001,19.639999,242.80000299999998,53.849998,46.130001,49.209998999999996,3.99,10.02,65.16999799999999,4.34,12.79,209.309998,8.09,47.990002000000004,19.879998999999998,221.80215499999997,9.18,1.39,2.73,106.550003,79.190002,26.93,124.150002,41.189999,89.470001,40.880001,21.34,10.39,57.060001,45.317223,360.600006,333.690002,64.900002,24.17,6.68,43.290001000000004,74.448868,9.7
2018-01-10,173.582275,111.470001,1254.329956,90.459999,136.059998,189.78999299999998,13.67,6000.0,248.94999700000002,171.949997,4.25,2.75,108.800003,31.620001000000002,187.83999599999999,69.650002,21.54945,1102.609985,20.549999,242.58999599999999,53.75,46.450001,48.939999,4.18,10.48,64.739998,3.9777,13.6,212.520004,8.19,49.369999,20.16,223.541077,9.3,1.41,2.63,105.550003,79.370003,27.32,124.510002,41.07,88.970001,40.84,21.620001000000002,10.73,56.02,44.199512,362.649994,334.799988,65.41999799999999,24.25,6.81,42.400002,73.712738,9.84
2018-01-11,174.568268,113.260002,1276.680054,92.059998,132.649994,188.75,13.45,6000.0,250.22000099999997,171.649994,4.37,2.7,109.099998,32.349998,187.770004,68.699997,18.769285,1105.52002,20.83,240.039993,53.169998,46.610001000000004,50.09,4.33,10.63,65.839996,3.8623,13.91,217.24000499999997,8.34,49.709998999999996,20.92,223.940826,8.91,1.4,2.52,107.300003,79.75,26.93,126.160004,41.060001,89.449997,42.299999,22.290001,10.65,55.349998,44.439018,362.299988,337.950012,67.699997,24.35,6.75,43.279999,73.95148499999999,9.74
2018-01-12,176.370911,115.910004,1305.199951,92.910004,129.470001,187.78999299999998,13.65,5990.0,253.039993,170.699997,4.32,2.8,110.239998,32.0,179.369995,67.099998,21.648352,1122.26001,21.34,244.72000099999997,53.220001,46.400002,48.75,4.27,10.52,66.900002,4.175,13.78,221.229996,8.32,50.400002,21.450001,222.84150699999998,7.58,1.39,2.72,109.349998,80.540001,26.59,125.949997,40.349998,89.639999,41.25,23.24,10.51,56.919998,44.508877000000005,364.0,336.22000099999997,69.32,25.41,6.63,44.34,74.269814,9.92
2018-01-16,175.474579,111.980003,1304.859985,92.559998,128.21000700000002,182.399994,13.81,5980.0,257.77999900000003,163.350006,4.01,2.5,108.889999,30.02,178.389999,64.400002,19.076923,1121.76001,20.450001,241.419998,51.049999,46.459998999999996,45.599998,4.12,10.09,67.199997,3.64,13.18,221.52999900000003,8.16,49.98,20.530001000000002,219.97329700000003,7.26,1.36,2.65,107.050003,80.41999799999999,26.1,124.589996,42.049999,87.129997,39.32,23.299999,10.52,56.400002,45.217426,360.0,340.059998,69.0,24.66,6.26,45.349998,73.38446,9.55
2018-01-17,178.372757,113.0,1295.0,93.559998,126.18,183.830002,13.67,5980.0,255.49000499999997,175.25,4.16,2.75,110.040001,30.379998999999998,177.600006,66.949997,17.978022,1131.97998,20.66,242.05000299999998,51.610001000000004,46.610001000000004,69.25,4.14,10.2,66.110001,3.961,13.85,217.5,8.33,51.529999,20.5,224.580429,6.77,1.37,2.73,108.599998,82.470001,26.17,126.599998,42.279999,90.57,40.060001,22.4,10.82,57.919998,46.664463,372.75,347.160004,69.470001,24.559998999999998,6.48,45.0,75.463539,9.72
2018-01-18,178.532104,112.550003,1293.319946,93.099998,125.529999,184.399994,13.25,5990.0,254.960007,182.100006,4.11,3.25,111.769997,29.84,179.800003,66.349998,20.406593,1129.790039,20.440001000000002,241.309998,49.689999,45.900002,71.370003,4.15,10.25,66.559998,4.0823,12.99,220.330002,8.33,52.689999,19.950001,224.300613,7.03,1.37,2.7,108.5,82.940002,26.950001,125.470001,41.650002,91.43,40.27,22.790001,10.53,57.419998,47.093582,372.5,344.570007,70.889999,24.040001,6.4,44.959998999999996,75.90124499999999,9.75
2018-01-19,177.735352,115.290001,1294.579956,93.519997,128.330002,184.050003,13.31,5990.0,255.979996,175.949997,4.12,3.0,111.93,30.4,181.28999299999998,67.25,19.428901999999997,1137.51001,20.42,243.55000299999998,50.220001,46.02,67.809998,4.02,10.57,66.860001,3.93,13.39,220.460007,8.33,54.700001,19.43,229.96708700000002,7.14,1.41,2.65,111.699997,83.839996,26.08,125.940002,41.650002,89.940002,42.560001,22.82,10.8,58.200001,47.323112,383.700012,350.019989,72.379997,23.66,6.53,45.700001,75.314323,10.02
2018-01-22,176.281281,117.43,1327.310059,93.550003,128.740005,184.020004,13.28,,254.33999599999999,194.649994,4.19,3.13,112.889999,34.619999,185.369995,70.150002,18.527473,1155.810059,20.129998999999998,245.190002,51.700001,45.259997999999996,86.0,4.06,10.81,67.019997,3.59,13.5,227.580002,8.47,54.830002,21.66,233.544861,7.25,1.38,2.68,112.400002,83.980003,23.959999,128.009995,41.98,91.410004,45.290001000000004,22.690001000000002,11.07,59.48,47.672401,387.399994,351.559998,73.949997,23.32,6.5,46.529999,75.045738,10.31
2018-01-23,176.32110600000001,118.730003,1362.540039,92.83000200000001,129.259995,192.279999,13.53,,257.350006,200.199997,4.33,3.2,113.239998,34.799999,189.350006,72.099998,18.160989999999998,1169.969971,20.389999,242.940002,51.82,45.18,85.860001,4.21,11.16,69.41999799999999,3.73,13.66,250.289993,8.44,55.900002,22.639999,238.761627,7.58,1.4,2.79,112.449997,84.209999,23.17,128.149994,42.950001,92.41999799999999,45.009997999999996,22.68,11.06,60.849998,48.321071999999994,402.600006,352.790009,73.760002,22.75,6.9,45.91,75.145218,10.23
2018-01-24,173.512573,116.900002,1357.51001,93.540001,128.28999299999998,195.529999,13.25,,257.959991,207.449997,5.01,3.25,112.849998,33.880001,186.550003,69.75,18.352198,1164.23999,19.98,242.49000499999997,53.34,46.740002000000004,85.790001,4.1,10.96,69.610001,3.61,13.94,261.299988,8.42,55.07,22.139999,235.65354900000003,7.31,1.36,2.7,110.849998,83.709999,22.120001000000002,128.889999,42.889998999999996,92.160004,44.32,22.469998999999998,10.93,60.099998,46.694404999999996,362.5,345.890015,72.839996,22.370001000000002,6.83,45.869999,73.095985,10.39
2018-01-25,170.415192,116.870003,1377.949951,92.489998,128.070007,198.330002,13.05,5980.0,254.13999900000002,203.899994,4.94,3.18,111.959999,34.23,187.479996,73.150002,18.516482999999997,1170.369995,19.84,243.38999900000002,52.369999,47.380001,85.75,4.08,11.05,69.860001,3.68,13.54,269.700012,8.4,54.82,22.780001000000002,236.203217,7.03,1.37,3.23,111.150002,84.339996,22.309998999999998,130.899994,42.669998,91.849998,45.119999,22.379998999999998,11.0,59.040001000000004,44.708465999999994,367.100006,337.640015,73.540001,22.16,6.97,45.240002000000004,69.37552600000001,10.37
2018-01-26,170.813568,117.779999,1402.050049,94.480003,131.220001,205.220001,13.43,5950.0,260.25,200.25,4.99,3.2,113.699997,35.959998999999996,190.0,73.599998,18.076923,1175.839966,20.530001000000002,244.830002,52.950001,50.5,85.720001,4.08,11.02,71.739998,3.25,13.76,274.600006,8.32,56.009997999999996,24.709999,243.178879,7.05,1.38,2.94,111.300003,85.449997,23.01,135.220001,42.52,92.470001,45.970001,22.290001,10.72,60.959998999999996,47.602543,363.100006,342.850006,75.5,24.27,6.95,45.639998999999996,71.56403399999999,10.31
2018-01-29,167.278,116.379997,1417.680054,94.889999,129.220001,203.009995,13.0,5950.0,253.729996,202.350006,4.88,3.3,113.300003,40.700001,185.979996,72.849998,19.139999,1175.579956,19.950001,241.77999900000003,52.959998999999996,49.939999,85.559998,4.01,10.95,70.43,3.07,13.65,284.589996,8.13,54.73,26.809998999999998,246.696686,7.19,1.48,3.04,110.199997,84.309998,21.290001,132.949997,41.77,91.510002,45.43,21.959999,10.69,59.82,46.764259,362.25,349.52999900000003,73.82,25.18,6.95,45.380001,71.802773,9.85
2018-01-30,166.292007,115.019997,1437.819946,94.629997,127.589996,199.66000400000001,12.58,5950.0,244.07000699999998,203.800003,4.76,3.15,112.230003,39.259997999999996,187.119995,71.900002,17.51,1163.689941,19.940001000000002,241.17999300000002,52.759997999999996,49.259997999999996,85.739998,3.84,10.42,69.160004,2.71,13.47,278.799988,7.96,53.380001,25.98,242.56926,7.0,1.4,2.89,109.25,83.779999,20.43,131.46000700000002,41.299999,90.790001,45.52,21.379998999999998,10.45,58.43,46.235344,367.75,345.820007,75.129997,25.620001000000002,6.49,44.509997999999996,71.753029,9.77
2018-01-31,166.75013700000002,115.620003,1450.890015,94.879997,125.309998,204.28999299999998,12.66,5850.0,246.919998,204.899994,4.43,3.0,113.910004,36.509997999999996,186.889999,69.400002,15.59,1169.939941,19.950001,232.63999900000002,52.52,49.23,85.809998,3.66,10.1,68.110001,2.56,12.84,270.299988,7.52,57.080002,25.700001,245.64733900000002,6.89,1.4,2.84,109.349998,85.32,20.299999,131.380005,41.650002,92.370003,46.91,21.389999,9.58,59.169998,45.746342,367.850006,354.309998,74.269997,25.809998999999998,6.39,44.439999,72.638382,9.82
2018-02-01,167.098724,115.57,1390.0,96.019997,124.910004,192.220001,12.9,,240.52999900000003,205.25,4.37,2.7,112.739998,36.57,193.08999599999999,70.650002,13.11,1167.699951,19.809998999999998,230.289993,52.689999,47.549999,85.57,3.82,9.97,67.82,2.24,13.16,265.070007,7.24,55.150002,26.15,240.350632,6.53,1.45,2.82,110.699997,78.400002,19.700001,130.619995,40.91,92.349998,44.450001,21.360001,9.53,57.91,45.766304,370.600006,349.25,73.529999,27.139999,6.29,44.400002,72.111153,9.78
2018-02-02,159.848282,111.639999,1429.949951,94.209999,142.25,187.309998,12.41,,233.169998,198.899994,4.37,2.7,110.779999,34.75,190.279999,67.800003,12.0,1111.900024,19.52,220.17999300000002,51.110001000000004,46.029999,85.599998,3.66,9.46,68.230003,2.61,12.55,267.429993,6.95,52.52,23.525,233.374969,6.52,1.41,2.7,108.949997,76.57,19.76,128.009995,40.169998,91.230003,43.610001000000004,20.209999,9.47,55.799999,44.329243,350.700012,343.75,72.5,25.92,6.28,43.099998,70.270821,8.95
2018-02-05,155.854568,109.18,1390.0,91.139999,141.300003,180.529999,11.86,,225.32000699999998,192.300003,3.99,2.55,107.650002,33.98,181.259995,69.849998,10.05,1055.800049,18.98,213.0,48.610001000000004,44.599998,85.620003,3.62,8.94,65.550003,2.32,12.6,254.25999500000003,6.7,51.490002000000004,22.950001,213.56727599999996,6.06,1.39,2.57,105.800003,74.70500200000001,19.66,127.050003,38.369999,89.589996,41.02,19.459999,9.87,54.0,42.88221,348.600006,333.130005,69.099998,25.129998999999998,5.91,39.970001,66.620003,8.38
2018-02-06,162.36801100000002,112.620003,1442.839966,92.599998,132.759995,185.169998,12.0,,228.770004,197.899994,3.99,2.65,109.57,35.07,185.309998,72.5,12.31,1080.599976,18.83,220.80000299999998,50.919998,45.049999,85.489998,3.67,8.7,65.440002,2.78,12.44,265.72000099999997,6.8,52.450001,24.030001000000002,225.439896,6.22,1.39,2.6,107.0,75.68,22.030001000000002,128.679993,38.75,88.91999799999999,41.610001000000004,20.1,10.0,55.209998999999996,43.061840000000004,340.5,333.97000099999997,69.43,25.24,6.15,42.25,68.989998,8.36
2018-02-07,158.892166,110.540001,1416.780029,93.690002,134.080002,180.300003,11.75,,222.5,202.899994,4.07,2.68,110.050003,36.669998,180.179993,70.5,13.69,1048.579956,19.4,221.19999700000002,50.259997999999996,44.389998999999996,85.900002,3.8,9.08,66.379997,3.0,12.98,264.559998,6.69,51.650002,25.65,228.657898,6.37,1.37,2.61,107.300003,75.589996,23.0,128.809998,40.349998,89.110001,41.669998,20.379998999999998,10.63,53.400002,41.89423,352.549988,345.0,69.760002,26.91,6.0,42.049999,66.970001,8.76
2018-02-08,154.520004,104.809998,1350.5,89.269997,127.269997,173.699997,11.41,,212.07000699999998,190.800003,3.95,2.55,104.029999,33.279999,171.580002,66.5,13.945,1001.5200199999999,18.84,209.53999299999998,47.470001,42.25,85.550003,3.7,8.58,62.610001000000004,2.9,12.11,250.100006,6.5,49.299999,23.190001000000002,217.38490299999998,6.17,1.32,2.53,108.0,72.32,22.040001,124.650002,38.82,85.940002,39.5,19.809998999999998,9.93,51.299999,39.588947,333.899994,315.230011,68.059998,30.18,5.65,40.549999,62.82,8.42
2018-02-09,156.41000400000001,105.940002,1339.599976,88.559998,131.070007,176.669998,11.61,,215.669998,191.800003,3.93,2.7,106.980003,33.689999,176.110001,64.849998,14.34,1037.780029,17.15,217.190002,46.75,42.93,85.690002,3.7,8.45,64.970001,2.65,11.65,249.47000099999997,6.72,50.240002000000004,23.48,231.935867,6.24,1.23,2.43,105.900002,74.75,22.08,126.839996,40.290001000000004,86.83000200000001,39.57,19.620001000000002,9.63,52.200001,41.18568,339.549988,310.420013,69.139999,31.51,5.69,41.439999,65.379997,8.21
2018-02-12,162.71000700000002,108.379997,1386.22998,91.440002,132.570007,177.440002,11.73,,221.63999900000002,197.5,3.85,2.7,108.550003,32.849998,176.41000400000001,63.700001,14.87,1051.939941,18.01,221.02999900000003,46.529999,43.720001,85.839996,3.75,8.68,62.48,2.51,12.05,257.950012,6.68,51.25,24.48,227.888367,6.29,1.15,2.54,105.75,75.279999,22.67,129.320007,41.099998,88.68,39.919998,19.860001,10.13,53.549999,41.944126000000004,348.649994,315.730011,70.41999799999999,30.950001,5.75,41.93,65.120003,8.49
2018-02-13,164.33999599999999,109.790001,1414.51001,90.769997,130.399994,179.25,11.77,,225.600006,199.600006,4.0,2.9,107.690002,33.099998,173.149994,62.849998,14.39,1052.099976,17.52,220.440002,47.59,44.549999,86.08000200000001,3.75,8.63,62.48,2.38,12.16,258.269989,6.65,51.790001000000004,24.540001,232.48551899999998,6.09,1.09,2.47,106.449997,74.970001,22.0,132.029999,41.75,88.779999,42.110001000000004,20.209999,10.39,54.799999,40.397293,355.549988,323.660004,72.660004,33.439999,5.57,42.110001000000004,65.290001,8.45
2018-02-14,167.369995,109.91999799999999,1451.050049,92.690002,137.740005,186.759995,12.1,,235.88999900000002,207.25,4.13,3.1,109.019997,34.59,179.520004,65.599998,16.440001000000002,1069.699951,17.950001,223.11000099999998,48.34,46.860001000000004,85.82,3.94,8.87,63.57,2.59,11.9,266.0,6.87,52.82,25.799999,241.27005,6.16,1.13,2.47,108.800003,77.269997,22.59,134.190002,41.77,92.349998,41.849998,20.76,10.24,56.580002,42.622738,372.25,322.309998,73.739998,33.75,5.44,42.68,66.860001,8.31
2018-02-15,172.990005,113.519997,1461.76001,93.33000200000001,141.240005,187.449997,12.12,,248.19999700000002,208.649994,4.12,3.0,113.120003,34.790001000000004,179.96000700000002,68.949997,18.639999,1089.52002,18.459999,229.13000499999998,49.779999,47.110001000000004,85.449997,3.94,9.24,66.769997,2.54,11.96,280.269989,6.79,54.049999,25.6,246.34690899999998,6.19,1.1,2.54,113.75,78.29499799999999,22.73,140.070007,41.419998,96.349998,44.290001000000004,21.17,10.26,58.619999,43.371204,376.100006,334.070007,75.989998,33.610001000000004,5.61,42.599998,67.220001,8.3
2018-02-16,172.429993,112.949997,1448.689941,92.400002,138.820007,183.679993,12.06,,244.72000099999997,213.350006,4.13,3.1,112.860001,33.82,177.360001,74.900002,17.76,1094.800049,18.190001000000002,229.19999700000002,50.049999,46.419998,85.099998,3.95,9.42,67.980003,2.38,11.99,278.519989,7.0,54.150002,25.030001000000002,243.68855299999998,6.48,1.09,2.57,115.75,78.370003,22.950001,142.71000700000002,41.75,92.639999,44.110001000000004,21.030001000000002,10.09,58.220001,43.221512,378.950012,335.48999,75.940002,33.060001,5.7,42.540001000000004,67.089996,8.27
2018-02-20,171.850006,114.269997,1468.349976,92.339996,135.470001,187.190002,12.11,,245.42999300000002,205.449997,4.16,3.05,114.349998,33.279999,176.009995,76.599998,19.99,1102.459961,18.219998999999998,226.57000699999998,49.990002000000004,46.93,84.980003,4.13,9.43,67.589996,2.37,11.46,278.549988,6.82,54.25,24.940001000000002,248.925308,6.23,1.07,2.48,114.5,77.059998,21.9,144.320007,41.639998999999996,93.68,44.93,21.35,10.05,57.470001,44.808265999999996,379.049988,334.769989,76.139999,32.84,5.66,41.0,69.190002,8.33
2018-02-21,171.070007,112.370003,1482.920044,92.550003,136.869995,188.820007,12.2,,246.919998,207.399994,4.18,3.25,114.480003,34.490002000000004,177.91000400000001,75.75,17.860001,1111.339966,18.360001,227.91000400000001,49.860001000000004,47.16,86.639999,3.9,9.51,67.5,2.28,12.42,281.040009,6.68,55.310001,25.950001,241.36000099999998,6.33,1.05,2.56,115.150002,76.510002,21.299999,143.419998,41.139998999999996,92.849998,44.099998,21.49,10.18,58.099998,43.959998999999996,371.25,333.299988,77.41999799999999,33.380001,5.7,40.43,68.459999,8.4
2018-02-22,172.5,112.389999,1485.339966,92.940002,138.220001,188.75,11.91,,249.350006,201.199997,4.27,3.35,113.0,35.110001000000004,178.990005,73.75,16.92,1106.630005,18.51,226.74000499999997,49.880001,47.810001,86.559998,3.75,9.66,66.459999,2.24,11.9,278.140015,6.84,55.200001,25.57,242.149994,6.43,1.03,2.48,115.400002,77.699997,21.57,144.66000400000001,41.0,93.209999,44.900002,21.25,9.97,57.630001,43.990002000000004,341.049988,346.170013,78.040001,32.110001000000004,5.69,40.889998999999996,68.93,8.37
2018-02-23,175.5,115.029999,1500.0,93.059998,139.880005,193.28999299999998,12.55,,250.74000499999997,206.050003,4.22,3.4,114.959999,35.889998999999996,183.28999299999998,77.650002,17.209999,1126.790039,18.059998999999998,233.83999599999999,51.029999,48.349998,86.58000200000001,3.35,9.81,67.33000200000001,2.24,12.02,285.929993,6.9,56.91,26.120001000000002,245.92999300000002,6.53,1.01,2.46,115.849998,79.690002,20.959999,146.619995,42.049999,95.120003,44.860001000000004,21.440001000000002,10.45,58.549999,44.419998,339.450012,352.049988,79.099998,32.66,5.76,40.98,70.050003,8.64
2018-02-26,178.970001,116.91999799999999,1521.949951,94.720001,141.320007,194.190002,12.58,,256.25,201.149994,4.29,3.95,116.650002,37.919998,184.929993,78.050003,17.82,1143.75,18.65,233.42999300000002,51.369999,48.799999,86.599998,3.27,10.08,67.949997,2.26,12.19,294.160004,6.81,57.400002,29.01,246.580002,6.56,1.05,2.54,116.800003,79.349998,20.620001000000002,148.029999,42.779999,94.690002,46.549999,22.24,11.01,58.560001,45.52,359.25,357.420013,80.099998,32.16,5.96,41.779999,71.489998,8.53
2018-02-27,178.389999,116.120003,1511.97998,92.620003,139.320007,188.259995,12.35,,250.460007,203.149994,4.25,3.83,116.470001,36.810001,181.46000700000002,82.199997,18.16,1118.290039,18.200001,229.729996,51.470001,47.040001000000004,86.629997,3.2,9.86,67.08000200000001,1.96,11.96,290.609985,6.63,56.860001000000004,27.23,246.059998,6.63,1.02,2.46,116.199997,79.459999,20.6,147.440002,41.830002,93.739998,45.91,21.82,10.82,56.150002,44.759997999999996,349.899994,350.98999,83.529999,31.32,5.85,40.509997999999996,71.440002,8.43
2018-02-28,178.119995,117.470001,1512.449951,91.33000200000001,139.740005,186.139999,12.14,,252.33999599999999,201.0,4.28,4.0,116.25,36.639998999999996,178.320007,82.75,17.83,1104.72998,17.98,228.020004,52.82,47.150002,86.769997,3.15,9.5,65.660004,2.0,11.62,291.380005,6.41,57.049999,26.1,242.0,6.59,1.01,2.38,108.949997,79.410004,20.59,147.399994,41.290001000000004,93.199997,46.049999,18.23,10.54,54.889998999999996,45.400002,348.5,343.059998,82.779999,31.860001,6.02,39.759997999999996,71.25,8.36
2018-03-01,175.0,114.739998,1493.449951,87.769997,137.490005,181.990005,12.11,,249.75,203.149994,4.32,3.8,119.43,35.299999,175.940002,81.050003,18.1,1069.52002,18.32,224.539993,49.889998999999996,46.209998999999996,86.75,3.65,9.54,64.08000200000001,1.97,11.95,290.390015,6.64,55.299999,25.309998999999998,232.210007,6.8,0.99,2.36,110.650002,78.639999,20.58,145.440002,40.189999,93.639999,46.009997999999996,18.73,,55.75,44.900002,344.950012,330.929993,84.739998,32.240002000000004,5.93,39.040001000000004,70.800003,8.82
2018-03-02,176.21000700000002,116.279999,1500.25,88.610001,139.059998,179.759995,12.36,,250.600006,206.100006,4.6,3.8,121.91999799999999,37.959998999999996,176.619995,82.199997,18.0,1078.920044,18.73,229.190002,48.939999,43.799999,86.870003,3.79,9.9,66.5,1.93,12.15,301.049988,6.47,57.439999,27.48,236.539993,6.84,1.12,2.38,111.5,78.870003,21.43,148.759995,39.82,102.32,46.02,20.34,10.45,55.889998999999996,45.650002,348.200012,335.119995,85.889999,33.0,5.98,39.169998,72.230003,9.26
2018-03-05,176.820007,118.870003,1523.609985,88.82,141.75,181.600006,12.39,,254.88999900000002,215.5,4.52,4.0,122.5,38.48,180.399994,81.75,18.610001,1090.930054,18.950001,230.88000499999998,49.93,42.990002000000004,86.959999,3.83,9.85,68.709999,2.15,12.07,315.0,6.61,55.48,27.959999,235.649994,7.02,1.11,2.31,112.550003,79.07,21.9,149.830002,40.169998,101.370003,50.419998,21.809998999999998,10.89,55.599998,46.119999,354.450012,333.350006,85.800003,34.580002,5.91,39.189999,72.800003,9.63
2018-03-06,176.669998,119.870003,1537.640015,89.949997,140.490005,187.369995,12.44,,258.730011,219.350006,4.67,3.95,124.480003,38.439999,179.779999,80.849998,17.16,1095.060059,20.110001,235.75999500000003,51.630001,43.139998999999996,86.959999,3.91,9.55,68.870003,2.05,12.59,325.22000099999997,6.49,56.52,27.870001000000002,242.16000400000001,7.25,1.13,2.43,115.300003,79.230003,23.0,149.720001,40.419998,103.889999,49.599998,22.68,10.84,56.290001000000004,47.389998999999996,355.049988,328.200012,86.800003,34.43,6.06,40.049999,73.980003,9.64
2018-03-07,175.029999,137.699997,1545.0,89.41999799999999,142.580002,189.050003,12.5,,257.26001,225.399994,4.77,3.9,125.33000200000001,42.279999,183.71000700000002,83.25,15.74,1109.640015,19.889999,241.19999700000002,53.310001,44.41,,3.87,9.74,68.029999,1.95,12.99,321.160004,6.54,55.450001,29.43,241.83999599999999,7.33,1.08,2.67,117.5,79.519997,23.01,153.309998,39.970001,105.650002,50.720001,22.139999,11.1,56.299999,47.919998,349.549988,332.299988,88.959999,35.759997999999996,6.25,39.59,73.940002,9.52
2018-03-08,176.940002,137.28999299999998,1551.859985,89.699997,144.850006,187.860001,12.89,,257.140015,225.94999700000002,4.8,4.0,126.360001,42.810001,182.33999599999999,80.0,15.74,1126.0,20.440001000000002,243.520004,52.279999,45.389998999999996,86.959999,3.9,9.74,67.93,1.95,12.93,317.0,6.34,56.849998,32.439999,241.17999300000002,7.49,1.11,2.64,118.25,79.870003,23.66,153.46000700000002,40.59,106.459999,52.25,22.629998999999998,11.34,56.610001000000004,48.470001,343.200012,329.100006,89.599998,34.849998,6.17,39.5,75.690002,9.19
