Date,AFL,AIG,AIZ,AJG,ALL,AMG,AMP,AON,AXP,BAC,BBT,BEN,BHF,BK,BLK,BRK.b,C,CB,CBOE,CFG,CINF,CMA,CME,COF,DFS,ETFC,FITB,GS,HBAN,HIG,ICE,IVZ,JPM,KEY,L,LNC,LUK,MCO,MET,MMC,MS,MTB,NAVI,NDAQ,NTRS,PBCT,PFG,PGR,PNC,PRU,RE,RF,RJF,SCHW,SPGI,STI,STT,SYF,TMK,TROW,TRV,UNM,USB,WFC,WLTW,XL,ZION
2017-11-14,83.781204,61.132374,98.287498,64.717751,99.573486,182.861877,156.297775,143.175446,93.430359,26.128656,46.552799,40.615795,55.380001,51.634632,468.103333,,71.24099,149.958054,116.33966799999999,37.888596,73.072212,78.43158000000001,136.313843,85.625275,63.587837,43.869999,28.460698999999998,236.49681099999998,13.506323000000002,55.9762,67.110962,34.162518,96.765915,18.144363000000002,49.877148,73.13299599999999,25.222839,142.39326499999999,51.570159999999994,83.229912,48.169472,159.997253,12.195986,75.600883,92.243942,18.119144,67.857033,50.213642,131.347992,107.916046,224.81216400000002,15.605845,82.797554,44.504298999999996,158.9021,57.252113,90.919586,32.436855,85.03877299999999,93.955322,133.141876,52.589279000000005,51.542431,53.719604000000004,161.463684,38.762329,46.311058
2017-11-15,83.950226,60.814083,98.29744000000001,64.946404,100.011871,184.47933999999998,156.57634,142.467255,92.932114,26.676325,46.532921,40.237784999999995,54.970001,51.724258,468.153076,,71.440186,150.42576599999998,115.25210600000001,37.958263,73.121544,78.600975,135.79853799999998,87.24816899999999,64.637566,43.759997999999996,28.31148,236.865646,13.407084,56.424248,66.343117,34.172428000000004,97.681152,18.035,49.62746,73.640862,25.173033,141.219437,51.411484,82.77195,47.890685999999995,160.50499,12.452744000000001,75.561073,92.881203,18.039848000000003,68.09536700000001,50.575951,132.243546,108.566147,227.93386800000002,15.715257000000001,82.558228,44.454395,158.423294,57.39117099999999,91.467239,32.406967,85.22845500000001,93.826042,132.99269099999998,52.668944999999994,51.721428,53.431324,162.081512,38.990925,46.321018
2017-11-16,83.820976,59.739841000000006,96.945183,65.443466,99.204842,185.198196,156.267944,140.921188,93.23105600000001,26.64645,46.483230999999996,40.337261,55.419998,52.013054,471.655518,,71.380424,148.136932,115.76096299999999,37.739311,72.608482,78.142601,136.206894,86.770264,64.19193299999999,44.02,28.321428000000004,238.620117,13.297922,55.767109,65.894386,34.261623,97.959694,18.025057,49.138081,73.700615,24.953875,143.338303,51.113964,82.542969,48.388512,159.160965,12.600873,75.600883,93.309364,17.95064,67.916611,50.497612,131.835587,108.713898,224.15600600000002,15.615792,83.066795,44.554203,159.700104,57.331577,92.004929,33.253754,84.869057,94.999489,130.108246,53.027439,51.522541,54.27628299999999,159.371017,38.434338000000004,45.932518
2017-11-17,83.36364,59.739841000000006,98.058807,65.582642,99.802643,185.797256,157.46173100000001,140.821442,93.360603,26.507046000000003,46.532921,40.267628,55.669998,52.25206,471.625671,,71.041801,147.908051,116.21994,37.988116999999995,72.480209,78.85009000000001,135.623535,87.447304,64.429604,44.18,28.301534999999998,237.274353,13.436856,55.896544999999996,66.402946,34.667969,97.63140899999999,18.204016,49.158054,73.969482,25.033567,146.024216,51.223053,81.985443,48.488075,159.85788,12.33424,75.580978,93.667824,18.010111,68.164879,50.478027000000004,132.193802,108.59569499999999,225.001068,15.715257000000001,83.545448,44.594128000000005,160.188873,57.381237,91.915306,33.731937,85.29834,95.446991,129.223007,53.236561,51.592152,53.828953000000006,159.51054399999998,38.394585,46.121788
2017-11-20,84.188828,59.371811,98.019035,65.622414,99.952087,186.386322,159.819473,141.68923999999998,93.619682,26.626534999999997,46.69194,40.546158,55.459998999999996,52.301849,472.40176399999996,,71.758888,148.27626,118.963799,38.067741,72.450615,79.517723,137.966721,87.88537600000001,65.182243,44.450001,28.420906,237.38401800000003,13.466626999999999,55.607803000000004,67.888763,35.143684,98.496902,18.353148,49.287888,73.869904,25.52169,147.91922,51.540409000000004,82.562881,48.896294,160.89326499999999,12.660124,76.516411,94.026291,18.168703,68.343636,50.742413,132.631622,108.36914099999998,222.535507,15.774934,84.48281899999999,45.033279,161.784882,57.778544999999994,92.662102,33.731937,84.938934,95.765213,129.073822,53.654807999999996,51.641872,53.729542,159.331161,38.484035,46.918704999999996
2017-11-21,84.58651,59.31213399999999,97.840057,66.566826,99.334358,190.03057900000002,158.93408200000002,141.080795,94.07807199999999,26.616577000000003,46.284454,41.361858000000005,56.91,52.202263,478.958893,,72.08755500000001,148.455368,119.3629,37.719409999999996,72.480209,79.119141,138.627884,87.566772,65.35149399999999,44.900002,28.331377000000003,237.274353,13.446779999999999,55.846764,68.08820300000001,35.312172,98.41731300000001,18.174191,49.317852,73.192741,25.571497,149.066193,51.282555,83.080574,49.165119,159.479553,12.432993,76.864708,94.05615999999999,18.029936,68.075508,50.79137,132.45251499999998,108.40853899999999,220.954773,15.576007,84.911621,45.991440000000004,163.291092,57.34150699999999,92.662102,33.642277,85.12861600000001,97.187271,129.929214,53.644847999999996,51.602097,54.196757999999996,159.241486,38.066593,46.709515
2017-11-22,84.556686,58.914265,97.85000600000001,66.22882800000001,98.935837,189.691116,158.75502,138.886383,93.490143,26.546875,46.204948,41.182804,57.450001,52.212223,476.550995,,71.96804,147.529892,119.083527,37.649741999999996,71.690895,79.059349,137.937546,86.879784,65.21210500000001,44.740002000000004,28.271690000000003,235.689331,13.436856,55.538105,67.469948,34.915737,98.128815,18.054884,49.297878000000004,73.282364,25.262688,149.006348,51.282555,82.28411899999999,48.876381,159.210754,12.294739,76.795052,93.986458,18.039848000000003,67.92654399999999,50.605323999999996,132.38284299999998,108.053947,217.962326,15.476544,84.732124,45.711975,162.812302,57.232245999999996,92.27377299999999,33.542652000000004,85.028786,97.17733,129.312531,53.674725,51.621986,53.739487,158.235001,38.016899,46.171593
2017-11-24,84.506973,58.715328,97.860001,65.00605,98.716637,190.070511,158.735107,138.277924,93.151344,26.477172999999997,46.055865999999995,40.993797,57.290001000000004,52.013054,477.34698499999996,,71.729004,148.20658899999998,119.86178600000001,37.570122,71.542885,78.391716,137.927841,86.99925999999999,65.112549,44.869999,28.052839000000002,235.210831,13.357466,55.398716,67.639465,34.776984999999996,97.81047099999999,18.035,49.287888,72.834244,25.581459,149.834152,51.401565999999995,81.975487,48.846512,158.43421899999998,12.186110000000001,76.874664,93.85701800000001,17.960552,68.174812,50.77179,131.905228,108.024193,216.401459,15.486489,84.71217299999999,45.692013,163.729996,56.825005000000004,92.064667,33.363338,85.01880600000001,97.336433,129.133499,53.86393,51.542431,53.76930600000001,158.96246299999999,37.847935,46.171593
2017-11-27,84.944427,58.446766000000004,97.970001,65.32416500000001,99.045433,192.376877,158.426712,137.769211,93.141373,26.477172999999997,46.204948,40.963955,57.610001000000004,51.963260999999996,479.555908,,71.101555,148.534988,120.230965,37.450695,72.430885,78.361824,138.13201899999999,86.491486,65.052811,45.130001,28.251795,234.37347400000002,13.397160999999999,55.558021999999994,67.90870699999999,34.886005,97.422493,18.01,49.5975,72.953751,25.571497,149.475098,50.945366,82.134781,48.786770000000004,158.792618,11.8306,76.85476700000001,93.707657,18.010111,68.204605,50.987213,131.905228,108.609344,221.770004,15.436759,85.051224,45.682034,164.399994,56.954131999999994,90.969376,33.084393,85.59783900000001,97.42594100000001,129.780014,53.71455400000001,51.433040999999996,53.630138,157.94603,38.613239,46.241322
2017-11-28,85.76960799999999,59.501118000000005,99.959999,66.238762,100.519997,196.320679,160.91378799999998,139.584595,94.94500699999999,27.522717,47.238566999999996,41.948761,58.009997999999996,52.909317,490.600555,,73.402222,150.83377099999998,122.44600700000001,38.595215,73.259682,80.544083,141.097473,89.358932,67.332741,46.310001,29.08741,238.66000400000001,13.863581,56.44416,69.155197,35.678867,100.834717,18.48,50.110001000000004,74.51718100000001,26.408274,150.482452,52.21479,83.249825,50.180679,163.611145,12.304614,77.959366,95.878334,18.545359,69.565125,51.682449,135.009811,111.90203899999999,225.00999500000003,15.914183999999999,86.79632600000001,47.0494,165.830002,59.039997,92.74176,34.359553999999996,87.384872,99.196053,132.296432,54.999165000000005,52.725826,55.240531999999995,158.84288,38.792145,47.904896
2017-11-29,86.684273,59.97855799999999,101.709999,66.029999,101.959999,198.31753500000002,162.71443200000002,140.113251,96.260368,28.160002000000002,48.818816999999996,42.903725,59.439999,54.183997999999995,498.321838,,74.736809,151.898575,120.660004,40.476208,73.871414,83.194672,143.732346,90.573616,68.70668,47.779999,30.301043,241.36000099999998,14.369695000000002,57.400002,69.60393499999999,35.777977,103.192444,19.01,50.330002,76.229996,26.527813000000002,149.44519,53.107346,83.229912,51.096676,168.360001,12.67,78.178299,97.82,19.090519,71.04480699999999,51.359314000000005,139.03981000000002,114.91703799999999,222.74000499999997,16.481126999999997,88.152519,48.326939,164.729996,61.299999,94.275177,35.216301,88.942284,100.707611,133.808289,56.184189,54.456168999999996,56.343952,158.514038,39.299038,49.299510999999995
2017-11-30,87.13166,59.640373,100.870003,65.83000200000001,102.660004,198.35746799999998,162.386139,139.863892,97.366463,28.17,49.116978,43.12257,58.790001000000004,54.51263,498.69000199999994,,75.194946,151.37115500000002,123.43,40.506065,74.228996,83.015305,145.39494299999998,91.599129,70.289688,48.139998999999996,30.350784,247.63999900000002,14.290304,57.439999,71.249298,35.847351,103.97834,18.98,50.279999,76.229996,26.209039999999998,151.419983,53.236275,83.558449,51.385414000000004,168.949997,12.61,78.77538299999999,97.779999,18.852632999999997,70.300003,52.074131,139.86570700000001,114.887276,219.600006,16.501019,88.052803,48.696228000000005,165.479996,61.630001,94.942314,35.754257,88.702682,102.348442,134.842712,56.383354000000004,54.844009,56.135197,160.237991,38.583424,49.359276
2017-12-01,87.091888,59.560798999999996,99.769997,66.57,103.099998,197.538757,161.630066,141.87875400000001,97.515938,28.1,49.295876,43.251888,58.439999,54.223835,502.079987,,75.20491,150.903427,124.25,40.496113,74.020401,83.483643,146.610306,92.31599399999999,70.807411,48.889998999999996,30.529844,248.94999700000002,14.33,57.43,71.867554,35.886993,104.246948,19.129998999999998,50.490002000000004,76.190163,26.328581,150.901352,53.166851,84.683449,51.723934,169.470001,13.01,78.874901,97.660004,18.743599,70.519997,52.485397,140.303543,114.450905,218.059998,16.560698000000002,87.99296600000001,49.404865,166.169998,61.970001,95.07176199999999,35.80407,88.383217,102.21916999999999,135.479279,56.243938,54.595397999999996,55.866797999999996,161.383972,38.215678999999994,49.887238
2017-12-04,87.628761,58.944103000000005,99.800003,66.58000200000001,103.620003,197.04953,164.694153,139.315277,98.24337,29.059998999999998,49.931953,44.385906,58.490002000000004,54.741673,513.5,,76.788483,150.08741799999999,123.110001,41.650585,74.864708,84.808945,149.15768400000002,94.47654,73.11721,50.540001000000004,31.196347999999997,250.649994,14.588019000000001,56.5,71.628235,36.551021999999996,106.395744,19.629998999999998,50.650002,77.176018,26.288733,151.35015900000002,53.17676899999999,85.589424,52.450756000000005,172.25,13.27,78.546501,98.949997,19.080607999999998,70.849998,53.229594999999996,143.129501,115.79972099999999,213.559998,16.859089,89.85773499999999,51.450924,167.46000700000002,64.360001,96.68483,37.308357,89.251778,102.249001,135.62846399999998,56.781684999999996,55.321346,57.04974,157.926086,37.708785999999996,51.540852
2017-12-05,87.33049799999999,59.212662,98.199997,65.82,102.839996,196.700073,163.5103,138.886383,98.362953,28.93,49.504589,43.918377,58.25,54.203915,512.119995,,76.230743,149.450516,123.769997,40.695159999999994,73.88134000000001,83.64308199999999,147.893707,93.500809,72.85835300000001,49.919998,30.619375,248.330002,14.349848000000001,54.639998999999996,70.750702,36.303249,105.172127,19.33,50.110001000000004,75.592674,25.890268,151.67929099999998,52.601563,84.633675,51.783671999999996,170.429993,13.13,78.12854,96.949997,18.783248999999998,70.68,53.121883,141.726471,114.559998,212.149994,16.779518,88.072739,50.682404,167.889999,64.029999,96.41598499999999,37.168888,88.852432,101.075554,134.594055,56.283772,54.515839,58.202861999999996,156.770157,37.092566999999995,50.684158000000004
2017-12-06,87.101837,59.709998999999996,98.019997,65.83000200000001,102.650002,197.678543,163.918182,138.756699,97.864708,28.639999,49.077225,44.05764,58.169998,53.79561999999999,511.82000700000003,,75.135193,150.13716100000002,123.410004,40.436401000000004,73.9608,82.93559300000001,148.515976,93.460983,72.61940799999999,49.400002,30.420417999999998,245.94999700000002,14.409391000000001,54.919998,70.54129,36.759147999999996,104.386215,19.379998999999998,49.959998999999996,76.180199,25.840462,151.86879,52.561893000000005,84.026375,51.465065,169.509995,12.91,77.939461,96.5,18.65439,70.82,53.454811,142.303604,114.43106100000001,211.059998,16.690001000000002,87.474426,50.442867,168.619995,64.440002,96.10730699999999,37.248585,88.882385,101.224724,134.633835,56.104527000000004,54.287117,58.22274399999999,156.550934,37.221775,49.727852
2017-12-07,87.429924,59.549999,98.58000200000001,65.269997,102.110001,197.898193,166.733551,138.10836799999998,98.233414,28.780001000000002,49.276001,44.266537,58.630001,53.994789000000004,512.409973,,74.67705500000001,148.714111,124.190002,41.232586,73.662819,84.131348,148.49646,94.655754,73.12715899999999,49.84,30.241358,248.559998,14.597942999999999,54.77,70.192276,37.006916,104.077827,19.74,49.990002000000004,77.26564,25.90023,151.3302,53.17676899999999,83.359337,52.122192,171.070007,12.73,77.412041,97.32,18.723774,70.989998,53.38626899999999,142.711578,115.373253,210.36000099999998,16.969998999999998,88.212349,50.981827,169.529999,64.760002,96.5056,37.198776,89.02215600000001,102.169449,133.490005,56.552647,54.595397999999996,59.008064000000005,154.876785,36.506161,50.275738
2017-12-08,87.648651,59.509997999999996,99.129997,65.690002,102.5,200.114685,168.981873,138.13828999999998,98.203514,29.049999,49.504589,44.435642,60.200001,54.442917,515.48999,,75.404099,149.321152,125.269997,41.541111,73.901207,85.097916,149.228836,95.37262,73.47563199999999,50.380001,30.211515000000002,250.350006,14.736877,55.169998,70.73075899999999,37.333969,105.38103500000001,19.889999,49.84,78.211678,25.999847,151.988464,53.315608999999995,83.757561,52.659843,171.720001,12.76,78.397224,97.730003,18.674215,71.760002,53.846497,143.089706,116.186508,212.27999900000003,17.08,89.239464,51.291229,171.21000700000002,65.199997,97.25239599999999,37.35817,89.80085799999999,102.17939,133.75,57.249722,55.052845,58.958358999999994,154.91665600000002,36.645306,50.733967
2017-12-11,87.966789,59.790001000000004,99.879997,65.480003,102.370003,197.688522,166.912613,137.94876100000002,98.65193199999999,28.940001000000002,49.444958,43.868633,59.970001,54.313461,512.130005,,75.543533,149.51023899999998,126.349998,41.222633,74.060135,84.370499,149.121414,95.551834,74.023209,49.639998999999996,30.141878000000002,250.13000499999998,14.508629,55.419998,70.611092,37.056469,105.072647,19.73,50.049999,76.847397,25.959999,151.988464,53.196602,83.558449,52.540367,170.509995,12.76,78.835091,97.559998,18.4958,71.529999,53.738781,142.582214,115.30383300000001,217.47000099999997,16.98,88.790726,50.62252,171.699997,64.620003,96.993507,37.447829999999996,89.481392,101.284386,133.16000400000001,56.413231,54.963345,58.520966,154.73727399999999,36.595612,49.747776
2017-12-12,88.245171,59.93,100.300003,64.790001,103.540001,196.44049099999998,167.72839399999998,138.148254,99.020638,29.32,49.971706,43.918377,59.98,54.741673,517.72998,,75.842323,149.768967,127.620003,41.720249,74.020401,85.566254,149.433884,95.790787,74.759956,49.84,30.291097999999998,257.679993,14.697182000000002,56.029999,71.0,36.838428,106.29626499999999,20.0,50.32,77.245728,26.110001,152.167999,53.226353,84.275261,53.615665,172.490005,12.96,78.884842,98.550003,18.575094,70.779999,54.003166,145.129593,115.432755,219.82000699999998,17.309998999999998,89.27935,51.460907,172.570007,65.540001,97.760216,37.2187,89.621155,102.07,134.350006,56.164276,55.192066000000004,59.972313,154.657562,36.804333,50.265774
2017-12-13,87.97673,58.970001,98.82,64.209999,103.32,195.41210900000002,165.55964699999998,136.213181,97.43621800000001,28.84,49.116978,43.460784999999994,59.369999,54.154125,512.549988,,74.836403,147.718979,126.279999,41.143017,73.186035,84.510002,148.047256,94.307281,73.495537,48.700001,29.783758000000002,255.559998,14.468933999999999,55.549999,70.480003,36.630306,104.963219,19.700001,49.900002,75.532921,25.51,149.774323,52.403217,83.0308,52.948581999999995,171.020004,12.94,77.829994,97.480003,18.505710999999998,70.25,54.698402,143.119568,113.012825,216.919998,17.08,87.614029,50.233269,169.009995,64.57,98.755936,36.501422999999996,89.161919,101.900002,133.559998,54.710377,54.29705799999999,59.047825,152.395493,35.880001,49.568466
2017-12-14,87.907135,58.110001000000004,97.790001,63.689999,102.650002,193.88450600000002,164.594666,136.233124,96.808441,28.73,48.669739,42.84404,58.73,53.79561999999999,506.75,,73.62133,145.410233,126.059998,40.675255,72.162941,83.75,146.885223,93.650154,73.346199,48.43,29.515166999999998,255.479996,14.33,55.209998999999996,70.32,35.966282,104.117622,19.52,49.450001,75.383545,25.459999,149.106079,52.05611,82.652473,52.410931,169.03999299999998,12.62,77.470001,96.589996,18.337208,69.889999,53.993373999999996,142.263809,113.528549,217.69999700000002,16.91,86.397446,50.103519,167.58999599999999,64.050003,97.551109,36.850101,88.71266899999999,101.589996,132.580002,54.033218000000005,53.84956,58.86889300000001,152.943573,35.110001000000004,49.030547999999996
2017-12-15,88.742264,59.389998999999996,98.309998,63.98,103.970001,198.32751499999998,167.061844,138.038528,98.173615,29.040001,49.226303,43.231995,58.450001,53.974872999999995,511.869995,,74.467896,147.99761999999998,126.370003,41.501301,73.782013,85.290001,147.519958,95.89035,74.26215400000001,49.880001,29.873289,257.170013,14.58,55.75,70.489998,36.233875,105.589951,19.76,49.75,75.871498,25.67,150.173279,50.985039,82.742081,52.868927,170.899994,13.2,77.510002,97.849998,18.644478,70.370003,54.306720999999996,144.234024,114.77819099999999,222.11000099999998,17.120001000000002,87.99296600000001,51.181442,169.050003,65.0,98.108719,37.049339,89.461426,102.57,134.889999,53.80418,54.197613,59.515038,155.454758,36.25,49.817505
2017-12-18,87.777893,59.580002,98.720001,63.849998,104.160004,201.05320700000001,169.141037,136.841583,99.329544,29.48,49.703362,43.420998,58.68,54.193954000000005,518.8599849999999,,75.36425799999999,147.141785,125.790001,41.829727,74.08000200000001,86.260002,147.725021,98.877274,75.626129,49.779999,30.310990999999998,260.019989,14.68,55.639998999999996,71.209999,36.481644,106.40570100000001,20.16,49.98,76.120453,25.860001,150.073532,50.509007000000004,82.134781,53.00832,173.860001,13.27,76.970001,98.589996,18.832808,70.370003,54.052128,145.428101,115.16498600000001,219.22000099999997,17.33,88.700974,51.64056,170.91000400000001,66.029999,97.79008499999999,38.364349,89.720993,103.440002,135.21000700000002,53.724514,54.476059,60.558811,154.019791,35.509997999999996,50.783772
2017-12-19,87.469696,59.779999,98.690002,64.400002,104.379997,201.881912,170.444275,136.522385,98.801407,29.450001,49.723240000000004,43.45084,58.34,53.974872999999995,515.820007,,74.398178,146.902954,124.650002,41.879490000000004,73.550003,86.540001,146.63133200000001,98.309761,75.616173,49.57,30.460210999999997,256.480011,14.61,56.73,71.07,36.283428,105.958031,20.120001000000002,49.639998999999996,76.488907,25.709999,149.75436399999998,50.370163,82.154686,52.69966899999999,173.899994,13.13,76.110001,98.019997,18.872456,70.860001,54.62986,144.383301,115.898895,218.88000499999998,17.299999,88.421761,51.710426,172.0,65.629997,97.451546,38.035599,89.99054699999999,103.139999,135.53999299999998,53.983425,54.257282,60.002131999999996,153.611221,35.32,50.694117999999996
2017-12-20,86.853287,60.0,99.709999,64.209999,104.41999799999999,202.271286,170.21546899999998,136.04361,98.163658,29.48,49.534405,43.460784999999994,58.139998999999996,53.72591,514.549988,,74.358345,145.26097099999998,124.230003,41.730206,73.449997,86.559998,145.928253,98.160416,75.407097,49.540001000000004,30.350784,255.17999300000002,14.64,56.349998,70.019997,36.194229,105.589951,20.09,49.509997999999996,77.086403,26.42,148.07879599999998,50.588341,81.75647,52.281494,172.529999,13.09,75.050003,98.440002,18.703953,71.25,55.001953,144.204178,116.14683500000001,216.50999500000003,17.25,88.052803,51.710426,170.009995,65.449997,96.664917,37.816429,90.270081,103.760002,135.259995,54.570961,53.958946,59.783436,152.584824,35.189999,50.534737
2017-12-21,86.604736,60.080002,101.120003,62.98,104.209999,201.562424,170.812347,134.996277,98.153687,29.82,50.081032,43.610001000000004,60.389998999999996,54.134209,513.590027,,75.513657,144.305634,124.629997,42.397011,73.660004,87.660004,147.334427,99.08635699999999,75.70578,49.959998999999996,30.768593,261.01001,14.84,55.93,70.110001,36.283428,107.271194,20.43,49.790001000000004,77.614182,26.459999,147.0914,50.608177000000005,80.352707,52.649887,173.58999599999999,13.12,75.400002,100.050003,18.852632999999997,71.239998,54.639648,145.537552,115.779877,218.440002,17.49,90.097054,52.179520000000004,168.779999,65.550003,97.889656,38.454006,90.359932,104.599998,134.440002,54.600838,54.227447999999995,61.244724,151.837448,35.060001,51.261925
2017-12-22,86.704155,59.310001,101.029999,62.599998,104.110001,203.87875400000001,170.62333700000002,133.011337,98.392845,29.879998999999998,50.140667,43.91,59.540001000000004,53.775703,512.119995,,75.18499,144.494705,124.470001,42.426868,73.989998,87.739998,145.479065,100.062096,76.79098499999999,49.709998999999996,30.679062,258.97000099999997,14.78,55.549999,70.25,36.313159999999996,106.89315800000001,20.440001000000002,49.66,77.424973,26.209999,146.602707,50.340408000000004,80.33279399999999,52.490584999999996,173.070007,13.35,76.089996,98.980003,18.753511,71.260002,54.923618000000005,145.398239,115.204651,218.94999700000002,17.469998999999998,90.386246,51.979908,167.830002,65.760002,97.511284,38.623367,90.539635,105.239998,134.389999,54.561005,54.157837,61.185078000000004,151.209656,35.169998,51.132427
2017-12-26,87.13166,59.43,101.16999799999999,62.91,104.339996,203.73898300000002,170.21546899999998,132.961456,98.223442,29.780001000000002,49.733181,43.57,59.689999,53.586491,513.719971,,74.477859,144.604172,124.040001,42.317394,74.269997,87.33000200000001,145.440002,99.484619,76.92041800000001,49.5,30.519896999999997,257.72000099999997,14.63,55.970001,70.040001,36.273514,106.46538500000001,20.33,49.919998,77.166061,26.530001000000002,145.485641,50.251152000000005,80.382568,52.241673,171.990005,13.46,76.129997,98.699997,18.703953,71.33000200000001,55.05091899999999,144.18426499999998,114.69884499999999,219.729996,17.35,89.658295,51.770306,167.419998,65.290001,97.023376,38.563590999999995,90.479729,105.360001,134.779999,54.521172,53.710331000000004,60.76756999999999,151.33918799999998,35.240002000000004,50.664234
2017-12-27,87.201256,59.540001000000004,101.290001,63.220001,104.599998,204.348022,170.05629,133.57988,98.781471,29.73,49.673546,43.43,59.07,53.616367000000004,514.320007,,74.58740999999999,145.459991,124.760002,42.158157,74.550003,87.120003,145.949997,99.315361,76.621735,49.490002000000004,30.5,255.94999700000002,14.59,56.279999,70.269997,36.214054,106.66435200000001,20.24,50.0,76.877274,26.43,146.243652,50.330494,81.328369,52.341236,171.570007,13.21,76.339996,98.68,18.614744,71.07,55.18800400000001,144.26387,114.381477,219.979996,17.299999,89.399017,51.750347,169.399994,65.209999,97.292221,38.454006,90.539635,105.019997,134.770004,54.521172,53.77,60.588634,151.110001,35.200001,50.514812
2017-12-28,87.718239,60.0,101.68,63.630001,104.910004,206.18511999999998,170.722824,134.17836,99.349464,29.799999,49.812687,43.529999,59.16,53.895203,517.97998,,74.776649,146.16000400000001,124.849998,42.237774,75.08000200000001,87.290001,146.309998,99.86296800000001,77.159363,49.68,30.639999,256.5,14.74,56.560001,70.519997,36.442001,107.2314,20.35,50.139998999999996,77.026649,26.65,147.43051100000002,50.449501,81.607132,52.420891,172.28999299999998,13.37,76.66999799999999,100.32,18.753511,71.389999,55.334885,144.95047,114.252541,222.57000699999998,17.379998999999998,89.578514,51.939983000000005,169.850006,65.440002,97.810005,38.822609,91.00885799999999,105.339996,135.66000400000001,54.909538,53.950001,60.936558,151.389999,35.369999,51.142387
2017-12-29,87.27085100000001,59.580002,100.839996,63.279999,104.709999,204.927109,168.59388700000002,133.659683,98.960838,29.52,49.415141999999996,43.330002,58.639998999999996,53.636283999999996,513.710022,,74.10936,146.130005,124.589996,41.779964,74.970001,86.809998,146.050003,99.146103,76.581909,49.57,30.34,254.75999500000003,14.56,56.279999,70.559998,36.214054,106.38580300000001,20.17,50.029999,76.54866,26.49,147.221069,50.142063,81.02969399999999,52.241673,170.990005,13.32,76.83000200000001,99.889999,18.535448000000002,70.559998,55.148833999999994,143.57728600000002,114.034355,221.25999500000003,17.280001000000002,89.050003,51.271267,169.399994,64.589996,97.610001,38.46397,90.559601,104.93,135.639999,54.660582999999995,53.580002,60.310294999999996,150.690002,35.16,50.634353999999995
2018-01-02,87.459747,59.5,99.230003,62.169998,101.91999799999999,202.720581,169.03161599999999,131.15606699999998,98.592148,29.9,49.613911,43.25,57.669998,53.596451,508.97000099999997,,74.059555,142.300003,122.75,42.476631,73.08000200000001,86.57,144.78999299999998,99.175972,76.57196,49.82,30.43,255.669998,14.6,55.27,69.849998,36.025745,107.39056399999998,20.17,49.889998999999996,77.584312,26.780001000000002,145.74496499999998,49.765205,80.044083,51.962887,171.190002,13.63,76.739998,99.459999,18.634567,70.379997,54.208801,143.905655,114.50048799999999,216.47000099999997,17.370001000000002,88.860001,51.341133,168.119995,64.860001,96.720001,38.713028,90.06043199999999,103.08000200000001,131.979996,54.630711,54.029999,60.72780600000001,146.990005,34.02,50.504852
2018-01-03,87.718239,60.16,99.510002,62.639998999999996,101.980003,201.802032,168.195953,133.25071699999998,99.200005,29.799999,50.1506,43.450001,58.509997999999996,53.925079000000004,514.340027,,74.28862,143.419998,123.559998,42.964294,72.790001,86.540001,147.110001,99.006714,77.13945799999999,50.619999,30.52,253.289993,14.72,54.830002,70.910004,36.20414,107.49999199999999,20.24,50.470001,77.225815,26.690001000000002,148.467773,50.082558,81.089424,52.102283,173.110001,13.78,77.660004,100.050003,18.555270999999998,70.529999,54.179424,143.875809,114.54016100000001,219.770004,17.4,89.800003,51.420982,170.820007,65.68,97.43,38.972042,90.32,104.489998,132.399994,55.029037,54.560001,61.195018999999995,149.740005,34.43,50.44508
2018-01-04,88.622963,60.400002,100.050003,63.220001,100.800003,198.227661,168.81274399999998,135.07608000000002,100.849998,30.190001000000002,50.756863,43.299999,59.490002000000004,54.462832999999996,521.130005,,75.20491,144.0,124.040001,43.471866999999996,73.620003,87.510002,148.679993,100.978081,77.90606700000001,51.299999,30.629998999999998,256.829987,14.85,55.400002,72.25,36.501465,109.040001,20.32,50.720001,78.600044,26.84,151.20056200000002,50.935452000000005,81.93566899999999,52.8988,173.440002,13.94,78.690002,101.550003,18.674215,71.449997,54.16963199999999,143.885757,115.551773,221.770004,17.540001,90.540001,51.710426,173.380005,65.860001,98.480003,39.250984,90.699997,105.309998,132.399994,55.516991000000004,54.98,61.960457,151.259995,35.240002000000004,50.654274
2018-01-05,89.209541,60.650002,101.309998,63.509997999999996,101.870003,199.156204,169.389755,136.22316,101.08000200000001,30.33,50.915882,43.57,60.630001,54.602256999999994,525.570007,,75.105316,144.259995,127.599998,43.670914,74.0,88.470001,149.649994,100.988045,77.816467,51.470001,30.709999,255.520004,14.98,55.16,72.849998,36.947449,108.339996,20.33,50.619999,78.75936899999999,26.879998999999998,153.713913,51.411484,82.50314300000001,52.878887,172.820007,14.01,79.209999,102.0,18.773335999999997,72.0,54.375263000000004,144.064865,116.712151,222.350006,17.49,90.949997,51.910038,175.699997,65.910004,98.57,39.589698999999996,91.059998,107.230003,132.16000400000001,55.755989,55.32,62.377964,152.229996,34.650002,50.674194
2018-01-08,89.438202,60.25,99.699997,63.549999,101.389999,200.214539,171.11080900000002,136.233124,100.150002,30.120001000000002,51.184227,43.919998,60.490002000000004,54.831299,529.48999,,74.22886700000001,143.529999,129.529999,43.850056,73.66999799999999,88.720001,151.729996,100.360786,77.229057,51.77,30.700001,251.809998,14.95,54.779999,73.120003,36.511375,108.5,20.280001000000002,50.580002,78.610001,27.25,154.66142299999998,51.550323,81.627037,52.659843,172.419998,13.69,79.959999,102.5,18.80307,72.209999,54.541729000000004,144.333542,116.642723,218.75,17.469998999999998,91.690002,52.139599,177.179993,66.349998,99.650002,39.111511,91.33000200000001,109.879997,131.449997,56.233982,55.400002,61.672173,151.41000400000001,34.459998999999996,50.425159
2018-01-09,89.477974,60.630001,99.110001,63.630001,100.940002,199.954956,173.180054,136.57226599999998,100.519997,30.27,51.770607,43.66,61.709998999999996,55.329223999999996,533.9400019999999,,75.005714,145.850006,130.78999299999998,43.979434999999995,73.209999,90.370003,152.630005,101.24691,77.896111,52.470001,31.25,253.940002,15.23,54.970001,74.050003,36.868164,109.050003,20.74,51.130001,81.68,27.6,155.70863300000002,51.927184999999994,81.627037,53.06805799999999,174.91000400000001,13.52,80.16999799999999,104.260002,18.902191000000002,72.970001,55.001953,147.08985900000002,118.021294,216.94999700000002,17.780001000000002,93.150002,53.237483999999995,177.240005,66.949997,101.400002,39.290828999999995,92.07,111.75,132.470001,56.721931000000005,55.779999,61.890865000000005,151.830002,34.209998999999996,51.61058
2018-01-10,90.213676,61.0,96.489998,63.57,100.43,198.067917,174.921005,136.312927,101.220001,30.549999,52.386806,43.27,64.0,57.06199300000001,531.570007,,75.34434499999999,145.28999299999998,132.330002,44.686054,72.190002,91.309998,152.899994,102.69059,79.120705,52.689999,31.58,254.330002,15.48,55.040001000000004,74.459999,36.491554,110.25,21.01,51.209998999999996,82.790001,27.84,154.402084,52.591643999999995,80.80072,53.695316000000005,176.75,13.68,81.230003,105.760002,19.080607999999998,73.379997,54.522144,148.880951,120.510651,219.97000099999997,18.08,94.400002,53.457062,175.610001,67.699997,104.25,39.509997999999996,92.760002,112.269997,132.110001,57.279593999999996,56.200001,62.74576999999999,153.610001,34.23,52.148499
2018-01-11,91.158173,61.150002,95.790001,63.400002,100.779999,200.404236,178.05471799999998,134.926453,100.730003,30.66,52.834049,43.939999,65.25,57.589794,537.919983,,75.2547,144.5,132.190002,45.084145,72.769997,92.519997,152.809998,103.965012,80.00679000000001,52.959998999999996,31.860001,255.13000499999998,15.63,55.09,74.379997,36.96727,110.839996,21.190001000000002,51.509997999999996,83.900002,27.98,155.30969199999998,53.047844,80.661331,53.964142,177.990005,13.97,80.459999,105.949997,19.308582,73.879997,54.502559999999995,150.74173000000002,122.702477,222.809998,18.200001,95.16999799999999,54.065887,176.399994,67.860001,105.779999,39.609619,92.860001,113.059998,132.33999599999999,57.976668999999994,56.68,62.636421,154.759995,35.27,52.905575
2018-01-12,84.447327,60.970001,95.389999,63.880001,102.110001,202.480972,181.098892,136.203201,100.970001,31.190001000000002,52.814170999999995,44.529999,65.360001,58.177341000000006,555.530029,,76.529533,145.639999,131.509995,45.303101,74.029999,93.040001,152.729996,104.97061200000002,80.156136,53.939999,32.349998,257.02999900000003,15.85,55.290001000000004,74.779999,37.522278,112.66999799999999,21.42,52.779999,84.370003,27.93,156.83566299999998,52.889168000000005,81.37814300000001,54.880138,178.520004,13.88,81.43,107.260002,19.308582,74.209999,54.776737,151.08999599999999,123.09919,224.19999700000002,18.280001000000002,96.790001,55.283543,177.639999,68.889999,107.239998,39.221096,92.25,115.349998,134.729996,58.345119,56.98,62.17915,155.46000700000002,35.490002000000004,53.074920999999996
2018-01-16,85.888908,61.060001,93.889999,63.419998,102.129997,202.690628,176.393356,134.198303,100.339996,31.24,52.754539,43.790001000000004,63.220001,57.300999,563.0,,76.798447,145.669998,130.78999299999998,45.034386,74.199997,93.790001,152.199997,103.965012,78.59304,53.669998,32.279999,258.459991,15.68,55.240002000000004,74.58000200000001,36.868164,112.269997,21.32,52.189999,82.510002,27.549999,155.120193,51.421397999999996,80.900276,54.3624,177.779999,13.75,80.41999799999999,106.610001,19.219376,72.900002,55.099876,152.259995,121.085876,222.75,18.16,95.599998,55.423271,175.830002,68.300003,105.970001,37.786545000000004,91.41999799999999,114.470001,135.520004,55.307869,57.169998,62.12944399999999,152.580002,35.240002000000004,52.696383999999995
2018-01-17,87.31061600000001,61.419998,94.809998,64.050003,103.940002,207.35328700000002,177.547363,136.15333600000002,100.760002,31.18,52.953312,44.900002,64.360001,57.64954399999999,576.51001,,77.15699000000001,147.53999299999998,131.520004,45.621574,75.059998,94.760002,151.449997,103.93514300000001,78.583076,54.0,32.490002000000004,253.649994,15.76,56.23,74.800003,37.740314,112.989998,21.26,52.349998,82.980003,27.82,156.995239,52.115612,81.169075,55.109134999999995,179.21000700000002,13.71,80.459999,106.889999,19.278848999999997,73.449997,56.039913,154.229996,122.42478200000001,226.0,18.360001,96.25,55.982197,176.78999299999998,68.349998,106.400002,37.916053999999995,92.029999,116.379997,136.860001,56.11448299999999,56.34,63.501266,154.550003,35.330002,53.114765000000006
2018-01-18,85.938622,61.529999,94.269997,64.029999,104.0,204.99700900000002,176.652008,134.73693799999998,99.860001,31.48,53.808037,44.630001,63.490002000000004,55.120093999999995,579.219971,,77.077309,147.690002,132.91000400000001,45.541954,74.860001,93.809998,152.21000700000002,102.959419,77.876198,53.650002,32.169998,250.97000099999997,15.51,56.09,75.269997,37.522278,113.260002,20.82,52.52,83.059998,27.629998999999998,157.164795,52.512306,81.198936,55.597007999999995,186.149994,13.35,79.83000200000001,105.379997,19.259024,73.480003,56.098667000000006,153.71000700000002,122.295845,223.24000499999997,18.15,95.400002,55.223659999999995,178.639999,67.940002,105.050003,37.158924,91.660004,115.790001,137.33999599999999,55.905361,56.150002,63.57085,153.559998,35.130001,52.656535999999996
2018-01-19,86.316414,61.549999,94.08000200000001,64.290001,103.699997,211.666489,177.88558999999998,134.83667,98.029999,31.719998999999998,54.463993,44.889998999999996,64.190002,56.374863,590.26001,,77.98363499999999,148.199997,133.880005,46.596905,75.160004,94.989998,154.279999,103.925186,77.975761,54.279999,32.5,256.119995,15.81,55.959998999999996,75.599998,37.789871000000005,113.010002,21.16,52.509997999999996,83.16999799999999,28.01,158.760574,52.958588,81.71664399999999,57.209956999999996,188.779999,13.6,80.07,106.489998,19.903303,74.050003,56.460972,155.25,123.1091,224.600006,18.67,96.190002,55.373371,181.139999,68.58000200000001,107.610001,38.324501,92.150002,117.349998,137.850006,55.755989,56.459998999999996,63.839249,153.889999,35.450001,53.52319
2018-01-22,87.181374,61.0,94.029999,64.75,104.43,213.633392,177.020096,135.63464399999998,98.32,31.940001000000002,54.543503,45.349998,64.410004,57.480251,593.26001,,78.27246099999999,149.78999299999998,134.559998,47.582188,75.93,95.209999,155.449997,105.03035,78.52334599999999,54.98,32.77,261.519989,16.030001000000002,56.049999,75.83000200000001,37.532188,114.33000200000001,21.389999,52.799999,83.349998,27.91,160.04718,53.404865,82.343849,57.11039399999999,188.759995,13.52,80.629997,107.43,19.843832,73.970001,57.009327,155.720001,123.307457,230.5,19.16,96.559998,55.333447,182.149994,69.879997,108.989998,39.370529,92.779999,117.400002,139.350006,55.865528000000005,57.259997999999996,64.34623,154.600006,35.990002000000004,53.951533999999995
2018-01-23,87.56910699999999,62.34,94.769997,64.559998,101.25,212.585037,177.388184,137.070999,97.980003,31.92,54.533561999999996,45.509997999999996,64.949997,57.480251,589.679993,,78.232628,153.28999299999998,134.809998,47.641899,77.010002,95.25,154.25,105.24938999999999,78.374001,54.959998999999996,32.919998,260.089996,16.040001,56.669998,75.790001,37.274509,114.209999,21.610001,52.900002,82.900002,27.639999,160.416199,53.166851,82.592743,56.66235,188.830002,13.44,80.209999,106.889999,19.88348,73.559998,55.863655,155.770004,123.17851999999999,231.63999900000002,19.360001,96.57,55.213676,182.929993,70.32,112.18,39.629543,92.769997,118.08000200000001,146.259995,55.965111,57.18,64.10764300000001,157.869995,36.779999,53.961493999999995
2018-01-24,87.917076,64.32,95.58000200000001,65.120003,99.870003,211.11735499999998,179.377838,138.477417,99.300003,32.09,54.662766000000005,45.52,64.620003,57.530044999999994,587.669983,,79.12898299999999,154.979996,135.570007,47.154236,77.239998,95.529999,154.990005,104.801353,78.393913,55.189999,33.330002,265.679993,16.110001,58.150002,75.41999799999999,37.274509,115.66999799999999,21.73,53.040001000000004,83.339996,27.540001,161.76265,53.652802,83.05070500000001,56.990913,189.46000700000002,14.51,81.16999799999999,106.16999799999999,19.764536,74.0,54.179424,157.740005,123.803345,231.960007,19.43,96.900002,55.283543,183.110001,71.199997,112.709999,39.589698999999996,93.07,117.709999,147.619995,55.726112,57.75,65.091782,159.020004,36.860001000000004,53.53315
2018-01-25,88.901337,64.800003,95.029999,65.650002,100.730003,210.66806,172.23497,139.19558700000002,99.690002,32.09,54.354664,45.16,64.889999,56.613861,575.5,,79.119034,154.809998,137.16000400000001,46.447617,77.220001,94.699997,154.169998,103.80570999999999,79.94706,54.209998999999996,32.84,269.02999900000003,16.049999,58.490002000000004,74.940002,37.254684000000005,115.699997,21.67,53.150002,83.400002,27.43,162.361053,53.553627,83.20004300000001,56.562785999999996,187.66000400000001,14.66,81.18,105.010002,19.7348,74.260002,54.60047900000001,157.800003,123.376884,230.92999300000002,19.139999,95.849998,54.075871,181.889999,70.599998,110.33000200000001,39.430305,92.709999,117.349998,148.470001,54.799999,57.98,65.260773,160.169998,36.880001,52.815922
2018-01-26,90.462227,64.68,95.489998,70.489998,100.529999,215.42057799999998,178.910263,143.105637,99.629997,32.200001,55.11000799999999,45.860001000000004,65.730003,57.540001000000004,586.799988,,79.756447,155.800003,137.020004,46.726284,77.510002,95.809998,155.16000400000001,104.442924,80.62406899999999,53.490002000000004,33.349998,268.140015,16.209999,59.110001000000004,75.57,38.057460999999996,116.32,21.83,53.459998999999996,84.809998,27.629998999999998,166.789368,54.317265,85.34053,57.349346,189.369995,14.54,81.360001,106.18,19.744711,75.040001,53.689823,158.66000400000001,124.983551,229.25,19.379998999999998,98.260002,54.16569499999999,183.800003,71.379997,110.910004,40.057919,93.32,119.989998,149.419998,55.740002000000004,58.110001000000004,65.539108,163.940002,36.669998,53.812073
2018-01-29,89.030586,64.260002,94.349998,69.769997,98.040001,208.88089,176.532623,141.9785,99.410004,32.279999,55.050373,45.119999,67.459999,57.52,574.419983,,79.636925,154.119995,135.110001,46.527237,76.589996,95.150002,153.449997,104.144226,80.952614,52.619999,33.169998,272.480011,16.23,58.419998,74.510002,37.145668,116.199997,21.799999,53.110001000000004,85.709999,27.18,161.32380700000002,53.950320999999995,84.334999,57.200001,189.78999299999998,14.39,81.650002,106.940002,19.586121,74.5,52.025172999999995,159.21000700000002,124.33890500000001,228.82000699999998,19.26,96.989998,53.946117,181.03999299999998,70.739998,111.690002,40.008109999999995,92.339996,117.550003,148.96000700000002,55.259997999999996,57.990002000000004,65.429764,161.71000700000002,36.610001000000004,53.981415000000005
2018-01-30,88.056267,63.349998,92.110001,69.33000200000001,98.449997,202.900299,171.120743,141.389999,98.709999,31.879998999999998,54.692581000000004,42.720001,65.059998,56.700001,562.289978,,78.30234499999999,153.059998,133.28999299999998,45.950001,76.389999,94.760002,153.330002,103.01915699999999,79.369606,52.349998,33.02,268.940002,16.1,58.25,73.550003,36.352802000000004,115.110001,21.43,51.990002000000004,83.980003,27.09,161.20413200000002,49.318923999999996,83.739998,56.599998,190.570007,14.23,81.849998,105.690002,19.487,68.5,52.377686,157.899994,120.39164,227.44999700000002,19.15,95.709999,53.097752,180.33999599999999,70.510002,110.139999,39.480114,91.33000200000001,112.510002,148.720001,53.669998,57.400002,64.89296,160.33999599999999,36.619999,53.72241999999999
2018-01-31,87.688408,63.919998,91.480003,68.32,98.769997,199.31596399999998,167.827866,142.169998,99.400002,32.0,54.851601,42.41,64.260002,56.700001,561.799988,,78.16291,156.149994,134.389999,45.900002,76.900002,95.220001,153.479996,103.507019,79.44925699999999,52.700001,33.099998,267.890015,16.18,58.759997999999996,73.839996,35.807709,115.66999799999999,21.4,51.650002,82.800003,27.07,161.36369299999998,47.672646,83.519997,56.549999,190.779999,14.25,80.910004,105.389999,19.67,67.599998,52.974998,158.020004,117.842773,229.80000299999998,19.23,96.389999,53.237483999999995,181.100006,70.699997,110.16999799999999,39.529926,90.849998,111.629997,149.919998,53.189999,57.139998999999996,65.389999,160.470001,36.84,53.822033
2018-02-01,89.16976899999999,64.16999799999999,93.059998,69.190002,98.720001,201.442596,170.195557,144.479996,100.0,32.5,55.358475,42.07,64.089996,57.5,565.1900019999999,,78.879997,155.479996,136.559998,46.810001,77.16999799999999,97.029999,158.91000400000001,104.26371,80.265656,54.099998,33.66,272.230011,16.34,58.77,74.800003,35.708599,116.870003,21.93,51.59,85.910004,27.030001000000002,163.139023,47.990002000000004,85.050003,57.450001,192.850006,14.53,81.370003,106.779999,19.809998999999998,68.459999,53.580002,159.149994,119.52878600000001,230.13999900000002,19.540001,97.360001,54.804466000000005,182.0,71.410004,110.33000200000001,39.509997999999996,90.739998,112.160004,150.0,53.279999,57.459998999999996,65.510002,163.919998,36.790001000000004,54.768375
2018-02-02,88.43405899999999,63.040001000000004,91.949997,68.57,97.940002,196.799911,166.634064,143.58999599999999,96.68,31.950001,54.772091,40.880001,62.150002,56.330002,548.320007,,77.019997,153.25,134.649994,46.02,76.379997,94.959999,159.110001,101.127434,78.622902,52.57,33.130001,260.040009,16.08,58.009997999999996,73.980003,34.846363000000004,114.279999,21.76,50.82,83.040001,26.290001,158.192078,47.560001,84.690002,55.48,189.199997,14.21,80.339996,104.629997,19.629998999999998,66.349998,53.240002000000004,157.970001,116.36502800000001,229.61000099999998,19.25,94.33000200000001,53.237483999999995,177.330002,69.480003,107.470001,38.68,88.209999,109.889999,147.949997,52.709998999999996,56.900002,64.07,161.66000400000001,38.25,53.941573999999996
2018-02-05,85.709953,60.630001,88.18,66.269997,95.019997,188.203461,159.560822,140.33999599999999,92.010002,30.26,52.565704000000004,38.950001,59.130001,54.380001,524.969971,,73.269997,147.350006,130.529999,43.68,73.389999,90.720001,153.96000700000002,96.577347,74.55088,50.349998,31.700001,249.11000099999998,15.43,55.580002,71.5,32.874111,108.800003,20.610001,48.189999,78.089996,24.77,150.911316,45.889998999999996,82.519997,52.549999,179.809998,13.63,77.470001,99.739998,19.01,63.549999,51.950001,150.320007,109.87881499999999,225.42999300000002,18.459999,89.790001,51.191425,166.360001,66.300003,102.470001,36.880001,83.959999,105.25,141.520004,50.43,54.619999,58.16,157.5,37.68,51.451195
2018-02-06,85.12338299999999,60.259997999999996,88.489998,65.400002,96.599998,190.399994,159.72995,139.919998,94.18,31.200001,53.380676,39.720001,58.779999,55.490002000000004,535.219971,,74.82,145.880005,116.940002,44.599998,72.599998,92.769997,157.649994,98.01106999999999,75.80534399999999,52.279999,32.02,258.700012,15.53,55.130001,72.269997,33.310188000000004,112.110001,21.01,47.810001,78.57,24.73,157.523849,46.200001,82.239998,54.330002,185.059998,13.76,77.720001,101.360001,19.120001000000002,64.540001,52.869999,154.28999299999998,110.07717099999999,242.32000699999998,18.67,91.41999799999999,52.758407999999996,179.96000700000002,68.43,104.5,37.669998,83.41999799999999,106.970001,140.850006,50.639998999999996,54.619999,57.279999,158.399994,37.34,52.317844
2018-02-07,85.103493,60.470001,88.489998,66.110001,96.870003,187.869995,159.282272,140.550003,93.610001,31.25,53.490002000000004,39.439999,59.0,55.34,532.26001,,74.989998,147.520004,114.57,44.84,72.629997,93.58000200000001,159.929993,97.69246700000001,76.293182,51.549999,32.34,257.100006,15.64,55.860001000000004,70.720001,33.161526,112.870003,21.129998999999998,47.860001000000004,78.510002,25.01,157.563736,46.259997999999996,82.160004,54.549999,184.970001,14.04,77.269997,100.730003,19.200001,63.919998,53.400002,155.0,110.255692,246.69999700000002,18.959999,91.050003,51.93,182.690002,69.010002,103.519997,37.5,83.279999,106.519997,142.139999,50.580002,54.799999,57.540001000000004,157.380005,42.0,53.812073
2018-02-08,82.767128,58.279999,85.160004,64.400002,90.059998,179.110001,151.711609,136.050003,88.339996,29.74,51.07,38.0,55.439999,53.290001000000004,509.380005,,71.870003,140.389999,111.150002,42.189999,70.339996,89.18,153.03999299999998,91.400002,72.081779,48.48,31.1,246.350006,15.1,53.34,67.0,31.635263000000002,107.879997,20.08,46.049999,73.860001,23.860001,151.739136,44.279999,79.309998,51.790001000000004,178.350006,13.38,75.209999,96.199997,18.559998999999998,60.380001,51.07,149.380005,102.52975500000001,241.059998,17.9,86.059998,48.900002,173.309998,65.800003,98.540001,34.98,80.519997,101.989998,135.009995,47.869999,52.650002,55.400002,152.360001,41.259997999999996,50.514812
2018-02-09,84.278305,60.220001,88.010002,64.940002,90.889999,180.240005,153.084488,137.91000400000001,91.720001,30.33,52.419998,38.220001,56.98,54.080002,521.51001,,73.68,144.520004,107.110001,43.049999,72.139999,91.610001,156.850006,92.019997,73.78426400000001,49.470001,31.98,249.30000299999998,15.41,53.98,68.449997,32.150622999999996,110.040001,20.389999,46.73,75.379997,24.25,154.232544,44.610001000000004,80.43,52.139998999999996,182.619995,13.46,76.110001,97.379997,18.91,61.389998999999996,52.220001,151.71000700000002,105.16788500000001,239.770004,18.27,87.08000200000001,50.119999,177.5,67.480003,100.010002,35.029999,82.639999,103.410004,137.080002,49.209998999999996,53.75,56.130001,152.139999,41.860001000000004,51.441231
2018-02-12,84.636215,59.610001000000004,87.519997,66.209999,90.730003,181.190002,155.10398899999998,139.96000700000002,94.699997,31.120001000000002,53.0,38.830002,58.23,54.610001000000004,525.380005,,74.760002,144.610001,110.68,43.959998999999996,74.309998,93.300003,160.130005,95.190002,75.616173,50.200001,32.25,253.16000400000001,15.48,53.5,68.599998,32.229912,111.739998,20.59,47.5,75.470001,24.84,158.860321,44.619999,81.040001,53.43,184.75,13.56,77.559998,99.360001,19.07,61.84,52.380001,152.279999,106.972916,239.479996,18.469998999999998,89.010002,50.939999,180.360001,67.589996,101.779999,36.240002000000004,83.529999,104.93,138.139999,50.48,53.970001,56.5,154.149994,41.599998,51.859619
2018-02-13,85.57077,59.43,88.32,66.980003,92.129997,181.929993,155.810303,139.229996,94.559998,31.18,53.330002,38.84,53.560001,54.810001,521.27002,,75.18,145.119995,112.220001,44.389998999999996,73.970001,93.839996,160.16000400000001,95.309998,76.16375699999999,50.049999,32.389998999999996,255.52999900000003,15.52,53.970001,69.120003,32.219997,112.43,20.549999,48.09,74.339996,24.6,161.17421000000002,45.200001,81.279999,53.389998999999996,186.149994,13.6,78.5,99.349998,19.129998999999998,61.720001,53.220001,153.28999299999998,106.01088700000001,238.17999300000002,18.85,88.730003,51.150002,181.940002,67.91999799999999,101.269997,36.009997999999996,84.040001,105.730003,138.580002,50.82,54.139998999999996,58.0,155.309998,41.900002,51.760002
2018-02-14,87.141602,59.41,89.639999,68.199997,95.029999,189.449997,159.720001,139.970001,96.230003,32.0,54.740002000000004,39.810001,55.709998999999996,55.98,539.9400019999999,,76.709999,147.28999299999998,115.0,45.849998,75.57,97.400002,162.149994,97.379997,77.268883,51.529999,33.25,262.579987,15.89,54.529999,71.07,33.169998,115.029999,21.17,48.869999,77.300003,25.219998999999998,163.11906399999998,46.700001,82.260002,55.049999,191.979996,14.0,79.760002,102.690002,19.58,63.27,56.299999,158.270004,110.35486599999999,242.58999599999999,19.370001000000002,91.019997,52.400002,186.029999,70.07,103.940002,36.700001,86.300003,108.32,140.600006,52.450001,55.310001,59.549999,159.25,43.5,54.509997999999996
2018-02-15,87.907135,59.23,90.07,69.050003,94.519997,190.28999299999998,159.0,140.889999,96.559998,32.209998999999996,54.830002,39.060001,56.080002,56.16,540.650024,,77.08000200000001,147.070007,117.449997,46.02,76.190002,97.66999799999999,165.110001,98.66999799999999,78.224663,51.73,33.200001,267.679993,15.86,54.459998999999996,72.550003,33.189999,115.510002,20.950001,49.889998999999996,77.18,24.93,166.550003,46.73,82.440002,55.400002,191.100006,13.8,80.379997,103.870003,19.74,62.869999,56.779999,159.860001,108.82753799999999,242.38999900000002,19.48,91.309998,52.330002,188.919998,70.629997,103.959999,36.84,86.120003,109.559998,140.880005,52.150002,55.099998,60.02,159.619995,43.119999,54.77
2018-02-16,89.13000500000001,59.470001,89.91999799999999,68.970001,95.040001,191.78999299999998,159.809998,140.860001,96.790001,31.969998999999998,54.959998999999996,39.099998,56.82,56.25,541.099976,,76.82,147.0,111.449997,45.93,77.190002,97.82,162.380005,99.529999,79.18044300000001,51.810001,33.130001,267.619995,15.83,54.139998999999996,71.730003,33.919998,114.68,21.02,50.080002,77.58000200000001,24.969998999999998,168.21000700000002,46.639998999999996,82.760002,55.139998999999996,191.639999,13.99,79.019997,104.860001,19.84,63.049999,57.349998,159.080002,108.529999,243.25999500000003,19.450001,92.559998,52.169998,189.279999,71.150002,104.550003,36.73,86.650002,110.489998,141.16000400000001,52.450001,55.610001000000004,59.950001,159.229996,43.799999,55.07
2018-02-20,88.91999799999999,60.040001000000004,88.58000200000001,69.309998,93.650002,187.300003,158.759995,140.720001,97.190002,31.93,54.599998,38.860001000000004,57.66,56.419998,542.599976,,76.459999,145.440002,110.779999,46.09,75.690002,97.199997,163.350006,98.459999,79.279999,52.009997999999996,33.209998999999996,264.890015,15.9,53.82,72.860001,33.209998999999996,114.709999,20.950001,49.889998999999996,78.029999,25.1,168.130005,46.889998999999996,83.510002,55.060001,190.639999,13.64,78.800003,104.720001,19.620001000000002,62.700001,56.540001000000004,159.130005,108.480003,243.25999500000003,19.4,92.230003,52.34,187.899994,71.519997,103.790001,36.560001,86.379997,109.910004,139.070007,52.34,54.91,59.950001,159.649994,43.0,54.970001
2018-02-21,88.879997,60.18,88.260002,68.910004,93.410004,189.029999,159.380005,139.369995,97.5,31.870001000000002,55.09,39.07,57.439999,56.450001,543.5599980000001,,77.0,143.720001,111.300003,46.299999,75.540001,98.410004,161.779999,97.389999,78.589996,51.759997999999996,33.439999,263.399994,16.049999,53.950001,72.860001,33.220001,115.190002,21.049999,49.75,78.32,24.98,166.990005,46.950001,82.760002,55.099998,192.820007,13.43,79.120003,105.379997,19.76,63.299999,57.169998,161.279999,108.629997,239.940002,19.620001000000002,91.220001,52.299999,187.580002,71.449997,103.959999,36.57,86.16999799999999,109.949997,138.53999299999998,51.98,55.099998,59.73,157.570007,43.299999,55.860001000000004
2018-02-22,89.260002,60.82,89.139999,68.489998,94.089996,189.854996,160.800003,138.610001,97.940002,32.121497999999995,55.419998,39.380001,57.055,56.880001,544.23999,,77.41999799999999,144.220001,110.209999,46.549999,75.949997,98.760002,161.559998,98.510002,78.855003,52.18,33.544998,264.459991,16.129998999999998,54.130001,72.199997,33.5,116.269997,21.09,50.110001000000004,78.540001,24.98,168.050003,47.290001000000004,82.769997,55.689999,193.600006,13.375,78.91999799999999,105.654999,19.709999,63.200001,57.419899,161.399994,109.5,242.899994,19.780001000000002,91.91999799999999,52.654999,188.51899699999998,71.550003,104.5,36.830002,86.779999,111.809998,139.570007,52.18,55.459998999999996,60.139998999999996,157.830002,43.880001,55.549999
