Date,AAL,ALK,ALLE,AME,AOS,ARNC,AYI,BA,CAT,CHRW,CMI,COL,CSX,CTAS,DAL,DE,DOV,EFX,EMR,ETN,EXPD,FAST,FBHS,FDX,FLR,FLS,FTV,GD,GE,GWW,HII,HON,HRS,INFO,IR,ITW,JBHT,JCI,JEC,KSU,LLL,LMT,LUV,MAS,MMM,NLSN,NOC,NSC,PCAR,PH,PNR,PWR,RHI,ROK,ROP,RSG,RTN,SNA,SRCL,SWK,TDG,TXT,UAL,UNP,UPS,URI,UTX,VRSK,WM,XYL
2017-11-28,49.12553,66.964584,83.166771,71.90973699999999,62.09228100000001,24.181637,167.904724,266.673615,138.34787,80.693283,163.451431,132.002426,51.722733000000005,152.029999,50.289803000000006,148.814819,95.61754599999999,112.089996,63.713699,76.849998,60.870476000000004,50.069771,65.512947,218.05343599999998,47.262104,40.935604,73.222504,203.367447,18.133688,210.522781,240.469131,152.02123999999998,143.668579,44.619999,85.753288,163.712357,105.814247,38.152977,64.407875,106.510773,194.037933,315.250702,55.936218000000004,40.833878000000006,234.24873399999998,37.06694,305.904114,129.52891499999998,67.136826,185.061279,68.989677,37.060001,55.638073,196.252487,264.630066,63.175011,187.948181,163.22503700000001,63.860001000000004,167.78680400000002,277.059998,54.30011,60.189999,117.51364099999999,114.22219799999999,156.600006,117.059669,95.230003,80.747597,68.32225799999999
2017-11-29,49.155471999999996,68.77578000000001,82.777534,71.590141,62.331635,24.021955,170.312775,267.977173,137.42216499999998,83.62291,163.451431,131.65329,54.222713,153.729996,51.801079,147.87837199999998,95.42840600000001,112.650002,63.4356,76.839996,63.990002000000004,50.904270000000004,66.659325,225.45793199999997,47.817661,41.323856,73.352379,203.347519,18.202637,215.697052,239.042923,152.498917,142.6922,44.16,85.179291,165.105835,108.41893799999998,37.825275,64.677246,109.74985500000001,195.711609,316.980072,58.634941000000005,41.931293,236.614761,35.948494000000004,304.701965,135.759048,67.60707099999999,183.656372,68.989677,37.650002,56.543648,189.283646,261.834381,63.980862,187.7789,166.35881,65.290001,166.30836499999998,279.320007,54.819919999999996,62.09,122.293365,118.03984799999999,157.83999599999999,117.50718700000002,94.980003,81.746925,68.00318100000001
2017-11-30,50.393093,68.835487,83.97518199999999,72.598877,63.249157,24.560879,171.281998,275.440338,140.497879,85.76074200000001,166.312714,131.98246799999998,55.527485,157.440002,52.616375,149.292999,97.270073,114.120003,64.379143,77.779999,64.779999,52.04673,68.204437,230.976379,48.025997,42.389061,74.581253,206.32548500000001,18.01549,220.21456899999998,241.02763399999998,155.20576499999999,143.967484,44.619999,86.713257,168.460098,110.91385700000001,37.378399,65.47535699999999,111.763062,197.84356699999998,317.338043,60.417488,42.809227,241.714706,36.344406,305.407349,137.96846000000002,68.900238,186.814957,70.820915,37.900002,56.762581000000004,192.22052,266.796692,64.60764300000001,190.337967,168.55741899999998,66.309998,168.947708,283.790009,55.689602,63.32,125.83464099999999,120.42959599999999,159.479996,120.778999,96.41999799999999,81.80162800000001,69.139893
2017-12-01,48.905949,66.586426,84.414322,71.999619,62.6408,24.451099,166.875549,270.046967,140.86618,85.651871,163.938248,132.571014,55.915928,157.5,51.761311,149.372696,96.44381,112.93,64.250023,77.699997,64.470001,51.838108,67.307266,230.35766600000002,48.283936,42.199909000000005,74.511314,201.823685,17.611641,217.149811,235.362747,153.65330500000002,142.333527,44.709998999999996,85.317841,164.10054,108.78819299999999,37.159927,65.305756,110.01894399999999,194.805023,311.819061,59.670609,42.400188,239.736359,35.859417,298.659302,136.843842,68.234055,186.376541,69.855537,37.389998999999996,55.807251,189.61218300000002,260.19693,63.891327000000004,186.096069,167.383499,66.940002,168.051331,279.869995,54.8699,62.57,123.96453100000001,119.29917900000001,157.08999599999999,119.456352,95.639999,81.364021,68.810852
2017-12-04,49.834164,67.949799,83.266571,71.699997,62.03244399999999,24.680639000000003,172.041382,276.604584,140.84626799999998,85.869614,163.88858000000002,132.511154,56.762539000000004,158.71000700000002,52.606434,150.398788,97.100838,113.400002,64.657234,76.410004,64.93,54.520419999999994,68.672958,238.55052200000003,49.210556,42.637939,74.161644,200.87751799999998,17.680593,226.373932,233.68719500000003,153.026367,141.167847,44.439999,84.23912800000001,165.444244,109.975761,37.169861,66.53286,113.05869299999999,192.214798,310.03903199999996,61.771828,43.198311,237.857437,37.2253,299.586273,139.222443,68.84144599999999,185.18086200000002,68.830444,38.799999,56.384426,189.930756,261.464966,64.697182,184.751801,172.427399,67.360001,169.12698400000002,275.01001,55.159797999999995,62.59,129.39581299999998,122.680527,159.75,119.37679299999999,96.010002,82.696724,68.571541
2017-12-05,49.37505,67.770668,81.839371,71.050003,61.414116,24.181637,170.162903,274.186523,139.492554,85.03823100000001,163.769348,132.71066299999998,55.567326,156.279999,52.089417,150.09993,95.51799799999999,114.389999,64.240089,74.949997,64.800003,53.536903,68.264252,234.908142,48.682484,41.851482,72.882813,199.104691,17.493444,225.58784500000002,232.171234,152.319794,142.054565,44.669998,83.704712,164.249847,109.05763999999999,36.871947999999996,66.303398,111.713226,194.316879,308.40820299999996,61.463119999999996,42.879063,236.86329700000002,37.443054,296.78537,138.177444,68.743484,183.646393,68.223351,38.419998,53.030818999999994,186.844543,257.800659,64.746925,183.069,170.288452,66.5,167.66288799999998,271.950012,53.990223,62.200001,127.336693,119.358673,159.190002,119.62541200000001,95.940002,82.865799,67.644226
2017-12-06,49.514778,67.501976,81.629784,71.040001,61.2346,24.081837,163.917938,276.903107,139.69162,86.255608,164.305847,132.900192,55.407967000000006,156.5,51.999931,148.88453700000002,95.846512,115.690002,64.289757,75.790001,64.339996,53.079918000000006,67.546516,235.89607200000003,48.971428,41.622513,73.222504,199.40348799999998,17.394945,220.333969,233.028946,152.260086,141.99478100000002,45.34,85.36733199999999,165.52388,110.185341,36.981182000000004,67.530502,111.045479,193.908417,310.22796600000004,60.989132,42.051014,237.27090499999997,37.57172,299.227448,138.067978,68.69450400000001,185.659119,68.90010799999999,38.290001000000004,52.821842000000004,189.741592,258.509552,64.9459,184.413254,167.751587,65.779999,167.792374,274.0,53.900256999999996,62.189999,127.27700800000001,117.29615,158.279999,120.53038000000001,95.870003,83.044815,67.783829
2017-12-07,50.782340999999995,69.034531,82.94720500000001,71.400002,61.424088,24.540917999999998,165.21688799999998,280.58493,142.229843,86.522835,168.200394,133.279251,55.935848,158.0,53.103565,150.53826899999999,96.274574,116.83000200000001,65.332611,77.260002,64.18,53.48723199999999,68.025002,238.80000299999998,49.360012,42.458748,73.532219,199.363632,17.444193,221.16983,235.23307799999998,152.538727,142.672272,45.560001,85.85479699999999,165.712982,111.37291699999999,37.100349,67.530502,111.214905,192.89224199999998,312.664307,62.88506700000001,42.210636,238.89135699999997,37.720188,301.699402,140.35701,69.772141,190.641129,69.089203,38.450001,53.26965,191.40416000000002,260.07711800000004,64.90610500000001,185.34925800000002,170.04968300000002,66.949997,167.682816,275.149994,54.769939,63.529999,127.78433999999999,118.724052,162.380005,121.72375500000001,95.440002,83.45258299999999,68.182663
2017-12-08,50.922073,69.402733,82.29847,71.739998,62.052391,24.421158,171.51181,284.495636,143.195358,87.472984,169.770126,134.276779,56.23465,159.179993,53.153275,151.006485,98.15606700000001,117.400002,66.097374,77.290001,64.459999,53.427624,68.005066,240.729996,50.19696,41.941078000000005,73.622139,200.260025,17.444193,222.801712,236.38002000000003,152.916885,142.722092,45.59,87.158043,165.712982,112.281067,37.149998,68.34857199999999,111.364403,193.121384,314.086304,63.194405,42.619675,236.73407000000003,37.561825,304.679749,140.14801,70.506889,192.285172,69.616676,39.400002,54.414058999999995,192.001495,260.176941,64.806618,187.271072,171.30320700000001,66.58000200000001,166.985641,274.619995,54.819919999999996,63.549999,128.43090800000002,118.55547299999999,164.0,122.13148500000001,96.160004,84.10897800000001,67.993217
2017-12-11,51.201534,69.382835,82.009041,71.910004,61.194706000000004,24.381239,173.480225,281.769104,143.105789,87.067192,169.660843,134.187012,56.742615,158.330002,54.05805600000001,150.757431,96.344261,118.519997,65.95832800000001,77.769997,64.160004,53.467361,67.905388,238.61000099999998,49.947868,41.4035,72.942764,198.83577,17.385094,222.433533,233.47776800000003,152.46907,142.114334,45.130001,87.366959,164.259796,111.073532,37.447914000000004,68.21887199999999,110.258133,192.683044,314.404541,63.184425,42.320377,237.89721699999998,37.502438,303.57330299999995,140.874527,70.28157,191.248932,69.437531,39.169998,54.29464300000001,190.617676,256.063324,64.916054,186.285263,170.447632,67.16999799999999,166.22868300000002,274.380005,54.609997,64.239998,128.371231,117.058167,163.820007,122.61878999999999,94.32,84.904625,67.085838
2017-12-12,50.373131,69.462448,81.989082,72.129997,60.895515,24.6008,174.089737,288.515808,142.757401,87.096886,168.120911,134.187012,56.752575,157.190002,53.312358999999994,150.498428,96.75241899999999,118.220001,66.216553,77.760002,64.349998,52.612995,67.018188,239.5,50.246777,41.065022,72.453209,195.389709,17.641191,221.28922999999998,232.91923500000001,152.996506,140.89883400000002,45.200001,85.93438,163.115173,111.013649,37.984161,68.228851,109.929245,193.659348,314.126099,63.294189,42.090916,235.19316099999998,37.542027000000004,306.284515,140.78495800000002,70.44811999999999,191.16922,69.347961,39.119999,54.095615,189.900879,255.024948,64.468361,186.096069,169.900467,67.300003,165.282501,270.0,54.55001800000001,63.360001000000004,130.012543,117.167244,163.649994,122.79779099999999,94.599998,84.178596,67.345093
2017-12-13,49.993858,68.686211,82.47811899999999,71.709999,60.805758999999995,25.129742,167.305206,290.406464,147.88360600000001,86.869247,168.478577,133.877777,57.459740000000004,157.28999299999998,53.322304,151.375076,95.746964,117.400002,66.74295,77.57,64.800003,52.762016,67.10790300000001,242.020004,49.848228000000006,40.836056,72.343315,195.837906,17.493444,223.18977400000003,234.46511800000002,155.046539,141.416916,44.990002000000004,86.680511,163.05545,111.642372,37.398262,67.999397,110.587021,193.240936,316.01547200000005,63.00481,41.921318,237.70832799999997,36.572052,307.460663,141.153183,69.84037,194.008957,69.308151,38.290001000000004,54.085659,190.607727,255.504196,64.806618,187.848587,169.403046,66.040001,165.382111,272.600006,54.599998,63.029999,129.624603,117.40522800000001,163.809998,123.613258,94.410004,84.874779,67.29523499999999
2017-12-14,50.113628000000006,69.054428,81.520004,70.959999,59.878262,24.940120999999998,161.39996299999999,292.43643199999997,145.60418700000002,84.90956899999999,167.455261,133.379013,57.081261,157.179993,54.933006000000006,148.874588,95.318901,118.190002,66.057648,76.440002,64.059998,52.195751,66.489853,238.5,49.688812,40.019733,71.334244,195.42955,17.375244,221.56784100000002,233.25834700000001,152.488968,140.74938999999998,44.880001,85.586189,161.8909,111.16334499999999,37.149998,65.974174,109.500694,191.686798,315.23983799999996,63.713287,41.751713,236.68435699999998,36.225632,305.91571,140.18782,68.963631,191.009781,68.511963,37.439999,53.956295,188.606674,251.98965499999997,64.518097,187.97804299999999,164.647659,65.860001,164.276581,274.480011,54.380001,63.130001,128.490601,115.85833000000001,161.169998,123.076241,94.730003,84.198494,66.507515
2017-12-15,50.961998,70.487465,82.279999,71.220001,60.566402000000004,25.2495,165.696503,292.496155,146.012299,85.78523299999999,168.528244,134.196976,52.718742000000006,158.0,55.778130000000004,150.299164,97.041115,119.510002,66.802544,77.290001,64.440002,52.930901,66.210739,240.05000299999998,50.266705,40.965472999999996,71.99363699999999,198.03898600000002,17.552544,228.83171099999998,238.19519,153.504028,143.55899,45.529999,86.302475,164.399139,112.14135700000001,37.259997999999996,66.034042,110.587021,194.316879,321.017395,64.56147,42.210636,236.60482799999997,36.839290999999996,309.464172,140.43663,68.90385400000001,193.560562,67.845161,37.720001,54.991234,190.08007800000001,252.229279,65.751747,190.567001,167.333755,66.879997,165.043488,276.549988,55.220001,63.759997999999996,129.91308600000002,117.008583,164.28999299999998,125.472923,95.0,85.401901,67.375008
2017-12-18,51.391171,73.204262,82.559998,71.5,61.114922,25.558884,170.662506,294.685364,149.07806399999998,86.730553,170.922577,134.496231,53.37610600000001,159.880005,55.748302,153.457169,98.823051,118.33000200000001,67.895065,77.059998,64.959999,53.358081999999996,67.267403,241.91000400000001,50.655289,41.124756,72.663025,197.65055800000002,17.493444,228.781952,237.965805,153.842392,142.144226,45.529999,86.193039,165.284988,112.60041799999999,37.509997999999996,66.582741,110.676727,193.470062,320.957733,65.559326,42.899014,237.022369,37.146118,307.40087900000003,142.944595,70.338516,197.416641,68.561729,38.380001,55.1007,191.971634,260.915833,66.099968,187.928253,171.730988,67.83000200000001,166.93583700000002,275.399994,56.189999,64.559998,131.773239,117.811775,168.570007,126.009941,95.940002,85.650536,67.70405600000001
2017-12-19,51.341266999999995,72.836052,80.07,72.059998,61.124897,25.578842,171.72164899999999,295.78988599999997,150.212799,86.203156,172.869858,134.55609099999998,54.631077000000005,158.990005,55.430138,153.895508,99.091835,119.440002,68.073837,76.860001,64.66999799999999,52.980576,67.476738,242.539993,50.436085,40.985378000000004,72.663025,199.025009,17.325996,227.458527,237.36740099999997,153.364716,142.044601,45.07,86.292526,166.67846699999998,112.510597,37.459998999999996,66.233566,111.69329099999999,192.214798,318.183319,65.77885400000001,42.899014,236.992538,37.116425,306.125031,143.03416399999998,70.637405,197.35685700000002,68.860298,37.799999,55.13055799999999,192.977127,258.73919700000005,65.164772,186.633774,171.462387,67.779999,167.97164899999999,270.920013,56.349998,64.43,132.5392,118.000183,166.380005,126.079552,96.0,85.183098,67.664169
2017-12-20,51.820343,73.413246,81.0,72.480003,61.314384,26.077845,170.63253799999998,296.436676,151.81535300000002,86.322571,174.01238999999998,134.735657,55.188843000000006,159.08999599999999,55.897442000000005,153.785919,99.06197399999999,118.889999,68.49098199999999,77.150002,64.480003,53.19913100000001,67.686073,251.07000699999998,50.715073,40.94556,72.922775,200.48909,17.188097,229.796906,237.38734399999998,153.981705,141.81544499999998,45.43,86.760101,167.763367,112.520576,37.650002,66.233566,110.31793200000001,193.370453,315.94586200000003,65.948486,43.567440000000005,235.531158,35.849522,305.626648,144.148819,71.04588299999999,198.343292,69.447487,38.540001000000004,55.59826700000001,192.210571,258.579437,65.940781,185.877014,174.039047,68.760002,168.3302,271.420013,57.0,65.900002,133.97160300000002,117.335815,168.300003,126.29834,96.32,85.322334,67.62428299999999
2017-12-21,52.688675,74.328796,81.0,72.620003,61.543762,26.746508000000002,172.27121,293.58078,153.925568,86.700691,173.525574,134.645859,54.660956999999996,159.649994,55.70853,155.270294,100.405891,119.57,69.10676600000001,78.099998,64.150002,53.755463,69.101601,250.169998,51.073761,41.4035,72.732956,201.664322,17.207796,233.85672000000002,234.754364,152.97659299999998,142.263779,45.040001000000004,89.91375,167.474716,112.49063899999999,38.0,66.323357,108.25488999999999,194.546005,315.418823,65.88861800000001,44.136105,233.403702,36.077168,303.50354,143.591492,70.966187,198.971024,69.835625,39.400002,55.59826700000001,193.275787,257.980377,66.418327,186.04628,174.645905,68.83000200000001,168.380005,272.859985,57.18,67.279999,133.026611,117.583717,170.470001,126.606628,95.58000200000001,85.322334,67.554489
2017-12-22,52.489059,73.920776,80.339996,72.599998,61.094975,26.776446999999997,172.041382,293.65045200000003,155.030426,88.262955,174.618423,134.755585,54.78047900000001,156.850006,55.70853,156.933975,100.00769,119.730003,69.186226,77.510002,64.769997,53.695854000000004,68.314087,250.020004,50.884453,41.204395,72.40325899999999,201.823685,17.237345,233.67759700000002,236.80888399999998,152.747711,142.253815,45.049999,89.306892,166.350006,114.296951,38.110001000000004,66.123825,107.82633999999999,196.956909,316.25415,65.828751,43.727066,233.353989,36.166247999999996,302.795837,143.830353,70.737038,198.532608,69.397728,39.41,55.409195,193.70388799999998,259.128601,66.587456,186.514282,173.800278,68.309998,166.78643799999998,270.649994,56.759997999999996,67.25,133.76272600000001,117.64321100000001,169.490005,126.527077,95.33000200000001,85.441681,67.384979
2017-12-26,52.748557999999996,74.478065,80.389999,72.540001,61.493896,27.015968,175.938248,293.909149,155.717255,88.35251600000001,174.995956,134.595978,54.650997,155.520004,56.106239,158.149353,100.664726,118.980003,69.057106,77.32,64.860001,53.775332999999996,68.722801,249.63999900000002,51.263073,41.582691,72.553123,201.15638700000002,17.286935999999997,234.841797,236.17059300000003,153.016403,141.675949,45.0,88.749786,166.320145,114.68615700000001,37.900002,65.89437099999999,107.27818300000001,196.588303,316.731476,65.83873,43.916618,234.06977799999999,35.839619,302.855652,143.909973,70.886482,198.223724,69.04939300000001,39.5,55.04099300000001,193.664063,260.316742,66.428268,186.66366599999998,173.919678,67.839996,167.135025,273.109985,56.880001,67.349998,133.941772,117.266403,170.610001,126.437569,95.650002,85.411835,67.30520600000001
2017-12-27,52.299427,74.010345,80.0,72.66999799999999,61.713306,27.285431,177.087326,294.167877,156.79226699999998,89.059021,175.095322,134.975052,54.919918,156.020004,55.798016000000004,157.979996,100.68463100000001,119.779999,69.275612,77.41999799999999,65.209999,54.35153199999999,68.52343,250.02999900000003,51.263073,41.612556,72.303352,201.903366,17.237345,235.826904,236.958481,153.205475,142.6922,45.169998,88.650299,166.350006,115.235046,37.919998,66.123825,106.739998,197.42514,317.656281,65.818771,43.776951000000004,234.815384,35.493202000000004,305.168152,145.21371499999998,70.577629,198.19383200000001,69.069298,39.48,55.160408,195.117569,260.206909,66.587456,187.11174,174.506622,67.82,168.001526,273.809998,56.970001,67.120003,135.602997,118.07951399999999,171.470001,126.87513700000001,95.769997,85.640587,68.03310400000001
2017-12-28,52.359306,74.20938100000001,79.559998,72.870003,61.444035,27.564873,177.69683799999999,294.894318,157.688095,89.01921800000001,176.049072,135.364075,54.78047900000001,156.619995,56.026695,157.699997,100.983284,119.730003,69.504051,78.160004,65.360001,54.778713,68.563301,248.32000699999998,51.571945,41.771839,72.433228,203.038773,17.21751,236.78216600000002,238.813538,153.384613,142.6922,45.290001000000004,88.769684,166.71000700000002,115.005508,38.18,66.413139,105.610001,198.301834,320.301422,65.728966,44.016384,234.33819599999998,35.631766999999996,307.291229,144.616577,71.17540699999999,198.492752,69.805771,39.330002,55.757492000000006,196.65069599999998,260.19693,67.065002,188.117447,174.974213,67.870003,169.3461,275.769989,57.0,67.540001,134.409302,118.04976699999999,173.330002,127.412148,96.449997,85.819603,68.05304
2017-12-29,51.930134,73.154503,79.559998,72.470001,61.114922,27.19561,175.858322,293.46139500000004,156.851974,88.651039,175.492706,135.284271,54.790436,155.830002,55.678703000000006,156.509995,100.535301,117.91999799999999,69.21601899999999,79.010002,64.690002,54.331661,68.224373,249.539993,51.462345,41.941078000000005,72.283371,202.630417,17.306772,235.080627,235.073502,152.618332,141.127975,45.150002,88.729889,166.850006,114.74604,38.110001000000004,65.804581,105.220001,197.106354,319.25726299999997,65.30986,43.836807,233.99025,36.027679,305.91571,144.208527,70.816742,198.86141999999998,70.283485,39.110001000000004,55.269875,195.475967,258.599396,67.610001,187.05200200000002,173.402344,67.989998,169.007462,274.619995,56.59,67.400002,133.394669,118.148926,171.91000400000001,126.86518899999999,96.0,85.829552,68.00318100000001
2018-01-02,52.888293999999995,74.647255,79.910004,72.75,61.364245999999994,27.704591999999998,179.665253,295.38189700000004,156.314468,89.297836,175.909988,135.54363999999998,56.115131000000005,156.850006,56.414458999999994,158.009995,101.232155,119.540001,70.258873,78.860001,64.980003,54.182648,68.52343,257.600006,52.139877,42.309418,72.313339,199.682358,17.832420000000003,234.543304,227.403946,152.96666000000002,141.546448,45.549999,88.29216,165.270004,115.853775,38.23,66.71244,107.160004,197.52478,316.76129199999997,66.148064,43.707115,234.258667,36.285019,304.251099,146.258713,72.74955,199.160339,69.895348,39.240002000000004,55.638073,196.780136,260.15698199999997,66.58000200000001,186.279999,175.979004,68.559998,167.832214,275.109985,57.299999,68.940002,135.065826,122.63094299999999,173.580002,127.451935,95.83000200000001,85.630638,67.873566
2018-01-03,52.239540000000005,74.29894300000001,80.25,73.389999,61.733253000000005,27.924152000000003,177.496994,296.337158,156.55336,89.049065,177.847321,136.211975,56.822295999999994,158.419998,55.37048299999999,158.729996,102.048462,120.160004,70.904457,81.639999,65.07,54.202515000000005,69.33087900000001,260.820007,52.907074,42.18,72.353302,200.927322,18.001026,233.07061800000002,228.780273,151.702789,142.293686,45.209998999999996,89.485962,165.96000700000002,116.632195,38.959998999999996,66.941895,107.089996,198.491135,319.416382,64.771027,43.896667,234.24873399999998,35.621871999999996,305.65655499999997,146.268661,73.636261,200.78447,70.462631,39.549999,55.538563,199.65725700000002,261.674622,66.900002,188.300003,174.287766,67.629997,168.449722,270.22000099999997,57.630001,68.489998,135.821823,125.347931,175.190002,129.32153300000002,95.550003,86.873825,68.701172
2018-01-04,52.56890500000001,73.492859,81.370003,73.980003,62.022468999999994,29.261478000000004,180.45462,295.212738,158.703384,89.277939,180.56951899999999,136.09226999999998,56.553371,161.169998,55.37048299999999,159.639999,102.63580300000001,121.639999,71.00376899999999,80.769997,65.0,54.42106999999999,69.90905,264.880005,53.06649399999999,43.419998,74.181618,204.383347,18.377909,234.891556,232.04159500000003,153.752823,141.90510600000002,45.68,89.923698,166.149994,116.652153,39.849998,67.630264,107.0,197.52478,324.89563,64.56147,43.946548,237.310669,35.42392,307.550385,146.676712,74.572777,201.70114099999998,72.20429200000001,39.860001000000004,55.707733,198.771225,264.450317,68.440002,190.08999599999999,175.26271100000002,70.849998,169.107056,272.839996,57.580002,69.260002,135.085724,126.161041,172.0,129.729279,96.029999,87.619736,69.15984300000001
2018-01-05,52.548945999999994,73.383392,81.57,73.790001,62.820316000000005,29.5509,185.21078500000002,307.322937,161.211746,89.128677,180.281418,136.32171599999998,57.489624,161.639999,55.648876,160.320007,101.919044,122.83000200000001,71.93737800000001,81.389999,65.089996,54.53035,71.394356,265.920013,53.21595,43.400002,73.33240500000001,203.875381,18.387826999999998,237.070724,233.12869300000003,154.827606,143.210297,45.950001,89.247208,166.029999,116.033409,38.419998,67.979439,109.190002,200.822327,327.839081,64.182281,44.355587,239.159775,35.631766999999996,307.221466,149.55291699999998,74.821846,203.076187,72.313766,39.509997999999996,56.03613299999999,199.079849,266.60699500000004,68.260002,190.229996,177.53096000000002,71.16999799999999,169.89389,274.910004,58.5,69.360001,136.806625,126.54776000000001,171.380005,130.843094,96.879997,87.510338,69.03022
2018-01-08,52.029942,72.398178,81.239998,74.279999,63.11950699999999,29.7006,185.580475,308.62652599999996,165.262939,90.33270999999999,180.937119,136.551132,58.505554000000004,161.899994,54.36628,161.110001,101.97878299999999,121.989998,71.708946,82.029999,65.480003,55.106552,71.20495600000001,268.660004,53.58460600000001,43.720001,73.182541,203.875381,18.129959,237.070724,235.412598,153.991669,145.860474,46.68,89.95354499999999,167.570007,117.789833,38.939999,67.79986600000001,109.940002,202.496002,326.32757599999997,63.862968,44.565090000000005,238.384323,35.790131,307.261353,151.841949,74.582741,204.809921,72.244095,39.099998,56.49389300000001,201.110764,268.140015,68.16999799999999,192.360001,180.535416,70.760002,171.96553,276.019989,58.349998,68.510002,138.70658899999998,128.084732,172.449997,132.086197,97.0,87.570015,69.279495
2018-01-09,51.980042,70.94524399999999,82.93,74.0,63.069644999999994,29.7505,157.822845,316.86584500000004,165.661087,91.009361,180.778168,137.59854099999998,59.023472,161.220001,53.859203,165.600006,103.581535,122.25,71.828133,81.980003,66.050003,54.997271999999995,70.09845,267.75,53.614498,43.299999,73.712051,205.050644,18.407660999999997,236.11546299999998,238.564194,155.255524,145.08334399999998,46.799999,90.42112,168.860001,120.065193,38.75,67.550453,110.470001,204.21951299999998,328.66445899999997,62.246437,45.323307,239.86560099999997,35.958397,309.38446,152.86702,74.552856,206.57356299999998,72.532715,38.639998999999996,56.354576,201.847473,270.320007,67.980003,193.699997,177.839371,70.129997,172.911697,282.410004,58.450001,68.480003,140.258377,128.025238,172.429993,133.528183,96.730003,87.211975,69.299438
2018-01-10,53.676773,71.70156899999999,82.599998,73.720001,63.239185,29.730541,158.86201499999999,318.68685899999997,165.103668,90.989464,179.38725300000002,137.608505,58.246590000000005,160.330002,55.539508999999995,164.940002,102.237602,121.18,72.09629100000001,82.470001,65.440002,54.053497,68.862358,268.01001,53.86359,42.470001,72.952751,203.925186,18.774624,230.60289,236.699173,156.330292,144.615082,46.970001,90.51065799999999,167.309998,119.865601,39.060001,67.650215,106.540001,204.956726,329.201416,62.825194999999994,44.605,239.726425,35.889107,306.613434,150.88652,73.83551800000001,205.866104,73.06019599999999,38.139998999999996,55.518657999999995,201.23023999999998,268.769989,67.529999,193.479996,179.460983,70.269997,170.352036,281.230011,58.400002,73.08000200000001,138.96521,128.699524,173.199997,134.154694,96.339996,86.794258,68.80088
2018-01-11,56.311707,74.448212,84.379997,74.57,64.575577,30.339321,159.721329,326.50824,168.418289,93.457237,182.705551,137.44889799999999,58.45575,162.050003,58.184245999999995,167.46000700000002,103.043961,121.489998,73.37751800000001,83.989998,66.389999,54.72904200000001,69.56015,271.190002,55.945999,43.470001,73.642113,204.682129,18.863885999999997,236.54335,238.63401800000003,157.156281,144.764542,47.459998999999996,91.51544200000001,169.0,120.68393700000001,39.560001,69.336235,107.650002,205.693954,329.281006,64.701164,45.73,240.889557,35.928699,308.54715,153.29496799999998,75.29010799999999,207.599854,73.776756,39.07,56.314769999999996,205.222382,272.5,68.260002,193.350006,182.813614,71.58000200000001,171.836044,287.51001,59.09,76.449997,139.611801,132.338699,179.990005,134.244202,96.66999799999999,87.699303,69.76808199999999
2018-01-12,58.357773,73.164452,85.040001,75.199997,65.144035,30.778444,158.612213,334.558502,169.51321399999998,93.81546800000001,182.983734,137.488815,59.013515000000005,160.46000700000002,59.486731999999996,169.300003,103.671127,122.849998,73.407318,84.239998,66.730003,55.225765,70.39750699999999,271.850006,56.862652000000004,44.0,74.401421,209.74165299999999,18.60602,234.503494,246.77232400000003,158.300735,146.667496,47.849998,90.63003499999999,170.520004,120.813667,39.799999,69.39609499999999,110.400002,208.67271399999998,334.372406,65.220055,45.759997999999996,243.03691099999998,37.076836,314.128998,153.603485,76.117035,209.283752,73.408524,39.439999,56.085888,206.99444599999998,275.27999900000003,68.379997,197.46000700000002,182.644501,71.599998,172.72245800000002,292.5,60.150002,78.400002,140.427475,132.963394,180.889999,135.825409,97.5,87.788811,70.256668
2018-01-16,57.868713,70.935287,84.07,74.910004,64.89471400000001,30.349302,160.460724,333.51367200000004,168.52778600000002,92.511925,181.364334,136.311722,57.897987,161.220001,59.009482999999996,167.53999299999998,102.894638,122.160004,72.334663,83.349998,65.470001,55.076747999999995,70.1782,269.579987,57.819164,45.049999,73.92186,205.498825,18.060534,230.662598,234.52496299999999,157.12643400000002,145.232803,47.990002000000004,89.794373,169.220001,120.394524,40.169998,69.256424,111.0,206.610489,328.266663,65.329819,45.240002000000004,243.30532799999997,36.720515999999996,311.527466,152.269882,75.688629,209.154221,73.209473,38.689999,55.429095999999994,204.107361,274.880005,68.089996,195.729996,179.739532,72.160004,170.32214399999998,293.850006,58.779999,77.489998,139.57200600000002,131.763565,178.970001,133.229828,97.199997,87.679413,70.336433
2018-01-17,58.048367000000006,70.47751600000001,84.209999,76.029999,65.41330699999999,30.479044000000002,163.668137,349.285828,167.721527,92.521873,182.496918,136.511246,57.459740000000004,162.669998,59.377361,167.429993,103.870224,123.220001,72.573029,83.599998,66.07,51.857979,71.58375500000001,271.48999,57.918804,43.380001,74.671165,207.68000800000002,17.207594,224.115158,236.609421,157.643921,147.066025,47.869999,89.714783,171.020004,120.404503,39.529999,69.416054,110.809998,211.810867,332.990143,65.928535,45.830002,246.655563,35.918803999999994,316.481384,153.31488000000002,76.256516,210.041016,73.229385,38.73,56.84219,205.640503,276.589996,68.25,196.990005,180.236954,72.199997,173.061096,294.440002,59.169998,76.58000200000001,139.72122199999998,132.884064,180.169998,133.677338,98.010002,88.047394,70.815048
2018-01-18,58.228024,69.452492,84.050003,76.07,65.732452,30.289423,161.360001,338.489105,168.050003,93.218422,182.526733,137.059875,57.818302,161.800003,59.108909999999995,167.899994,103.52179699999999,122.839996,72.950439,83.559998,66.089996,52.940838,72.401169,272.179993,59.841793,44.330002,74.391426,207.800003,16.632353,226.403778,236.250381,157.016968,145.202927,47.650002,89.864006,170.320007,121.202873,39.290001000000004,69.22649399999999,111.5,209.200729,331.140533,64.9207,46.27,244.46846000000002,36.186043,313.28173799999996,152.677933,76.117035,209.781952,73.209473,38.529999,55.648026,204.137238,276.420013,67.910004,195.71000700000002,178.83421299999998,71.529999,174.04711899999998,294.100006,58.810001,76.300003,139.69136,132.46760600000002,181.240005,133.866302,98.199997,87.480499,70.90479300000001
2018-01-19,57.948563,68.54689,86.230003,76.980003,66.859406,30.159681,163.149994,336.071045,170.41000400000001,94.691132,187.851913,137.329208,57.26054,164.059998,59.66569499999999,170.320007,103.939911,124.529999,72.642555,83.949997,66.400002,53.397819999999996,72.41114,274.320007,60.21044499999999,43.709998999999996,74.491333,209.100006,16.126539,228.91131600000003,241.47644,157.922562,145.35235600000001,48.869999,90.460915,172.419998,123.35848200000001,38.900002,69.785172,110.0,209.937927,330.146118,64.910721,45.900002,246.725143,36.334507,315.345062,150.677505,77.222931,210.180511,73.62748,38.990002000000004,56.742676,202.60408,275.690002,68.199997,196.679993,181.848618,72.0,175.20245400000002,299.170013,58.900002,76.5,140.50706499999998,131.961884,183.669998,135.14917,98.900002,87.57995600000001,71.702484
2018-01-22,57.988482999999995,68.218491,85.800003,76.5,66.819511,30.369263,165.699997,336.339722,170.889999,94.959801,188.348663,137.01001000000002,57.49958,165.139999,59.785011,170.380005,104.36796600000001,125.0,72.761742,84.360001,66.440002,53.974022,72.610504,273.890015,61.067322,43.77,74.13166,208.199997,16.037277,228.722244,238.245056,157.77328500000002,142.662308,48.369999,89.37653399999999,173.389999,125.13485700000001,39.200001,70.064522,110.959999,209.011429,327.162872,64.75106,45.869999,245.85031099999998,36.720515999999996,314.119049,150.74719199999998,77.35244,209.47306799999998,73.58766899999999,39.09,57.170586,203.022202,276.070007,68.279999,196.369995,181.74913,70.989998,174.525177,296.850006,59.09,76.870003,141.223267,131.743729,187.119995,134.462982,99.519997,88.176689,72.44034599999999
2018-01-23,58.17811999999999,69.134041,85.349998,77.0,66.620056,30.239521000000003,166.720001,333.941559,169.429993,94.432411,187.206131,137.10974099999999,56.87209300000001,164.899994,59.586155000000005,168.66000400000001,105.084732,124.989998,72.622688,85.120003,66.889999,54.053497,72.27158399999999,272.019989,61.236702,44.07,74.990868,207.479996,16.751368,228.31427000000002,234.41525299999998,158.818207,141.885193,48.509997999999996,91.296577,173.059998,125.33445,40.470001,69.71534,111.660004,208.413681,326.864563,65.12026999999999,45.459998999999996,244.866119,36.700726,312.464447,150.936279,77.073479,208.576309,72.82133499999999,38.869999,56.782481999999995,203.77883899999998,276.630005,68.279999,196.229996,182.2565,70.559998,173.190567,300.369995,59.099998,77.970001,140.616486,130.960373,185.869995,135.278458,99.25,88.117012,72.400459
2018-01-24,54.684837,64.37715899999999,85.58000200000001,76.900002,66.620056,30.419163,166.889999,333.04599,168.33999599999999,95.706108,187.12666299999998,137.508774,56.643013,164.979996,56.474113,169.600006,104.308243,125.730003,72.13601700000001,84.5,67.050003,56.487446,72.899597,270.410004,61.057357999999994,45.34,75.290596,219.270004,16.305063,270.62381,237.50701899999999,159.196381,142.572647,48.68,91.505501,173.759995,125.394333,40.599998,70.074493,112.690002,209.001465,328.644562,62.076801,45.91,246.23802200000003,37.146118,312.44448900000003,149.224487,78.000038,208.07811,73.099998,38.970001,57.150684,199.577621,276.51001,68.129997,198.08999599999999,181.82872,70.690002,169.90383899999998,303.899994,59.709998999999996,69.050003,140.447372,130.583572,185.520004,134.930374,99.0,88.017555,72.360573
2018-01-25,52.948177,61.769829,85.349998,76.980003,67.218437,30.409182,167.070007,341.424591,169.369995,96.05438199999999,188.16983000000002,138.216995,55.915928,166.580002,54.495532999999995,169.130005,103.959816,126.75,72.185684,85.220001,66.709999,56.725871999999995,72.251648,268.040009,60.997578000000004,45.029999,74.741104,226.52999900000003,16.047195000000002,285.022186,240.60874900000002,161.05732700000002,143.937592,48.450001,91.09761,174.759995,123.737701,40.790001000000004,69.695389,111.41999799999999,208.413681,332.850952,60.061122999999995,45.43,250.88064599999998,36.819496,323.947113,147.52264399999999,76.933998,206.76286299999998,73.349998,38.889998999999996,57.061119,198.821014,279.079987,68.5,202.83999599999999,180.097687,70.480003,168.479599,306.850006,60.529999,66.08000200000001,132.897308,130.18692,181.91000400000001,136.988953,98.589996,88.077225,73.02864100000001
2018-01-26,52.968136,64.227882,86.370003,78.08000200000001,67.657249,30.778444,168.419998,341.534088,167.059998,96.253403,191.249695,139.024994,57.678864000000004,167.770004,54.942947,171.490005,104.56707,127.489998,73.546364,86.489998,67.050003,57.312004,72.83979000000001,268.850006,61.306445999999994,45.580002,76.499481,226.24000499999997,15.997604999999998,283.848053,247.10144,164.192093,145.611389,48.240002000000004,93.33600600000001,178.880005,124.775589,41.43,69.785172,113.5,216.194321,342.974091,60.689777,45.330002,257.11389199999996,36.809597,334.4729,150.249573,78.41848,208.905121,74.019997,39.139998999999996,58.255283,202.106308,284.140015,69.300003,208.91000400000001,181.311401,72.0,169.037354,314.130005,60.860001000000004,66.559998,133.523987,131.604919,185.369995,137.217667,98.309998,89.220963,74.195267
2018-01-29,52.578888,65.163338,86.68,77.489998,66.639999,30.199602000000002,163.580002,339.14587400000005,162.580002,95.835464,189.570679,137.91773999999998,57.001575,166.0,55.440079000000004,169.179993,103.213196,124.769997,72.49356800000001,85.589996,66.269997,56.100002,71.37442,267.690002,61.386157999999995,45.369999,76.30965400000001,225.5,16.146376,273.121399,247.041611,160.68911699999998,146.647568,47.549999,93.38575,176.899994,121.512245,40.459998999999996,70.882591,113.699997,216.642639,349.457703,60.230762,44.639998999999996,254.509262,36.651234,337.243866,150.667572,78.70740500000001,205.726608,73.809998,38.869999,57.329806999999995,198.89068600000002,281.299988,68.440002,211.22000099999997,176.993759,73.010002,167.82225,317.27999900000003,61.220001,65.779999,135.33441200000001,129.542389,180.470001,135.914917,98.25,87.739082,73.19815799999999
2018-01-30,52.489059,63.889523,85.440002,76.550003,66.41999799999999,29.860281,158.33999599999999,336.051147,163.759995,94.462265,186.033798,137.44889799999999,56.633056999999994,165.820007,55.798016000000004,168.509995,106.568024,123.08000200000001,71.977112,84.739998,64.959999,55.830002,70.596878,261.459991,60.150661,45.209998999999996,75.959976,224.27999900000003,15.819083,274.086609,244.13934300000003,158.201202,155.733963,47.779999,92.052658,175.190002,120.47436499999999,39.84,69.535767,112.220001,213.56425499999997,348.433472,59.7019,44.52,250.065445,36.14645,338.36026,149.333969,75.45948,203.913162,71.650002,38.400002,57.120831,198.89068600000002,279.630005,68.269997,209.179993,171.999603,72.459999,165.690857,317.369995,60.18,67.010002,134.64804099999998,127.03364599999999,182.139999,135.74585,99.120003,87.470551,72.859131
2018-01-31,54.215740000000004,65.412132,86.110001,76.300003,66.779999,30.0,154.440002,352.629303,162.779999,91.009361,186.778931,138.147186,56.543415,168.449997,56.444286,166.419998,105.731804,124.93,71.738747,83.970001,64.949997,54.959998999999996,70.706528,262.480011,60.479465000000005,45.32,75.949989,222.479996,16.037277,268.325256,236.908615,158.897827,158.79264799999999,47.73,94.141823,173.669998,120.58413700000001,39.130001,69.29633299999999,113.129997,211.66143799999998,352.86852999999996,60.669819,44.66,249.03155499999997,37.027347999999996,339.426788,150.16000400000001,74.283852,200.694794,71.5,38.490002000000004,57.59849499999999,196.41175800000002,280.589996,68.800003,208.940002,170.42773400000002,75.360001,165.561386,316.910004,58.669998,67.82,132.797821,126.25028200000001,181.110001,137.247513,100.050003,87.947937,72.051476
2018-02-01,53.776585,63.770111,85.16999799999999,77.910004,66.790001,30.110001,153.66000400000001,355.186676,162.240005,91.526802,187.94133,139.064896,56.354176,165.179993,56.09629399999999,167.850006,104.865715,124.150002,72.086365,87.860001,64.57,54.5,69.600029,261.829987,60.220409,45.59,75.480423,225.210007,15.88851,264.812714,240.828171,158.87791399999998,157.098907,47.599998,96.101662,173.080002,120.54422,39.810001,69.855011,112.870003,213.27534500000002,355.38443,60.18087,44.07,246.48655699999998,38.116093,341.749237,148.470001,74.44326,192.773422,72.160004,38.259997999999996,58.24533100000001,198.303314,281.25,68.790001,210.850006,169.00511200000003,74.25,166.099213,315.200012,59.84,67.150002,131.683716,118.505905,179.649994,137.555801,100.260002,87.371101,74.624023
2018-02-02,52.0,64.247787,81.849998,77.25,64.639999,29.110001,149.949997,347.19613599999997,157.490005,91.337738,183.1129,137.339172,55.02948000000001,161.820007,54.306622,164.96000700000002,102.755264,121.489998,70.090034,85.089996,63.610001000000004,53.560001,64.695526,255.86999500000002,58.576405,44.57,75.280602,221.72000099999997,15.511628,258.404602,243.122055,155.892426,155.32547,47.02,94.748672,170.380005,117.92955,39.529999,66.961845,110.150002,209.708801,350.690765,58.584293,42.900002,243.732803,37.106528999999995,335.698914,145.029999,72.331108,189.953598,71.239998,36.09,55.966473,193.156326,285.200012,68.239998,206.800003,167.02536,73.379997,163.181,307.27999900000003,59.060001,65.68,128.679596,115.49144,173.300003,133.866302,98.83000200000001,86.058296,75.441666
2018-02-05,49.759997999999996,62.436588,79.110001,73.900002,61.560001,26.52,145.220001,327.264526,151.080002,89.88493299999999,177.847321,133.917679,51.782494,156.46000700000002,52.21867,157.020004,98.126205,118.400002,67.974518,81.58000200000001,61.779999,52.060001,62.781574,248.5,56.04563100000001,42.110001000000004,71.594009,211.22000099999997,14.78762,252.852219,228.00235,149.443756,147.65383899999998,45.150002,90.062973,161.119995,114.396751,37.52,63.001202,105.18,198.64056399999998,334.581207,56.86798100000001,41.279999,230.083282,35.710953,321.325623,138.610001,68.943703,181.34471100000002,68.279999,34.400002,54.14536999999999,183.738434,266.75,64.940002,198.360001,163.443893,70.720001,157.51387,296.859985,56.66,63.400002,123.487053,112.348076,166.71000700000002,126.53701000000001,94.889999,81.30435200000001,72.450317
2018-02-06,51.18,62.884411,80.110001,74.709999,62.32,25.280001000000002,148.91000400000001,339.235413,156.41000400000001,90.322762,173.694473,134.685776,53.605185999999996,156.350006,52.795341,161.880005,99.380531,118.410004,68.779007,82.68,61.869999,53.02,63.957863,250.17999300000002,56.952328,41.830002,72.043594,212.460007,15.144666,257.72796600000004,227.06485,150.667816,148.092224,45.790001000000004,91.27668,164.139999,115.694107,37.619999,63.988868999999994,107.32,201.549576,335.704926,58.015514,42.34,232.26045200000002,36.482975,326.43899500000003,143.050003,69.79055799999999,186.246994,68.480003,35.18,55.737587,187.730591,268.790009,64.559998,201.130005,166.209579,71.309998,160.969925,290.660004,57.099998,63.950001,130.460175,111.76303100000001,171.33999599999999,129.092819,95.010002,81.354088,71.124153
2018-02-07,51.400002,63.919383999999994,79.959999,74.160004,62.720001,25.1,148.070007,346.410004,154.33999599999999,92.113892,171.618042,135.064819,52.758582999999994,156.600006,53.541039000000005,161.440002,99.470123,117.599998,68.49098199999999,81.620003,62.130001,53.240002000000004,63.200256,251.149994,56.832764000000005,41.549999,71.62397800000001,214.94999700000002,15.124829,258.603638,234.19584700000001,150.458832,152.226929,45.169998,90.719574,163.440002,117.70999099999999,37.599998,65.854462,107.099998,206.90936299999998,343.501129,57.766048,42.689999,231.823029,37.175816,336.566101,142.679993,68.43559300000001,182.649994,68.650002,34.450001,55.946568000000006,187.939651,266.190002,64.599998,204.320007,165.771851,72.839996,159.097488,292.100006,57.91,65.360001,128.281708,110.969757,173.580002,131.240891,94.690002,81.28447,71.582825
2018-02-08,48.599998,63.730301000000004,77.32,72.050003,60.240002000000004,24.450001,145.41000400000001,329.660004,145.990005,90.024239,164.653564,132.979996,50.268559,149.320007,50.936069,153.66000400000001,95.766869,114.0,65.94839499999999,79.410004,60.360001000000004,52.150002,62.243275,239.270004,55.109051,40.82,69.076324,206.050003,14.331395,257.320007,224.77096600000002,145.313843,149.287796,43.73,87.148087,156.149994,114.809998,36.549999,62.671978,103.529999,198.042801,332.433289,55.510891,40.700001,221.58340499999997,33.553249,322.960327,136.889999,66.731926,174.509995,66.66999799999999,33.509997999999996,52.005825,177.93438700000002,259.399994,62.720001,198.740005,155.91288799999998,70.550003,152.245163,283.0,55.540001000000004,63.369999,124.20326999999999,108.361847,161.990005,126.775696,92.279999,78.688698,70.0373
2018-02-09,48.360001000000004,64.407013,78.489998,72.300003,60.959998999999996,24.66,147.050003,332.829987,149.21000700000002,88.90975999999999,162.984482,133.240005,50.686882000000004,152.729996,50.17049,154.929993,96.911697,112.199997,68.600235,80.769997,60.619999,53.48,61.515575,235.32000699999998,54.810134999999995,40.360001000000004,72.38327,212.100006,14.817373000000002,267.339996,229.69782999999998,147.18473799999998,152.456085,44.310001,88.70005,160.130005,115.110001,36.290001000000004,62.083366000000005,103.769997,201.748825,339.51355,55.381168,42.130001,223.88981600000002,33.355297,331.612183,138.220001,67.25,176.889999,67.089996,33.529999,52.961158999999995,182.225204,261.52999900000003,61.959998999999996,204.520004,157.99211100000002,70.150002,153.60965,282.549988,56.310001,62.98,126.61053500000001,105.496132,164.259995,124.339226,92.910004,79.66334499999999,70.615623
2018-02-12,50.09,65.690773,79.75,74.0,61.98,24.84,150.490005,343.799988,152.28999299999998,90.730743,164.693314,134.679993,52.947823,154.399994,51.751366,159.21000700000002,97.82755300000001,114.400002,69.831795,82.019997,62.369999,52.84,62.951042,239.92999300000002,56.105415,41.419998,74.231575,209.529999,14.698359,269.429993,234.305542,148.74714699999998,152.226929,45.209998999999996,90.441017,161.419998,115.879997,37.41,62.941341,105.41999799999999,203.67158500000002,343.879028,56.688366,43.119999,227.846481,33.256316999999996,336.346802,139.91000400000001,68.239998,180.979996,69.029999,33.98,53.33931,185.47070300000001,270.119995,62.619999,207.520004,158.429855,71.370003,157.404312,286.200012,57.549999,64.139999,127.96338700000001,105.416801,166.059998,126.676239,94.300003,80.130783,71.72242
2018-02-13,50.869999,66.566521,79.650002,74.41999799999999,62.73,24.780001000000002,148.869995,343.160004,153.970001,92.263153,164.55423000000002,134.059998,53.346226,156.070007,51.870678000000005,161.300003,97.67823,114.550003,69.901321,81.83000200000001,63.119999,53.57,62.881264,240.32000699999998,55.617194999999995,41.09,74.07171600000001,211.809998,14.54959,271.369995,236.82884199999998,147.781845,152.456085,45.299999,89.794373,161.850006,118.33000200000001,37.389998999999996,62.123276000000004,104.120003,205.83342,348.27435299999996,57.037613,42.759997999999996,230.00375400000001,32.721844,342.24762000000004,140.309998,68.139999,179.830002,69.389999,33.720001,54.374252,183.618973,270.47000099999997,63.279999,209.529999,156.82814,72.16999799999999,156.438232,285.799988,57.549999,65.699997,127.625175,106.656296,166.330002,125.075134,94.879997,80.349586,72.559998
2018-02-14,51.07,66.437149,79.970001,74.709999,64.059998,25.48,151.669998,344.850006,158.059998,91.974586,164.92181399999998,134.440002,54.92988199999999,164.360001,51.900509,163.279999,99.24116500000001,114.050003,70.824997,82.66999799999999,63.669998,54.650002,62.961009999999995,240.82000699999998,57.161564,42.189999,74.121674,218.25,14.777701,264.73999,240.75834700000001,149.652756,154.39889499999998,46.099998,89.923698,162.470001,120.0,37.509997999999996,63.509997999999996,106.379997,208.21443200000002,352.679596,57.60639200000001,42.939999,230.63999900000002,32.642658000000004,348.48733500000003,142.25,69.120003,183.889999,70.809998,34.43,55.84705400000001,186.257172,271.089996,64.519997,212.580002,158.210983,74.290001,158.629379,290.390015,58.799999,65.68,132.48945600000002,105.704369,167.03999299999998,125.99999199999999,96.629997,82.14971899999999,73.309998
2018-02-15,51.669998,65.849998,82.260002,75.839996,65.230003,25.219998999999998,153.490005,356.459991,159.979996,92.49202,163.948196,136.139999,55.33824499999999,166.940002,52.64620600000001,166.809998,101.132599,117.16999799999999,71.5,82.760002,64.190002,55.669998,62.711796,245.02999900000003,57.639816,42.869999,75.010857,225.399994,14.728113,269.559998,254.71116600000002,152.67803999999998,155.654251,46.540001000000004,91.53533900000001,163.360001,120.730003,38.189999,63.709998999999996,107.58000200000001,212.548096,358.984192,58.055431000000006,42.830002,234.86999500000002,33.256316999999996,355.753723,142.380005,68.980003,184.630005,70.650002,34.830002,56.105789,186.744995,275.75,64.220001,218.17999300000002,160.349899,75.620003,159.485916,298.440002,59.68,66.739998,133.185776,107.39999399999999,167.240005,130.0,98.230003,83.56197399999999,74.730003
2018-02-16,51.580002,64.970001,82.720001,76.550003,65.540001,25.360001,151.139999,355.040009,156.28999299999998,92.163651,164.524429,135.919998,55.876087,167.119995,52.546776,169.440002,100.75431800000001,117.459999,72.989998,82.790001,64.120003,54.75,63.618931,244.190002,57.42061999999999,44.049999,75.58033,224.190002,14.926471,266.679993,264.99377400000003,153.28509499999998,156.082672,46.77,90.56039399999999,162.550003,120.58000200000001,38.419998,63.189999,109.010002,212.089813,358.516815,58.145237,43.209998999999996,236.669998,33.335499,354.84668,142.639999,68.779999,183.220001,70.83000200000001,35.07,55.926666000000004,185.559998,276.309998,65.139999,217.729996,160.051453,76.019997,159.127365,298.350006,60.330002,66.519997,133.563782,106.400002,168.020004,129.259995,98.790001,84.685822,75.230003
2018-02-20,51.720001,64.389999,85.660004,75.720001,65.440002,24.860001,148.809998,353.350006,155.559998,89.526703,165.736496,135.259995,54.372116000000005,166.649994,52.168957,164.770004,99.75882,115.550003,71.07,81.709999,61.93,54.240002000000004,63.628899,240.979996,57.829128000000004,43.700001,75.78014399999999,221.830002,14.619015,263.609985,265.402649,153.593597,156.43138100000002,46.599998,89.5755,161.33999599999999,118.199997,37.869999,62.470001,107.349998,210.186996,356.687103,57.60639200000001,42.52,235.07000699999998,32.771332,349.224915,140.029999,68.989998,181.610001,70.589996,34.950001,56.046082,184.669998,276.73999,64.860001,216.539993,160.111145,75.220001,158.569626,298.75,60.060001,66.589996,129.54501299999998,104.709999,172.25,126.459999,97.040001,84.407349,74.730003
2018-02-21,52.779999,64.690002,86.720001,76.349998,65.379997,24.66,147.580002,352.369995,155.229996,89.735672,165.199997,136.580002,54.740639,167.33999599999999,52.855,162.08999599999999,99.529861,113.83000200000001,71.809998,81.559998,63.990002000000004,54.380001,63.279999,243.30000299999998,57.221343999999995,43.779999,75.940002,220.75,14.371067000000002,261.790009,270.160004,153.30500800000002,157.587097,46.450001,89.545662,161.259995,119.0,37.849998,62.060001,107.989998,209.86821,355.066193,57.90575,42.400002,232.17999300000002,32.187366,349.683472,138.899994,69.220001,181.300003,70.639999,34.84,57.290001000000004,183.949997,278.429993,64.940002,215.80000299999998,157.265884,74.910004,159.695068,292.72000099999997,59.52,67.0,131.803085,104.699997,171.899994,129.259995,99.230003,83.631592,75.18
2018-02-22,52.98,64.16999799999999,86.040001,76.470001,65.559998,24.540001,146.300003,355.920013,158.860001,89.646111,167.020004,137.529999,54.77051899999999,167.080002,52.549999,164.16000400000001,101.600487,115.209999,72.089996,81.879997,64.339996,54.189999,63.259997999999996,245.42999300000002,57.898876,43.580002,76.68,220.13999900000002,14.5,263.600006,262.829987,153.309998,157.407776,46.82,89.844109,163.320007,119.709999,37.98,62.599998,107.16999799999999,211.22309900000002,353.425415,57.19726899999999,42.580002,236.0,31.682578999999997,347.50054900000003,141.479996,70.400002,183.919998,71.089996,35.900002,57.330002,185.28999299999998,279.600006,65.440002,215.36000099999998,158.967056,60.630001,159.107452,292.98999,59.52,66.699997,132.897308,105.08000200000001,175.16000400000001,133.580002,99.610001,84.03936,75.050003
2018-02-23,53.389998999999996,64.980003,86.16999799999999,76.760002,66.410004,25.129998999999998,146.559998,356.660004,162.41000400000001,92.173592,169.529999,137.130005,55.617126,169.990005,53.459998999999996,166.240005,102.26747900000001,115.400002,72.190002,82.220001,65.519997,55.200001,63.52,252.22000099999997,57.938731999999995,44.259997999999996,77.139999,221.0,14.49,266.190002,265.019989,155.119995,158.214783,47.43,89.684937,163.96000700000002,121.110001,38.82,62.349998,108.82,212.607864,356.687103,57.865837,43.02,237.020004,32.919792,350.371216,142.619995,71.32,183.570007,71.389999,35.669998,57.849998,185.470001,281.140015,66.400002,218.24000499999997,159.39485200000001,60.049999,160.292664,297.77999900000003,59.279999,67.57,134.260086,105.610001,179.08999599999999,133.149994,101.540001,85.023964,75.93
2018-02-26,55.0,66.150002,87.849998,78.400002,66.230003,25.129998999999998,148.490005,363.480011,163.690002,94.163742,171.639999,138.100006,55.985649,170.78999299999998,54.689999,167.46000700000002,103.91999799999999,115.040001,73.529999,82.279999,66.730003,56.060001,63.509997999999996,254.50999500000003,58.36716800000001,44.919998,77.959999,226.77999900000003,14.65,270.820007,266.170013,156.5,158.952057,47.599998,90.182358,165.449997,123.18,38.740002000000004,63.009997999999996,110.08000200000001,214.142075,356.697052,59.372604,42.869999,244.13999900000002,33.444373999999996,353.939606,145.520004,71.550003,185.550003,71.349998,35.66,57.68,188.369995,285.329987,66.989998,219.86000099999998,159.335159,61.91,162.344376,295.160004,61.029999,69.260002,138.059998,108.07,180.630005,135.470001,103.589996,86.11796600000001,76.260002
2018-02-27,54.259997999999996,64.889999,86.970001,77.68,65.389999,24.74,145.550003,364.640015,161.259995,93.00946,170.059998,137.669998,54.899998,171.0,53.619999,163.580002,101.940002,114.190002,73.089996,81.959999,65.519997,55.349998,62.52,248.74000499999997,57.59,43.970001,77.760002,223.88999900000002,14.5,264.77999900000003,262.76001,153.919998,158.433975,47.009997999999996,89.61529499999999,163.240005,120.620003,38.02,61.740002000000004,105.849998,212.040009,356.170013,58.354786,41.889998999999996,240.77999900000003,32.82082,352.514252,142.830002,71.230003,181.889999,70.540001,35.040001000000004,57.43,184.600006,280.329987,67.050003,219.190002,157.454895,62.540001000000004,160.999802,291.380005,60.25,67.860001,133.740005,105.690002,178.419998,133.91000400000001,103.07,86.47600600000001,75.75
2018-02-28,54.25,64.5,84.110001,75.739998,64.190002,24.389999,142.580002,362.209991,154.630005,92.900002,168.169998,137.720001,53.720001,170.66000400000001,53.900002,160.869995,100.099998,113.0,71.059998,80.699997,64.959999,54.720001,60.66,246.41000400000001,56.900002,42.349998,76.800003,222.44999700000002,14.11,261.549988,262.01001,151.110001,155.574539,47.049999,88.341904,161.440002,118.57,36.869999,61.060001,103.040001,207.550003,352.440002,57.716156000000005,41.119999,235.50999500000003,32.296242,348.905975,139.080002,71.589996,178.470001,68.690002,34.439999,57.07,180.800003,275.089996,67.18,217.50999500000003,158.400009,62.669998,158.549698,288.309998,59.849998,67.790001,130.25,104.410004,175.08999599999999,134.740005,102.190002,85.84944200000001,74.58000200000001
2018-03-01,53.48,64.650002,82.07,74.18,62.060001,24.02,146.78999299999998,349.690002,150.229996,89.699997,160.889999,136.03999299999998,54.52,169.559998,53.349998,156.809998,97.900002,111.5,69.58000200000001,79.589996,63.009997999999996,53.790001000000004,59.900002,243.69999700000002,55.779999,41.200001,74.699997,219.149994,14.02,255.710007,260.309998,147.21000700000002,152.30664099999998,46.060001,85.427017,158.440002,118.540001,35.900002,59.34,103.949997,203.779999,339.690002,57.885792,40.849998,231.33999599999999,31.969614,338.440002,138.669998,69.040001,177.300003,66.959999,33.860001000000004,56.75,176.169998,267.48999,66.699997,211.36000099999998,153.220001,62.040001000000004,152.334793,284.559998,58.240002000000004,67.540001,128.41000400000001,106.43,173.240005,130.300003,101.059998,84.884727,73.269997
2018-03-02,53.18,63.380001,82.230003,74.519997,61.880001,23.91,146.970001,344.670013,146.380005,89.510002,158.940002,135.979996,55.040001000000004,169.940002,53.259997999999996,153.309998,97.970001,117.230003,69.360001,79.699997,63.279999,54.41,60.009997999999996,241.309998,56.59,42.290001000000004,73.989998,223.33999599999999,14.12,255.30000299999998,260.850006,148.139999,153.29298400000002,46.16,85.844849,158.559998,120.33000200000001,36.27,60.040001000000004,104.620003,205.25,341.72000099999997,57.686221999999994,40.509997999999996,230.36999500000002,32.345729999999996,343.049988,138.66000400000001,67.190002,175.550003,67.230003,34.240002000000004,57.98,178.619995,268.01001,66.540001,214.77999900000003,153.649994,61.32,151.946365,285.149994,57.66,67.510002,128.5,105.370003,176.600006,129.940002,101.370003,85.053802,73.510002
2018-03-05,53.189999,63.619999,83.010002,75.199997,62.810001,24.33,149.83999599999999,352.75,151.119995,89.779999,160.940002,137.009995,56.380001,171.41000400000001,53.790001000000004,157.53999299999998,98.57,121.349998,70.150002,80.220001,63.490002000000004,55.27,61.099998,241.940002,57.060001,43.439999,74.260002,224.63999900000002,14.42,259.829987,260.079987,148.509995,153.691513,47.41,85.77520799999999,159.679993,117.410004,36.919998,60.110001000000004,104.57,206.229996,342.359985,58.255001,41.16,232.809998,32.900002,344.790009,140.830002,68.809998,177.119995,67.660004,34.220001,58.639998999999996,181.110001,272.52999900000003,67.93,215.0,156.050003,63.0,151.607742,285.579987,58.380001,67.209999,130.320007,105.809998,180.71000700000002,131.71000700000002,103.089996,85.22287800000001,73.860001
2018-03-06,53.57,64.300003,83.91999799999999,76.110001,63.279999,24.549999,154.199997,348.920013,153.75,89.989998,160.649994,136.389999,56.139998999999996,172.0,53.84,158.509995,100.010002,121.389999,70.470001,80.940002,63.720001,56.470001,62.23,243.039993,57.57,44.130001,75.120003,224.809998,14.64,267.76001,258.619995,149.330002,154.100006,47.509997999999996,86.541237,161.649994,118.57,37.389998999999996,60.200001,105.83000200000001,205.220001,339.5,58.25,41.139998999999996,233.66000400000001,33.279999,341.869995,141.080002,69.910004,177.83999599999999,68.519997,34.68,59.549999,181.5,273.73999,68.08000200000001,213.24000499999997,158.940002,63.119999,152.872635,284.089996,58.59,67.519997,131.28999299999998,109.800003,184.990005,131.610001,104.269997,85.352165,75.279999
2018-03-07,54.110001000000004,64.0,83.93,76.519997,64.019997,24.620001000000002,146.800003,347.040009,151.509995,90.010002,159.25,136.25,56.25,172.190002,53.529999,157.899994,99.510002,121.120003,69.589996,81.029999,63.040001000000004,56.639998999999996,61.790001000000004,241.67999300000002,57.66,44.369999,77.959999,226.27999900000003,14.51,271.26001,259.549988,150.41000400000001,155.759995,47.48,86.780006,163.0,118.900002,37.07,60.189999,106.290001,205.369995,342.200012,57.57,41.27,235.57000699999998,32.700001,346.820007,140.720001,69.07,176.389999,69.32,35.169998,59.869999,182.100006,279.390015,67.870003,214.36000099999998,158.949997,63.759997999999996,156.0,287.019989,58.52,67.809998,131.110001,109.209999,181.350006,130.929993,104.129997,84.83500699999999,76.379997
2018-03-08,55.110001000000004,64.332001,84.45500200000001,76.459999,63.957802,24.59,150.91000400000001,345.777802,151.091003,89.839996,158.229996,135.820007,55.450001,171.190002,54.360001000000004,157.08999599999999,99.25,120.529999,69.690002,80.760002,63.0,56.400002,61.799999,237.28669700000003,56.700001,44.18,77.690002,225.11999500000002,14.44,272.0,259.790009,150.399994,154.240005,47.970001,87.019997,165.350006,117.910004,37.564999,59.419998,107.089996,205.71000700000002,340.130005,58.259997999999996,41.16,234.61999500000002,32.889998999999996,345.97000099999997,140.46000700000002,67.809898,180.320007,69.815002,35.02,59.07,182.490005,277.554993,67.974998,212.690002,154.310104,63.720001,156.130005,284.734985,58.349998,69.239998,130.83999599999999,107.209999,181.244995,130.099899,104.050003,85.220001,76.33000200000001
