Date,AAPL,ACN,ADBE,ADI,ADP,ADS,ADSK,AKAM,AMAT,AMD,ANSS,APH,ATVI,AVGO,CA,CDNS,CRM,CSCO,CSRA,CTL,CTSH,CTXS,DXC,EA,EBAY,FB,FFIV,FIS,FISV,FLIR,GLW,GOOG,GOOGL,GPN,HPE,HPQ,IBM,INTC,INTU,IT,JNPR,KLAC,LRCX,MA,MCHP,MSFT,MSI,MU,NTAP,NVDA,ORCL,PAYX,PYPL,QCOM,QRVO,RHT,SNPS,STX,SWKS,SYMC,T,TEL,TSS,TXN,V,VRSN,VZ,WDC,WU,XLNX,XRX
2017-11-27,173.38308700000002,147.5,185.0,86.990593,109.54141200000001,220.94160499999998,130.240005,55.349998,56.836529000000006,11.55,150.880005,90.18755300000001,65.739998,282.745575,32.139996000000004,45.139998999999996,106.58000200000001,36.597027000000004,28.326634999999996,13.19731,72.22242,86.150002,97.351662,106.989998,35.990002000000004,183.029999,123.699997,91.687042,128.16000400000001,46.924076,31.856603999999997,1054.209961,1072.01001,103.87953900000001,13.40071,21.111326000000002,150.49823,44.190205,154.40242,118.32,27.099339,103.79898100000001,209.817169,152.729538,88.542976,83.477867,92.365868,48.049999,56.03294399999999,214.007004,48.690388,64.208298,77.839996,66.99498,79.739998,128.199997,89.230003,38.507301,106.89756799999999,28.682077000000003,34.226665000000004,94.42885600000001,73.929176,98.087158,112.18468500000002,117.089996,47.123267999999996,86.01548000000001,19.303823,72.111153,27.990601
2017-11-28,172.367249,148.03999299999998,185.399994,86.612595,110.61554,225.092056,129.949997,55.360001000000004,57.225821999999994,11.17,150.270004,90.84614599999999,65.970001,275.57312,32.199089,45.189999,106.459999,37.450661,28.52598,13.265138,72.69126899999999,87.690002,97.810776,109.470001,35.5,182.419998,126.66999799999999,92.434738,128.41000400000001,47.392517,32.244246999999994,1047.410034,1063.290039,103.53958100000001,13.8086,21.51865,150.983459,44.428585,155.419998,119.489998,27.901037,106.553299,212.01551800000001,153.94761699999998,90.185799,84.48313900000001,94.006737,47.93,56.600944999999996,210.579132,48.819881,65.32012900000001,77.790001,67.79808,79.029999,129.240005,89.800003,39.394108,107.226578,28.811365000000002,34.956993,95.325325,74.03899399999999,98.932487,113.16298700000002,117.010002,48.270203,86.353378,19.511925,71.792824,28.754070000000002
2017-11-29,168.791809,146.949997,176.850006,85.21000699999999,112.714073,232.67462200000003,109.339996,55.34,52.813854000000006,10.83,146.580002,89.57885,62.009997999999996,269.71200600000003,32.34304,43.16,103.529999,37.202511,28.41634,14.088757999999999,71.933128,87.0,95.33555600000001,105.489998,34.380001,175.130005,129.860001,92.434738,128.720001,46.405796,32.284008,1021.659973,1037.380005,98.950035,13.898138000000001,21.290152,152.052933,43.653843,153.85372900000002,119.309998,29.306482,99.781853,193.61312900000001,148.116806,86.203209,82.95034,93.64872700000001,43.740002000000004,56.03294399999999,196.298004,48.331783,66.094444,73.25,65.953911,76.690002,124.489998,86.769997,38.182137,105.01325200000001,28.413555,36.003136,93.881004,72.211975,96.34679399999999,109.669067,114.739998,49.338043,80.499756,19.521835,69.017403,29.051527
2017-11-30,171.152191,148.009995,181.470001,86.110001,113.837929,238.720703,109.699997,55.779999,52.67411,10.89,148.190002,90.397102,62.400002,276.109589,32.829471999999996,43.91,104.32,37.023846,28.834961,14.137207,72.102715,87.629997,95.95436099999999,106.349998,34.669998,177.179993,134.199997,94.039787,131.449997,46.425732,32.194553000000006,1021.409973,1036.170044,100.549873,13.878241000000001,21.310022,152.468826,44.537846,156.84660300000002,120.889999,27.568552,101.661148,191.31530800000002,150.233475,86.61142,83.776459,93.589066,42.389998999999996,56.311962,200.585342,48.869690000000006,66.819115,75.730003,65.775444,76.58000200000001,126.760002,90.379997,37.994923,104.42501800000001,28.811365000000002,35.904446,94.070267,74.238663,96.75453900000001,112.394318,115.099998,50.316891,78.37297099999999,19.511925,69.14672900000001,29.408474
2017-12-01,170.355438,146.570007,179.520004,85.400002,113.13179,233.49272200000001,107.059998,55.790001000000004,51.815670000000004,10.73,146.53999299999998,89.608788,61.959998999999996,269.771606,32.948601000000004,43.720001,103.83000200000001,37.321621,28.595748999999998,13.856207000000001,71.184967,88.349998,95.39544699999999,106.019997,35.200001,175.100006,132.71000700000002,93.46157099999999,130.41000400000001,46.276226,31.657812,1010.169983,1025.069946,100.739861,14.365720000000001,21.270283,153.251114,44.378921999999996,156.068451,119.949997,28.184275,103.281929,186.819153,149.454697,86.621376,83.866043,92.515038,41.990002000000004,56.212315000000004,197.55722,49.417557,66.38233199999999,75.300003,64.93267800000001,74.209999,125.260002,90.32,38.536861,101.922577,28.9506,36.022877,93.363045,73.759445,96.645142,110.53756000000001,114.959999,50.672836,78.869881,19.531744,67.883362,29.467964000000002
2017-12-04,169.11051899999998,147.149994,168.440002,84.790001,114.18602800000001,237.62322999999998,107.949997,56.439999,49.679562,10.03,142.009995,88.271637,58.599998,261.87393199999997,33.037945,42.419998,99.849998,37.440739,29.143942,14.35038,70.147522,86.769997,93.040001,100.83000200000001,35.700001,171.470001,132.529999,93.341934,132.240005,46.096825,32.015636,998.679993,1011.8699949999999,95.95034,14.156799,20.942435999999997,154.93455500000002,44.190205,154.172958,121.25,27.767172,100.308846,179.78646899999998,143.204529,85.92443100000001,80.700912,93.111717,39.900002,55.733996999999995,186.54406699999998,48.21225,67.116928,70.970001,64.01059000000001,72.400002,120.309998,87.720001,38.625541999999996,97.964508,27.598045000000003,36.78281,92.50640899999999,72.980721,95.44180300000001,107.24329399999999,112.559998,51.137547,76.633781,19.531744,67.803787,29.120934000000002
2017-12-05,168.95117199999999,147.669998,167.53999299999998,84.83000200000001,115.0513,231.966248,106.589996,56.439999,49.988997999999995,9.91,143.440002,87.992241,59.549999,259.926849,32.978382,42.669998,100.690002,37.033772,28.884796,13.943415,70.257248,87.199997,92.870003,103.379997,36.810001,172.830002,132.600006,94.877197,130.880005,45.88752,32.04546,1005.150024,1019.599976,96.62026999999999,14.007570999999999,20.932501000000002,153.835373,43.147278,154.103134,121.519997,27.419586,102.05888399999999,180.075729,144.901871,85.834816,81.208519,90.158165,41.209998999999996,55.943259999999995,187.623398,47.803841,67.44452700000001,71.199997,64.139488,71.779999,120.870003,87.339996,38.556568,97.306496,27.289742999999998,36.07222,92.19761700000001,73.89921600000001,96.36668399999999,108.391296,112.440002,50.346554,78.074821,19.37319,68.062424,29.190340000000003
2017-12-06,168.323715,148.270004,173.520004,85.410004,115.289993,229.33230600000002,106.91999799999999,55.77,50.917305,10.0,144.720001,87.593086,60.75,262.15213,33.0578,42.900002,102.91999799999999,37.13303,28.844927000000002,13.410483,71.324623,87.389999,93.379997,103.18,36.830002,176.059998,131.470001,95.006805,130.559998,46.007121999999995,31.478896999999996,1018.3800050000001,1032.719971,97.180222,14.08716,20.882828,152.597565,43.157211,155.819046,119.480003,27.767172,102.15831800000001,183.766418,147.18826299999998,85.93438,82.39296,90.784676,41.580002,57.00951,189.142456,48.23217,67.911102,73.139999,64.427025,70.099998,121.940002,88.650002,38.605835,96.179893,27.210182,35.637974,91.918716,74.687927,96.486023,109.549278,112.400002,50.109257,77.37915,19.224546,68.032578,29.388643
2017-12-07,168.632477,148.600006,174.610001,86.110001,115.879997,231.916351,109.610001,56.439999,52.20496,10.04,146.309998,87.952324,61.57,262.15213,32.928745,43.549999,104.07,37.123108,29.243614,13.662415,71.43435699999999,87.16999799999999,94.650002,104.370003,36.849998,180.139999,131.830002,95.57505,131.199997,46.037022,31.538534000000002,1030.930054,1044.569946,99.18001600000001,14.146851999999999,20.833153,152.07273899999998,42.789707,155.190536,120.230003,28.223999,103.98790699999999,188.684021,149.215073,87.009682,82.10431700000001,92.286316,43.200001,57.328388000000004,191.870758,48.331783,68.03022,73.690002,64.67489599999999,68.720001,123.800003,90.33000200000001,38.999973,96.389259,27.409086,35.697189,93.52241500000001,75.806099,97.241837,111.20638999999998,112.82,49.852184,77.866119,19.343462,68.63938900000001,29.339067
2017-12-08,168.682251,150.529999,173.570007,85.519997,116.019997,232.514984,107.160004,56.5,51.336544,9.94,146.130005,89.149765,62.43,258.198334,33.236492,43.560001,103.440002,37.331551,29.143942,14.214725,71.643837,87.589996,95.93,105.269997,37.650002,179.0,132.740005,95.55510699999999,131.720001,46.236359,32.154793,1037.050049,1049.380005,99.360001,14.266233999999999,20.932501000000002,153.30062900000001,43.057884,154.86132800000001,120.709999,28.184275,103.391304,185.990814,149.654373,87.02959399999999,83.76651,92.007858,43.209998999999996,58.055828000000005,191.371078,49.407593,68.506721,72.910004,63.69331700000001,67.879997,125.290001,90.510002,39.896637,95.990463,27.826786,36.24987,94.448776,76.45504,97.480515,112.40430500000001,112.980003,50.514641,80.96685,19.214638,68.18180100000001,29.339067
2017-12-11,171.968857,150.690002,174.309998,85.800003,117.82,233.742157,106.83000200000001,56.549999,51.526196,10.16,146.389999,89.04998,63.169998,258.238068,33.087585,43.5,104.540001,37.678959000000006,29.273515999999997,15.377482,71.384476,87.019997,95.769997,107.91999799999999,37.52,179.03999299999998,133.149994,95.41553499999999,131.830002,46.086857,32.373466,1041.099976,1051.969971,100.20991500000001,14.504999,21.160999,153.894791,43.365795,155.310257,120.010002,28.194206,103.26203199999999,185.093063,150.642822,87.009682,84.831512,91.818916,43.009997999999996,58.37471,194.539108,50.274223,68.51664,73.290001,64.62532,68.620003,126.620003,89.559998,39.87693,96.688362,29.059996,36.417648,94.66791500000001,76.49498,98.286064,112.174706,114.32,51.256195,80.69851700000001,19.353373,68.02262900000001,29.339067
2017-12-12,171.002792,152.100006,172.53999299999998,85.480003,117.050003,237.792831,106.33000200000001,57.02,50.378288,9.9,145.330002,89.479065,64.400002,256.996307,33.246421999999995,43.290001000000004,103.66999799999999,37.629329999999996,29.074171000000003,15.212759,71.274742,87.220001,94.790001,107.660004,37.439999,176.96000700000002,135.490005,93.950058,131.199997,46.744671000000004,32.443042999999996,1040.47998,1048.77002,100.129921,14.5,20.98,155.211823,43.038021,155.479858,120.650002,28.720552,102.476509,181.113113,152.260284,85.46642299999999,85.17987099999999,92.853157,41.860001000000004,57.597443000000005,190.721466,50.19453,68.208908,73.620003,64.308044,67.690002,125.75,87.58000200000001,41.502747,96.179893,28.761639000000002,37.601959,95.27552800000001,76.874359,97.88826800000001,113.26281000000002,114.370003,52.590988,81.264992,19.323643,67.32629399999999,29.487795000000002
2017-12-13,171.570496,151.419998,176.830002,85.18,117.019997,233.46279900000002,106.019997,56.66,50.667759000000004,10.11,144.759995,89.309425,64.599998,260.304352,33.117363,43.060001,103.940002,37.867554,29.781837,16.230173,71.015388,87.150002,94.949997,105.540001,37.400002,178.300003,131.0,93.970001,130.809998,47.223083,32.095158000000005,1040.609985,1051.390015,99.349998,14.32,20.85,152.409424,43.047951,156.108353,121.33000200000001,28.909243,103.281929,180.85376000000002,151.451553,86.02399399999999,84.95094300000001,93.420006,42.049999,57.577511,186.06436200000002,49.85585,68.318108,74.089996,64.347702,67.290001,126.489998,88.25,41.463337,95.571724,28.473227,37.542747,94.89701099999999,76.375175,98.315895,113.113068,113.779999,52.294369,83.11350999999999,19.19482,67.674461,29.170509000000003
2017-12-14,171.520691,151.21000700000002,175.0,85.440002,116.459999,235.747528,106.25,56.759997999999996,51.216763,10.13,144.509995,89.040001,65.029999,257.63208,32.948601000000004,43.189999,104.239998,37.619403999999996,29.60243,15.958860999999999,71.633865,87.050003,94.199997,106.41999799999999,37.599998,178.389999,130.229996,93.599998,129.899994,46.983875,31.618052000000002,1049.150024,1057.469971,99.540001,14.24,20.74,152.498535,42.968491,155.819046,120.050003,28.601378999999998,103.828804,181.641785,151.69116200000002,85.098038,84.294037,92.199997,42.240002000000004,57.168949,186.35418700000002,49.995304,67.83168,74.260002,64.149399,65.230003,126.129997,87.980003,41.325386,93.807045,28.592571000000003,37.24667,95.13606999999999,76.504959,99.69825,112.723747,114.139999,51.750565,82.129623,19.175001,67.714256,29.061441
2017-12-15,173.26358000000002,152.66000400000001,177.509995,86.690002,118.190002,239.25946000000002,108.400002,57.759997999999996,52.444527,10.29,148.029999,89.129997,66.730003,263.980011,33.464817,43.68,105.480003,37.907253000000004,30.031017,16.462725,71.90320600000001,87.529999,95.25,109.279999,38.369999,180.179993,131.059998,94.83000200000001,131.96000700000002,47.223083,31.856603999999997,1064.189941,1072.0,100.83000200000001,14.41,20.92,151.01315300000002,44.259731,159.270828,122.510002,28.204138,105.031952,185.85116599999998,153.158859,86.372467,86.44393199999999,93.150002,42.400002,57.069302,191.441025,48.112637,69.261177,75.650002,64.208893,65.529999,128.779999,87.860001,41.404216999999996,94.345421,28.821309999999997,37.740131,95.843292,77.683029,100.66291,113.62218500000002,115.029999,52.076843,81.11592900000001,19.48,67.624725,29.398558
2017-12-18,175.703629,151.720001,176.740005,88.089996,118.639999,246.65245099999999,107.480003,65.66999799999999,53.302963,10.98,147.58999599999999,89.449997,66.010002,264.390015,33.494602,43.560001,105.08000200000001,38.19511,30.559277,17.199139000000002,71.693718,87.769997,95.910004,107.339996,38.18,180.820007,131.869995,95.25,132.33999599999999,47.651657,32.124973,1077.140015,1085.089966,101.360001,14.9,21.290001,151.835068,45.948273,160.747314,124.43,28.402759999999997,110.590309,188.594238,152.879303,88.582809,85.976128,94.489998,43.709998999999996,57.527687,197.777084,47.524925,69.737679,75.32,64.823616,67.050003,129.440002,87.91999799999999,42.360001000000004,95.551781,28.493118,37.957253,95.614189,78.88108100000001,102.701622,113.35266100000001,116.099998,52.650314,83.103577,19.559998999999998,69.176575,30.043045000000003
2017-12-19,173.831268,152.220001,174.970001,87.949997,118.339996,244.28790299999997,105.389999,66.82,52.863762,10.95,147.630005,88.800003,64.900002,263.700012,33.405258,43.759997999999996,104.260002,38.016441,30.290163,16.860001,71.753571,87.860001,94.93,107.0,37.799999,179.509995,131.509995,95.0,132.16000400000001,47.312782,32.065334,1070.680054,1079.780029,102.720001,14.8,21.42,151.73603799999998,46.723019,159.50028999999998,123.449997,28.243862,110.988045,185.641693,151.441559,89.20010400000001,85.428703,93.279999,43.98,57.707057999999996,195.988205,47.634499,68.754898,74.5,63.95110699999999,66.790001,128.860001,88.370003,42.18,95.39226500000001,28.15498,37.552611999999996,95.534508,79.540001,103.527054,111.94510700000001,115.550003,52.235046000000004,83.71974200000001,19.59,69.435211,29.755507
2017-12-20,173.642044,151.75,174.25,88.650002,117.860001,246.58261099999999,105.029999,66.629997,53.193165,10.98,147.350006,88.639999,64.379997,265.640015,33.305981,43.209998999999996,103.389999,38.453185999999995,30.320065000000003,16.617758,72.531654,88.139999,95.379997,108.449997,37.93,177.889999,131.449997,95.08000200000001,131.58999599999999,46.983875,32.224369,1064.949951,1073.560059,101.720001,14.71,21.459999,151.45877099999998,47.239517,158.971542,123.660004,28.303448,111.81333899999998,188.354843,151.211929,89.82737,85.120148,92.099998,45.75,56.840106999999996,196.67778,47.714191,68.695328,74.0,64.050255,67.07,122.0,87.099998,41.529999,97.13700899999999,28.0058,38.046078,95.853256,79.989998,104.223206,111.92513999999998,116.010002,52.17572,82.25882,19.469998999999998,68.62944,29.735676
2017-12-21,174.299362,154.199997,174.559998,88.650002,117.400002,249.206573,104.43,65.839996,51.795708000000005,10.89,147.229996,88.449997,65.08000200000001,261.52999900000003,33.26627,42.48,103.620003,38.244735999999996,30.180525,16.927828,72.22242,88.139999,96.32,107.970001,37.810001,177.449997,132.360001,94.860001,130.630005,47.213112,32.105095,1063.630005,1070.849976,100.370003,14.72,21.25,150.022903,46.444904,158.243271,123.019997,28.482206,108.005035,185.172867,150.293365,89.07067099999999,85.100243,91.620003,44.419998,56.013011999999996,195.768341,47.096592,68.13942,74.019997,63.842041,67.480003,123.129997,86.480003,41.959998999999996,97.196823,28.324049,38.371765,95.16595500000001,78.559998,103.49722299999999,112.214638,114.190002,52.413016999999996,80.330803,19.26,68.012688,29.45805
2017-12-22,174.299362,153.889999,175.0,88.849998,116.879997,251.41149900000002,103.889999,65.449997,51.965401,10.54,146.66000400000001,88.139999,64.510002,262.350006,33.276199,42.259997999999996,102.629997,38.264590999999996,30.13069,16.704966,71.524132,87.879997,95.889999,106.019997,37.759997999999996,177.199997,132.369995,94.32,130.320007,47.203148,32.184612,1060.119995,1068.859985,100.360001,14.71,21.26,151.01315300000002,46.385311,158.12356599999998,123.589996,28.660967,108.70106499999999,186.22023000000002,150.612885,88.53302,85.110199,90.760002,44.119999,56.102699,195.148727,47.176285,67.77211,73.889999,64.179153,67.690002,122.91999799999999,85.82,42.169998,96.77808399999999,28.164925,38.430981,94.578262,78.800003,103.556892,112.494156,113.989998,52.590988,80.181732,19.08,67.565033,29.329153
2017-12-26,169.877396,152.990005,174.440002,88.629997,117.57,250.06458999999998,103.800003,65.41999799999999,50.957233,10.46,146.389999,87.790001,63.450001,258.100006,33.405258,41.970001,102.540001,38.19511,30.180525,16.821241,71.065262,87.93,95.900002,105.059998,37.939999,175.990005,131.259995,94.129997,131.399994,46.664936,32.184612,1056.73999,1065.849976,100.730003,14.74,21.23,151.339951,45.769489,158.552536,123.089996,28.660967,107.04052,183.846207,151.042191,88.244286,85.00071,90.66999799999999,42.25,55.664242,197.317383,47.246014,68.34788499999999,74.269997,63.752811,65.900002,120.610001,85.349998,42.139998999999996,94.913712,28.075418,38.549412,94.887054,79.110001,103.576782,112.793625,113.910004,52.620655000000006,79.505928,18.889999,67.24670400000001,29.160593
2017-12-27,169.907272,153.320007,175.360001,89.099998,117.260002,249.845108,104.58000200000001,65.190002,51.586090000000006,10.53,146.66000400000001,88.089996,63.34,259.119995,33.256347999999996,42.25,102.650002,38.274516999999996,30.389834999999998,16.540241,71.02535999999999,88.440002,94.730003,105.230003,37.610001000000004,177.619995,131.75,94.0,131.490005,47.023742999999996,32.154793,1049.369995,1060.199951,100.33000200000001,14.67,21.27,151.637024,45.799285999999995,158.353012,123.970001,28.680826,106.672615,184.903549,151.162003,88.015289,85.309265,90.800003,42.48,55.953228,197.04754599999998,47.196209,67.901169,74.589996,63.990765,67.260002,121.220001,85.709999,42.110001000000004,95.53184499999999,28.294211999999998,38.381634000000005,94.817329,79.300003,103.954689,113.82183799999999,114.379997,52.679974,80.459999,18.799999,67.555092,29.23
2017-12-28,170.385315,153.570007,175.550003,89.379997,117.309998,250.77298,105.07,65.43,51.626019,10.55,147.649994,88.599998,63.400002,260.420013,33.256347999999996,42.290001000000004,102.790001,38.304295,29.951280999999998,16.58869,71.214897,88.629997,94.970001,105.309998,37.919998,177.919998,132.080002,94.279999,131.990005,46.854305,32.105095,1048.140015,1055.949951,100.32,14.61,21.15,152.53813200000002,45.908546,158.20336899999998,123.889999,28.670896999999997,107.23938799999999,185.07312,151.53143300000002,88.224373,85.319214,90.57,41.810001,55.60445,197.27739,47.335663000000004,67.841599,74.16999799999999,63.832122999999996,67.360001,121.129997,85.650002,42.02,96.24968,28.324049,38.667843,94.867126,79.699997,104.243095,114.15126000000001,115.5,52.828289,80.639999,19.07,68.14200600000001,29.450001
2017-12-29,168.542831,153.08999599999999,175.240005,89.029999,117.190002,252.898071,104.83000200000001,65.040001,51.027107,10.28,147.58999599999999,87.800003,63.32,256.899994,33.037945,41.82,102.230003,38.016441,29.821709000000002,16.162346,70.845802,88.0,94.900002,105.059998,37.740002000000004,176.46000700000002,131.220001,94.089996,131.130005,46.465595,31.796967,1046.400024,1053.400024,100.239998,14.36,21.01,151.924194,45.848949,157.405273,123.150002,28.303448,104.475128,183.606827,151.12207,87.49754300000001,85.14005999999999,90.339996,41.119999,55.126132999999996,193.379822,47.096592,67.583504,73.620003,63.475184999999996,66.599998,120.099998,85.239998,41.84,94.664459,27.906346999999997,38.371765,94.66791500000001,79.089996,103.865189,113.82183799999999,114.440002,52.33392,79.529999,19.01,67.06765,29.15
2018-01-02,171.56051599999998,153.83999599999999,177.699997,90.279999,115.989998,254.74383500000002,107.120003,65.559998,52.94361899999999,10.98,148.550003,87.800003,64.309998,267.01001,33.335766,42.049999,104.410004,38.572296,30.34,16.86969,70.77597,88.690002,95.050003,109.449997,38.060001,181.419998,132.580002,93.699997,130.350006,46.953976000000004,32.423164,1065.0,1073.209961,99.559998,14.61,21.32,152.746094,46.534298,158.34303300000002,124.849998,28.502069,105.52912099999999,188.80371100000002,151.67120400000002,90.016541,85.54813399999999,90.550003,43.669998,55.37525600000001,199.226196,46.449116,66.819115,73.839996,64.645142,68.879997,121.040001,86.029999,42.93,98.133995,28.751694,38.036209,94.946815,78.480003,104.988968,114.31098899999999,109.470001,52.927158,81.379997,19.08,67.525246,29.370001000000002
2018-01-03,171.53063999999998,154.550003,181.03999299999998,91.400002,117.25,259.472961,109.379997,65.940002,53.881907999999996,11.55,151.419998,88.940002,65.309998,269.929993,33.464817,42.93,105.290001,38.879996999999996,30.469998999999998,16.549931,71.374504,89.650002,96.849998,109.75,39.220001,184.669998,134.03999299999998,94.25,131.41000400000001,47.32275,33.218334000000006,1082.47998,1091.52002,101.709999,14.7,21.370001000000002,156.944763,44.955013,158.781998,125.190002,28.611309000000002,106.76210800000001,192.01561,153.578217,91.370613,85.94626600000001,89.910004,44.98,56.869999,212.33804300000003,47.524925,67.782043,76.75,65.378853,68.389999,123.059998,87.059998,42.849998,99.629486,28.751694,37.157845,96.550514,78.779999,107.833229,115.449005,110.900002,51.83955,82.66999799999999,19.07,68.878136,29.33
2018-01-04,172.327393,156.380005,183.220001,91.300003,118.370003,263.443787,112.07,65.599998,54.191345,12.12,151.820007,88.629997,64.660004,270.019989,33.534309,43.580002,106.68,38.990002000000004,30.809998999999998,16.443344,72.50173199999999,90.699997,99.18,107.190002,38.57,184.330002,137.119995,94.949997,133.259995,47.45232,33.556282,1086.400024,1095.76001,103.650002,15.06,21.530001000000002,160.123459,44.130608,161.625214,127.300003,28.59145,106.951027,192.893402,155.565079,91.58966099999999,86.702721,90.660004,46.880001,57.810001,213.457336,47.993103000000005,68.417374,76.730003,65.468086,68.720001,123.980003,87.889999,42.639998999999996,100.466957,28.811365000000002,37.503269,96.998749,79.41999799999999,107.694,115.878258,111.470001,52.007633,82.16999799999999,19.450001,70.121605,29.690001000000002
2018-01-05,174.289398,157.669998,185.33999599999999,91.66999799999999,118.300003,264.152191,110.839996,65.83000200000001,54.500781999999994,11.88,152.449997,89.709999,66.370003,271.619995,33.78249,43.990002000000004,108.099998,39.529999,31.07,16.472414,73.120216,91.480003,100.629997,112.389999,39.689999,186.850006,136.179993,95.489998,134.580002,48.090199,33.437008,1102.22998,1110.290039,103.559998,15.05,21.75,160.905762,44.438519,163.720245,129.33999599999999,28.313378999999998,109.23800700000001,195.905792,158.78999299999998,91.85849,87.777672,91.879997,45.799999,58.849998,215.26622000000003,48.281979,68.208908,78.699997,65.90434300000001,68.029999,124.139999,88.93,42.939999,100.92558299999999,29.348409999999998,37.641438,99.21006,79.940002,108.51943200000001,118.65342700000001,113.0,51.888985,82.690002,20.6,73.76248199999999,29.91
2018-01-08,173.642044,158.929993,185.03999299999998,91.83000200000001,117.940002,262.695526,111.41999799999999,65.879997,55.81838199999999,12.28,153.71000700000002,90.66999799999999,66.629997,272.269989,33.623653000000004,44.919998,108.860001,39.939999,31.08,16.695276,73.19004100000001,90.970001,100.550003,113.220001,39.799999,188.279999,137.619995,95.730003,134.850006,49.505493,33.566227000000005,1106.939941,1114.209961,104.18,14.82,21.84,161.876205,44.438519,163.820007,130.309998,28.581518,109.53631599999999,197.38208,159.270004,92.216927,87.867249,92.82,45.549999,59.650002,221.86212200000003,48.790001000000004,67.782043,79.050003,65.706039,68.839996,125.209999,89.760002,46.0,100.945518,29.408081,37.75,99.419235,81.139999,109.03656799999999,119.13259099999999,114.309998,51.799999,81.440002,21.49,74.249916,30.26
2018-01-09,173.622116,159.46000700000002,186.699997,91.639999,118.760002,267.34481800000003,112.110001,67.489998,54.760311,11.82,155.139999,90.809998,66.190002,268.5,33.514454,45.07,109.150002,39.689999,30.77,16.026691,73.279816,91.190002,101.629997,112.18,39.529999,187.869995,137.83999599999999,96.040001,136.28999299999998,49.226421,33.446949,1106.26001,1112.790039,104.809998,14.85,21.809998999999998,162.232697,43.326065,164.850006,128.949997,28.43255,108.581741,197.07286100000002,159.5,92.107399,87.807526,92.120003,42.970001,59.669998,221.80215499999997,49.060001,67.32539399999999,79.190002,64.714546,69.0,124.150002,89.690002,46.389998999999996,100.377235,28.851146999999997,37.490002000000004,98.433113,80.690002,109.78244,118.902992,112.970001,51.610001000000004,80.620003,21.040001,74.448868,30.190001000000002
2018-01-10,173.582275,158.899994,187.110001,90.110001,117.650002,271.46536299999997,111.470001,66.33000200000001,53.203143999999995,11.96,152.110001,89.510002,66.83000200000001,262.829987,33.236492,44.84,108.800003,39.91,31.620001000000002,16.937517,73.788567,90.82,101.230003,112.25,37.700001,187.83999599999999,139.0,97.279999,137.009995,49.545364,33.128883,1102.609985,1110.140015,103.57,15.19,22.049999,162.57926899999998,42.213612,163.509995,128.16000400000001,28.204138,105.678276,191.177719,159.860001,90.55418399999999,87.40939300000001,92.379997,43.310001,60.650002,223.541077,48.799999,67.04744000000001,79.370003,64.704643,67.739998,124.510002,89.339996,47.07,98.30348199999999,28.503063,36.619999,98.13428499999999,81.489998,109.09623,118.773224,111.959999,51.689999,80.910004,21.23,73.712738,30.35
2018-01-11,174.568268,159.110001,188.919998,91.190002,117.18,272.991852,113.260002,65.209999,53.103329,12.14,152.21000700000002,90.790001,69.239998,263.5,33.574017,44.869999,109.099998,40.099998,32.110001000000004,16.927828,73.828468,89.809998,101.089996,112.0,37.810001,187.770004,139.770004,97.779999,137.830002,50.093540000000004,33.556282,1105.52002,1112.050049,104.0,15.45,22.41,162.599091,43.117481,163.0,129.610001,28.561655,105.638504,188.644104,160.919998,91.709137,87.668182,93.550003,42.82,61.810001,223.940826,48.950001,66.372398,79.75,64.873192,68.879997,126.160004,89.709999,49.009997999999996,99.619514,28.612461,36.48,98.871391,82.18,110.060898,119.631721,112.230003,52.110001000000004,82.25,21.18,73.95148499999999,31.860001
2018-01-12,176.370911,160.110001,195.050003,92.019997,118.470001,275.735535,115.910004,65.519997,53.352875,12.02,154.220001,91.83000200000001,70.360001,264.290009,33.842056,45.07,110.239998,40.869999,32.080002,16.821241,74.377121,90.040001,101.290001,113.129997,38.02,179.369995,141.809998,97.610001,137.220001,50.113476,34.450855,1122.26001,1130.650024,103.260002,15.81,22.92,161.549423,42.948627,164.509995,130.130005,28.690758000000002,106.68256399999999,188.035645,162.330002,93.03335600000001,89.181076,96.57,42.810001,62.77,222.84150699999998,49.509997999999996,67.166565,80.540001,64.823616,71.040001,125.949997,90.370003,51.259997999999996,100.90564,28.662186,36.900002,99.777824,82.0,112.099617,119.88128700000001,113.610001,51.860001000000004,83.120003,21.120001000000002,74.269814,32.77
2018-01-16,175.474579,157.96000700000002,192.46000700000002,93.099998,119.389999,257.47753900000004,111.980003,64.5,54.400963,11.91,153.389999,91.279999,68.709999,263.25,33.772564,44.279999,108.889999,40.540001000000004,31.940001000000002,16.801863,74.546707,89.959999,101.059998,111.91999799999999,37.68,178.389999,140.520004,97.16999799999999,137.509995,50.173279,34.202362,1121.76001,1130.699951,104.599998,15.81,22.879998999999998,162.252502,42.8493,162.28999299999998,130.03999299999998,28.412689,107.050468,189.910919,162.28999299999998,92.923836,87.93692,95.860001,42.919998,62.27,219.97329700000003,49.59,67.762192,80.41999799999999,67.669189,69.300003,124.589996,89.269997,51.509997999999996,99.5597,27.71739,36.720001,99.718063,82.220001,112.298515,120.180771,112.650002,51.66,83.879997,20.620001000000002,73.38446,32.349998
2018-01-17,178.372757,160.21000700000002,196.490005,95.57,122.050003,257.667114,113.0,65.400002,57.235806000000004,12.18,155.75,92.849998,70.360001,265.809998,34.219291999999996,44.860001000000004,110.040001,41.200001,31.940001000000002,16.889069,75.653976,91.190002,100.610001,113.139999,37.990002000000004,177.600006,139.550003,97.599998,138.25,50.681587,34.619831,1131.97998,1139.099976,105.800003,16.07,23.459999,167.00569199999998,44.090874,164.28999299999998,132.130005,28.472277000000002,112.847458,204.56395,164.320007,95.60211899999999,89.718552,97.279999,44.259997999999996,63.59,224.580429,50.27,69.132126,82.470001,67.441147,70.849998,126.599998,90.980003,52.139998999999996,101.88269,27.369307,36.849998,100.176262,82.940002,118.504173,121.768005,114.0,51.720001,85.160004,20.24,75.463539,31.92
2018-01-18,178.532104,160.940002,196.199997,97.239998,120.900002,255.352432,112.550003,65.08000200000001,57.295696,12.47,158.33999599999999,92.290001,69.800003,269.799988,33.941326000000004,44.939999,111.769997,41.299999,31.66,16.801863,76.561745,91.379997,100.480003,115.279999,38.740002000000004,179.800003,138.0,97.540001,137.940002,51.179932,34.639706,1129.790039,1135.969971,106.18,15.97,23.290001,167.471115,44.180267,164.399994,134.0,27.469240000000003,114.00089299999999,204.933014,165.479996,96.8666,89.67873399999999,97.5,43.990002000000004,63.299999,224.300613,50.23,68.407455,82.940002,67.470901,70.699997,125.470001,91.470001,52.009997999999996,101.982391,27.100784,37.150002,99.578613,82.730003,115.76931,122.896042,114.540001,51.549999,86.400002,20.190001000000002,75.90124499999999,31.370001000000002
2018-01-19,177.735352,161.75,195.729996,96.139999,121.440002,261.218933,115.290001,65.629997,57.295696,12.59,161.53999299999998,93.129997,70.57,266.390015,33.822201,45.599998,111.93,41.290001000000004,32.16,16.772793,77.100426,92.720001,100.980003,116.18,38.43,181.28999299999998,138.759995,98.470001,138.110001,52.226456,34.450855,1137.51001,1143.5,108.010002,16.08,23.700001,160.786926,44.517979,167.740005,137.350006,27.65793,114.36878999999999,207.00778200000002,166.830002,97.025894,89.579201,97.800003,42.75,63.09,229.96708700000002,50.580002,68.983215,83.839996,67.460983,68.400002,125.940002,92.610001,52.619999,98.90168,27.309633,37.209998999999996,100.33564,83.25,116.186996,122.48674799999999,114.480003,51.91,85.599998,20.24,75.314323,31.799999
2018-01-22,176.281281,161.429993,197.83999599999999,96.650002,122.769997,261.248871,117.43,65.650002,57.355582999999996,12.65,163.130005,91.980003,71.300003,262.109985,34.467471999999994,45.689999,112.889999,41.66,32.200001,17.12162,77.768776,93.839996,101.709999,117.989998,39.580002,185.369995,141.059998,99.190002,140.190002,51.708179,34.500553000000004,1155.810059,1164.160034,109.099998,16.049999,23.85,161.014694,45.441711,168.669998,138.449997,28.164413,113.941223,208.66360500000002,168.279999,98.260506,91.181679,97.33000200000001,42.880001,63.52,233.544861,50.709998999999996,69.191681,83.980003,68.085617,66.339996,128.009995,92.959999,53.16,98.423126,26.394671999999996,37.869999,100.863564,83.75,118.78263100000001,124.113922,114.459999,53.459998999999996,86.239998,20.549999,75.045738,32.639998999999996
2018-01-23,176.32110600000001,160.880005,200.08999599999999,96.470001,122.099998,260.181305,118.730003,66.0,57.684986,12.94,161.850006,91.82,71.550003,262.899994,34.497253,45.75,113.239998,42.099998,32.57,16.792173000000002,78.06804699999999,94.010002,101.949997,117.66999799999999,39.77,189.350006,142.58999599999999,99.129997,140.389999,51.150032,34.351459999999996,1169.969971,1176.170044,109.889999,16.67,23.809998999999998,164.629105,45.749621999999995,168.46000700000002,139.21000700000002,27.935999,115.353195,214.52882400000001,167.190002,98.09124,91.470322,96.760002,43.950001,63.84,238.761627,51.119999,69.479568,84.209999,67.758423,67.32,128.149994,93.379997,54.060001,99.071175,26.464289,37.189999,100.305748,83.91999799999999,119.230148,124.433365,115.769997,53.23,87.339996,20.73,75.145218,32.580002
2018-01-24,173.512573,160.600006,197.779999,95.339996,120.860001,258.894257,116.900002,66.019997,56.776642,12.71,161.53999299999998,91.199997,70.08000200000001,256.859985,34.646164,45.380001,112.849998,42.169998,32.599998,16.850309,78.257576,93.779999,101.190002,114.660004,39.82,186.550003,142.130005,100.559998,140.139999,51.668308,33.914112,1164.23999,1171.290039,112.16999799999999,16.68,23.66,163.757675,45.203327,167.550003,140.190002,27.777103000000004,114.27930500000001,209.20224,167.009995,94.945,91.390694,95.839996,43.080002,62.93,235.65354900000003,51.450001,67.523933,83.709999,67.40149699999999,66.900002,128.889999,92.839996,52.970001,96.837906,26.653247999999998,37.02,101.989136,87.279999,109.09623,124.333542,115.769997,54.220001,86.970001,20.52,73.095985,32.360001000000004
2018-01-25,170.415192,160.78999299999998,197.509995,91.980003,120.629997,252.269531,116.870003,66.870003,55.658671999999996,12.41,159.929993,91.199997,70.82,247.289993,34.874493,44.860001000000004,111.959999,41.900002,32.82,17.228209,77.758804,94.0,101.860001,114.5,40.02,187.479996,134.940002,101.5,140.800003,52.057018,33.605984,1170.369995,1182.140015,112.199997,16.48,23.32,163.856705,44.994743,167.820007,140.119995,27.479172,112.449722,198.748627,168.58999599999999,92.07753000000001,91.898315,97.68,43.009997999999996,62.490002000000004,236.203217,51.599998,68.129486,84.339996,66.846252,66.059998,130.899994,91.910004,53.169998,94.76416800000001,27.001331,37.450001,102.238159,88.279999,109.54376200000002,125.00237299999999,115.989998,54.290001000000004,87.989998,20.799999,69.37552600000001,32.380001
2018-01-26,170.813568,162.550003,201.300003,93.839996,122.33000200000001,261.248871,117.779999,67.620003,57.016201,12.95,163.96000700000002,92.730003,72.519997,250.789993,35.638892999999996,45.799999,113.699997,42.560001,33.07,17.654551,78.237625,94.699997,102.5,115.199997,40.889998999999996,190.0,138.240005,102.879997,142.580002,52.625130000000006,34.172546000000004,1175.839966,1187.560059,113.260002,16.709999,23.91,165.708466,49.742535,170.440002,142.139999,27.995586,112.79774499999999,202.060272,170.33999599999999,96.488251,93.620216,99.0,43.669998,63.34,243.178879,52.75,69.49942800000001,85.449997,67.94680799999999,67.940002,135.220001,92.959999,54.939999,97.057243,27.558264,37.82,103.94145999999999,88.940002,113.064278,126.10046399999999,115.309998,54.720001,89.599998,21.16,71.56403399999999,32.830002
2018-01-29,167.278,161.190002,198.229996,93.779999,120.760002,255.921127,116.379997,67.25,55.229457999999994,13.32,162.75,92.129997,72.449997,245.47000099999997,35.380779,44.560001,113.300003,42.849998,33.259997999999996,17.470449,77.958313,93.68,100.120003,117.650002,40.799999,185.979996,138.889999,102.690002,143.029999,52.266319,34.043327000000005,1175.579956,1186.47998,112.41999799999999,16.969998999999998,23.809998999999998,165.17373700000002,49.643208,169.21000700000002,139.669998,28.283587,111.49515500000001,195.47688300000002,168.550003,96.458382,93.480873,99.18,43.290001000000004,62.799999,246.696686,51.939999,68.32803299999999,84.309998,66.747108,68.190002,132.949997,91.279999,55.110001000000004,96.807999,26.921768,37.259997999999996,103.473297,87.43,112.029999,124.62303200000001,112.410004,54.130001,87.449997,20.83,71.802773,32.84
2018-01-30,166.292007,159.699997,196.899994,91.550003,120.809998,254.005524,115.019997,66.559998,53.283001,12.87,161.679993,92.550003,71.610001,240.979996,35.291435,43.98,112.230003,42.25,32.860001000000004,17.257275,77.569275,92.690002,99.0,118.699997,40.400002,187.119995,140.949997,102.660004,142.53999299999998,51.309502,32.134914,1163.689941,1177.369995,111.379997,16.540001,23.440001000000002,162.024734,48.461227,168.5,139.03999299999998,28.124689,108.790558,190.599182,167.190002,94.576607,92.306389,99.800003,41.669998,62.310001,242.56926,50.959998999999996,68.059998,83.779999,66.419914,70.66999799999999,131.46000700000002,91.32,54.98,96.917664,26.474234000000003,37.439999,101.929375,87.68,109.889999,123.33528100000001,112.150002,53.900002,87.08000200000001,20.6,71.753029,32.68
2018-01-31,166.75013700000002,160.699997,199.759995,91.879997,123.629997,256.07077000000004,115.620003,66.989998,53.532546999999994,13.74,161.649994,92.769997,74.129997,248.02999900000003,35.589252,44.860001000000004,113.910004,41.540001000000004,33.279999,17.257275,77.78873399999999,92.760002,99.550003,126.959999,40.580002,186.889999,144.53999299999998,102.360001,140.83999599999999,51.040394,31.031612,1169.939941,1182.219971,111.779999,16.4,23.32,162.103958,47.815605,167.899994,138.740005,25.969654000000002,109.178352,191.038071,169.0,94.805603,94.565781,99.459999,43.720001,61.5,245.64733900000002,51.59,68.25,85.32,67.669189,71.769997,131.380005,92.610001,55.200001,96.917664,27.080893,37.450001,102.128586,88.860001,109.66999799999999,124.014099,114.91999799999999,54.07,88.980003,20.790001,72.638382,34.130001
2018-02-01,167.098724,160.46000700000002,199.380005,91.650002,120.41999799999999,256.519714,115.57,67.559998,53.183181999999995,13.25,163.399994,92.82,73.349998,238.789993,35.122673,42.23,112.739998,41.700001,33.689999,17.392933,77.30990600000001,93.43,99.489998,128.179993,46.189999,193.08999599999999,145.029999,102.110001,140.100006,51.249699,31.498777,1167.699951,1181.589966,111.589996,16.790001,23.299999,160.81663500000002,47.328911,165.649994,138.830002,26.366896,110.520706,188.63414,172.929993,94.128563,93.81929000000001,99.120003,42.490002000000004,62.16,240.350632,51.630001,67.029999,78.400002,66.231537,83.339996,130.619995,91.379997,54.439999,102.83980600000001,27.210182,39.16,103.373695,88.41999799999999,110.08000200000001,125.501503,114.699997,54.299999,87.650002,20.690001000000002,72.111153,32.75
2018-02-02,159.848282,156.899994,195.639999,89.110001,118.57,249.336273,111.639999,65.720001,50.587906,12.45,160.28999299999998,91.25,71.41999799999999,235.479996,34.715656,41.099998,110.779999,40.93,32.349998,17.179758,75.534279,92.190002,98.889999,124.529999,44.299999,190.279999,144.130005,100.809998,137.550003,49.774601000000004,31.091251,1111.900024,1119.199951,108.720001,16.65,22.48,157.479492,45.839016,163.419998,135.190002,26.078897,105.91691599999999,178.609421,170.550003,92.903915,91.350883,103.870003,40.82,60.220001,233.374969,50.130001,66.599998,76.57,65.50774399999999,80.769997,128.009995,90.160004,51.77,98.662407,26.872044,38.07,101.779961,86.83000200000001,107.660004,120.699867,112.510002,52.98,85.25,20.280001000000002,70.270821,31.629998999999998
2018-02-05,155.854568,151.830002,190.270004,85.400002,114.07,238.231827,109.18,62.810001,48.222214,11.57,156.020004,88.410004,67.980003,228.100006,33.315909999999995,39.290001000000004,107.650002,38.779999,30.959999,16.27862,73.110237,89.07,96.089996,121.639999,42.369999,181.259995,136.179993,97.199997,130.110001,47.821095,29.600302000000003,1055.800049,1062.390015,104.980003,15.66,21.290001,151.042862,44.220001,157.649994,128.25,25.026207,100.627037,169.921356,164.58999599999999,89.110497,87.588554,101.059998,39.400002,56.810001,213.56727599999996,48.09,64.519997,74.70500200000001,61.204678,75.58000200000001,127.050003,87.620003,49.650002,94.395279,26.643304999999998,36.630001,98.333504,84.239998,104.209999,116.067924,108.730003,50.5,81.449997,19.540001,66.620003,31.379998999999998
2018-02-06,162.36801100000002,154.690002,194.470001,88.540001,112.949997,240.91564900000003,112.620003,63.669998,50.158688,11.65,157.100006,88.559998,69.699997,240.38000499999998,33.454890999999996,39.580002,109.57,40.169998,30.549999,16.540241,73.718742,89.120003,95.940002,123.129997,42.790001000000004,185.309998,139.729996,95.720001,130.75,48.249668,29.620179999999998,1080.599976,1084.430054,106.010002,15.73,21.43,153.82547,44.91,160.869995,124.019997,25.363863000000002,104.634224,177.89123500000002,169.279999,91.519966,90.902985,102.760002,43.880001,58.139998999999996,225.439896,49.400002,64.230003,75.68,63.851958999999994,79.07,128.679993,87.449997,48.68,104.24556,26.931715000000004,36.830002,98.751862,85.120003,105.870003,119.76149699999999,109.410004,50.830002,84.25,19.809998999999998,68.989998,30.85
2018-02-07,158.892166,155.149994,192.33999599999999,85.349998,113.559998,246.183533,110.540001,64.480003,48.601521000000005,11.6,155.029999,88.279999,69.459999,237.38000499999998,33.752708,38.57,110.050003,40.34,31.35,16.530552,76.332306,87.599998,96.08000200000001,123.050003,42.330002,180.179993,141.389999,96.769997,129.169998,48.239703999999996,29.64006,1048.579956,1055.410034,106.32,15.56,21.209999,152.350006,45.200001,161.28999299999998,119.449997,25.214895000000002,102.078773,171.19812,168.729996,82.54917900000001,89.191025,102.629997,42.009997999999996,57.630001,228.657898,48.869999,64.739998,75.589996,64.486511,78.089996,128.809998,85.849998,49.549999,101.045212,26.434452,36.93,99.220024,85.370003,101.980003,119.44205500000001,109.110001,51.009997999999996,83.709999,19.49,66.970001,31.18
2018-02-08,154.520004,150.509995,185.16000400000001,82.68,108.25,240.04765299999997,104.809998,62.490002000000004,45.666866,11.22,148.83999599999999,84.440002,65.83000200000001,229.57000699999998,32.422455,36.82,104.029999,38.77,30.85,15.697242999999999,74.975655,84.529999,91.91999799999999,116.540001,41.02,171.580002,137.25,92.739998,133.050003,46.306126,28.278328000000002,1001.5200199999999,1007.7100220000001,100.589996,15.04,19.92,147.58999599999999,42.75,152.75,114.260002,24.489931,97.982101,161.821777,160.619995,79.552277,84.612534,98.739998,40.0,55.849998,217.38490299999998,46.84,61.860001000000004,72.32,61.888805000000005,76.849998,124.650002,82.620003,47.439999,98.742165,25.449873,35.57,94.89701099999999,81.16999799999999,97.660004,113.662117,105.620003,49.040001000000004,80.089996,18.809998999999998,62.82,29.799999
2018-02-09,156.41000400000001,153.83999599999999,187.990005,83.93,111.43,240.117477,105.940002,64.129997,47.992634,11.31,150.41000400000001,84.779999,67.08000200000001,235.5,33.206711,37.68,106.980003,39.529999,30.82,15.484069,76.102875,85.75,96.989998,120.639999,41.66,176.110001,138.639999,95.029999,137.46000700000002,46.884209000000006,28.596396999999996,1037.780029,1046.27002,103.93,15.3,20.110001,149.509995,43.950001,157.059998,115.489998,25.264553,100.328743,165.452606,165.199997,80.68731700000001,87.767715,99.129997,40.41,56.169998,231.935867,47.73,64.160004,74.75,63.445446,77.849998,126.839996,84.339996,47.82,102.331337,25.768122,36.049999,96.022591,83.349998,100.489998,116.11784399999999,109.089996,49.880001,80.589996,19.360001,65.379997,29.610001
2018-02-12,162.71000700000002,154.949997,192.149994,85.050003,111.650002,247.71998599999998,108.379997,64.93,49.410049,11.68,153.740005,86.410004,68.32,244.399994,33.772564,38.599998,108.550003,40.599998,40.389998999999996,16.239862,77.240082,86.790001,97.900002,122.220001,42.32,176.41000400000001,140.149994,95.150002,138.639999,47.522087,29.272292999999998,1051.939941,1054.560059,106.400002,15.75,20.41,151.399994,44.830002,159.380005,118.239998,25.622068,103.321701,172.514801,168.190002,82.658699,88.713272,101.300003,42.189999,57.73,227.888367,48.150002,64.690002,75.279999,65.10123399999999,79.16999799999999,129.320007,85.33000200000001,49.169998,103.78694899999999,25.957081,36.369999,98.313576,84.040001,101.940002,118.26410700000001,111.029999,50.110001000000004,82.339996,19.77,65.120003,29.950001
2018-02-13,164.33999599999999,156.83999599999999,193.479996,84.339996,111.82,246.25999500000003,109.790001,64.489998,49.459957,11.78,154.199997,86.879997,68.029999,245.86000099999998,33.9314,37.900002,107.690002,41.23,40.580002,16.675895999999998,77.91841099999999,86.870003,97.239998,122.279999,42.150002,173.149994,142.429993,96.16999799999999,139.029999,48.050331,29.06356,1052.099976,1054.140015,106.849998,15.47,20.58,150.75,44.459998999999996,159.360001,118.849998,26.00938,103.61999499999999,172.125778,170.119995,80.458313,89.410004,101.940002,42.630001,58.740002000000004,232.48551899999998,48.490002000000004,64.629997,74.970001,65.14089200000001,79.349998,132.029999,85.5,49.630001,103.268509,26.434452,36.599998,98.40322900000001,84.980003,100.980003,118.14431,110.57,50.080002,82.970001,19.75,65.290001,29.17
2018-02-14,167.369995,159.78999299999998,197.130005,85.129997,112.709999,250.05000299999998,109.91999799999999,66.870003,51.865578,12.2,157.699997,87.339996,69.650002,247.66000400000001,34.497253,38.630001,109.019997,42.09,40.509997999999996,17.034414,79.624214,89.440002,100.139999,123.769997,42.439999,179.520004,143.5,96.0,138.399994,48.907482,29.341871,1069.699951,1072.699951,107.58000200000001,16.15,21.290001,154.759995,45.380001,163.899994,120.459999,25.989517000000003,107.470001,182.549484,172.520004,81.852226,90.809998,105.019997,43.450001,60.639998999999996,241.27005,49.450001,65.370003,77.269997,66.023315,78.82,134.190002,86.620003,51.369999,104.335297,26.872044,36.41,99.34951,84.620003,102.68,120.620003,113.980003,49.509997999999996,83.33000200000001,20.299999,66.860001,29.790001
2018-02-15,172.990005,161.059998,202.970001,85.400002,115.510002,240.649994,113.519997,67.400002,53.891891,12.19,162.41000400000001,89.139999,71.989998,251.830002,34.983692,39.07,113.120003,44.080002,40.52,18.53631,81.17041800000001,90.989998,101.089996,126.480003,43.009997999999996,179.96000700000002,145.389999,96.559998,140.449997,49.316124,29.361752000000003,1089.52002,1091.359985,112.349998,16.35,21.450001,156.009995,45.919998,169.309998,117.93,26.724413000000002,108.870003,185.242706,174.690002,82.131004,92.660004,106.129997,43.5,57.669998,246.34690899999998,50.639998999999996,66.470001,78.29499799999999,64.724464,78.559998,140.070007,88.93,51.52,104.05613699999999,27.548321,37.0,101.00301400000001,86.25,104.57,122.279999,116.349998,49.740002000000004,84.540001,20.200001,67.220001,30.5
2018-02-16,172.429993,162.66000400000001,201.559998,86.089996,116.18,244.67999300000002,112.949997,66.889999,54.93,11.82,164.139999,89.989998,70.190002,248.88999900000002,35.082962,39.16,112.860001,44.330002,40.560001,18.342518,80.751442,91.209999,100.82,126.019997,43.34,177.360001,145.029999,97.82,142.720001,48.927417999999996,29.292171000000003,1094.800049,1095.5,114.349998,16.389999,21.4,156.179993,45.560001,171.690002,118.040001,26.168276000000002,107.519997,187.437164,175.649994,83.047005,92.0,105.910004,44.209998999999996,56.509997999999996,243.68855299999998,50.709998999999996,66.809998,78.370003,64.298126,77.309998,142.71000700000002,89.07,51.419998,103.796921,27.473528,37.139998999999996,101.700272,87.08000200000001,104.470001,121.849998,120.550003,50.150002,84.910004,20.26,67.089996,30.549999
2018-02-20,171.850006,161.440002,202.979996,88.410004,115.410004,244.57000699999998,114.269997,66.769997,56.66,12.02,167.809998,90.360001,70.839996,249.61999500000002,34.805,40.169998,114.349998,44.060001,40.580002,17.896793,81.34000400000001,91.779999,100.66999799999999,126.339996,43.389998999999996,176.009995,143.03999299999998,97.32,141.71000700000002,48.65831,29.471087,1102.459961,1103.589966,114.730003,16.52,21.389999,155.16000400000001,46.32,173.570007,115.970001,26.049103,110.550003,192.953247,175.350006,84.860001,92.720001,105.75,44.900002,58.080002,248.925308,49.889998999999996,65.410004,77.059998,63.445446,80.16999799999999,144.320007,89.760002,52.119999,106.09000400000001,26.945,36.77,102.108665,87.010002,105.290001,122.010002,116.339996,48.919998,86.459999,20.25,69.190002,31.030001000000002
2018-02-21,171.070007,160.46000700000002,202.08999599999999,88.410004,116.099998,239.58999599999999,112.370003,66.32,56.130001,11.72,163.53999299999998,90.41999799999999,70.220001,248.61999500000002,34.689999,39.259997999999996,114.480003,43.310001,40.540001000000004,17.344482,81.800003,91.379997,100.879997,124.900002,43.119999,177.91000400000001,144.66000400000001,97.150002,139.78999299999998,48.150002,29.083439000000002,1111.339966,1113.75,112.239998,16.25,21.17,153.96000700000002,45.939999,173.320007,114.099998,25.711447,109.66999799999999,188.75383,172.320007,84.150002,91.489998,104.989998,44.540001000000004,58.540001000000004,241.36000099999998,49.43,65.08000200000001,76.510002,62.86046999999999,79.949997,143.419998,88.459999,51.439999,106.0,27.030001000000002,36.310001,101.769997,86.559998,103.660004,120.43,115.699997,47.959998999999996,85.66999799999999,20.09,68.459999,30.379998999999998
2018-02-22,172.5,160.320007,202.610001,88.559998,115.43,238.82000699999998,112.389999,66.25,56.07,11.84,160.940002,90.230003,69.489998,249.350006,34.849998,38.799999,113.0,42.939999,40.52,17.421999,81.610001,91.610001,101.110001,124.610001,42.830002,178.990005,143.869995,98.029999,142.110001,47.860001000000004,29.033741,1106.630005,1109.900024,112.019997,16.41,21.389999,153.179993,45.799999,172.100006,115.540001,25.850482999999997,108.910004,187.886032,172.949997,83.91999799999999,91.730003,104.730003,44.25,58.59,242.149994,49.59,65.050003,77.699997,61.650847999999996,78.5,144.66000400000001,84.379997,51.360001000000004,107.260002,26.98,36.470001,101.019997,86.800003,103.93,120.379997,114.91999799999999,47.869999,85.529999,20.09,68.93,30.23
2018-02-23,175.5,162.949997,209.74000499999997,90.370003,117.650002,242.08999599999999,115.029999,67.360001,57.009997999999996,12.07,160.889999,90.83000200000001,72.07,253.710007,35.43,39.740002000000004,114.959999,44.0,40.540001000000004,17.644861,82.529999,92.809998,103.980003,127.099998,43.68,183.28999299999998,147.330002,99.82,146.190002,48.490002000000004,29.123198,1126.790039,1128.089966,114.459999,18.139999,22.129998999999998,155.520004,47.73,171.779999,116.989998,25.939863,110.470001,192.614105,175.759995,85.160004,94.059998,106.730003,46.529999,59.619999,245.92999300000002,50.5,66.470001,79.690002,62.781147,80.129997,146.619995,85.239998,53.290001000000004,108.230003,27.43,36.720001,102.269997,88.82,107.040001,122.93,117.639999,48.290001000000004,89.139999,20.24,70.050003,30.870001000000002
2018-02-26,178.970001,164.740005,212.149994,92.360001,117.900002,245.66000400000001,116.91999799999999,68.599998,58.810001,12.42,161.669998,92.410004,73.160004,252.94999700000002,35.360001000000004,39.889998999999996,116.650002,45.360001000000004,40.580002,17.838655,82.970001,92.949997,104.639999,128.570007,43.830002,184.929993,151.029999,99.91999799999999,145.360001,49.639998999999996,29.65,1143.75,1143.699951,114.699997,18.549999,23.459999,158.580002,49.110001000000004,172.669998,117.959999,26.00938,114.66999799999999,197.930679,177.869995,86.379997,95.41999799999999,106.82,47.98,60.41,246.580002,51.169998,66.83000200000001,79.349998,66.410004,81.480003,148.029999,85.470001,53.549999,110.389999,27.23,37.459998999999996,104.440002,88.849998,109.629997,124.589996,117.25,49.09,89.220001,20.299999,71.489998,31.120001000000002
2018-02-27,178.389999,162.550003,208.820007,92.260002,116.470001,242.38999900000002,116.120003,68.239998,57.639998999999996,12.53,161.33999599999999,91.940002,72.610001,251.809998,35.25,39.389998999999996,116.470001,45.040001000000004,40.529999,17.518895999999998,82.510002,92.370003,103.139999,125.800003,43.150002,181.46000700000002,150.83999599999999,98.440002,144.21000700000002,49.040001000000004,29.33,1118.290039,1117.51001,114.199997,18.82,23.52,156.550003,49.91,170.350006,115.93,25.92,113.459999,192.98317,175.929993,88.550003,94.199997,106.620003,48.580002,60.400002,246.059998,50.73,65.91999799999999,79.459999,66.339996,81.209999,147.440002,84.940002,52.869999,110.300003,26.32,36.869999,104.389999,87.989998,108.339996,123.370003,116.410004,48.040001000000004,87.190002,19.99,71.440002,30.25
2018-02-28,178.119995,161.009995,209.130005,90.150002,115.32,240.960007,117.470001,67.459999,57.59,12.11,159.940002,91.389999,73.129997,246.460007,35.099998,38.77,116.25,44.779999,40.529999,17.12162,82.019997,92.0,102.540001,123.699997,42.860001000000004,178.320007,148.520004,97.18,143.389999,49.099998,29.08,1104.72998,1103.920044,113.389999,18.59,23.389999,155.830002,49.290001000000004,166.860001,113.410004,25.66,113.309998,191.37721299999998,175.759995,88.93,93.769997,106.150002,48.810001,60.549999,242.0,50.669998,65.129997,79.410004,65.0,80.709999,147.399994,84.66999799999999,53.400002,109.25,26.290001,36.299999,103.089996,87.949997,108.349998,122.940002,116.019997,47.740002000000004,87.040001,19.82,71.25,30.32
2018-03-01,175.0,156.149994,206.029999,88.309998,113.790001,235.350006,114.739998,67.91999799999999,57.07,11.9,158.740005,88.949997,72.010002,243.309998,35.200001,38.23,119.43,43.799999,40.509997999999996,16.860001,80.650002,90.809998,100.93,122.16999799999999,42.27,175.940002,146.550003,95.959999,141.869995,49.16,28.4,1069.52002,1071.410034,111.449997,18.4,23.35,153.809998,47.84,164.33999599999999,113.769997,25.17,111.209999,189.591736,173.490005,89.019997,92.849998,106.32,47.619999,60.599998,232.210007,49.709998999999996,63.549999,78.639999,64.959999,78.610001,145.440002,84.529999,54.0,106.589996,26.51,36.0,100.08000200000001,87.220001,106.529999,120.400002,115.019997,47.959998999999996,87.269997,19.66,70.800003,30.549999
2018-03-02,176.21000700000002,157.5,209.789993,89.529999,113.599998,232.72000099999997,116.279999,69.43,58.029999,11.81,162.630005,89.650002,74.010002,250.86999500000002,35.32,39.290001000000004,121.91999799999999,44.060001,40.529999,17.35,81.279999,91.980003,101.099998,125.089996,42.950001,176.619995,148.33999599999999,96.900002,143.979996,48.93,28.799999,1078.920044,1084.140015,113.449997,18.780001000000002,23.57,154.490005,48.98,168.83999599999999,116.650002,25.6,113.010002,194.040497,175.020004,91.290001,93.050003,106.290001,49.110001000000004,60.759997999999996,236.539993,50.32,63.790001000000004,78.870003,64.739998,81.129997,148.759995,85.769997,54.119999,109.139999,26.91,36.349998,101.379997,87.57,108.220001,120.769997,115.779999,48.259997999999996,88.25,19.870001000000002,72.230003,30.059998999999998
2018-03-05,176.820007,158.850006,211.16000400000001,91.139999,115.660004,231.770004,118.870003,69.809998,57.630001,11.91,163.21000700000002,89.18,75.099998,246.979996,35.540001000000004,39.5,122.5,44.52,40.700001,17.84,82.269997,92.709999,102.0,126.099998,43.189999,180.399994,150.83999599999999,99.589996,144.929993,49.689999,28.879998999999998,1090.930054,1094.76001,113.730003,18.98,23.690001000000002,156.949997,49.75,170.179993,119.379997,25.84,113.83000200000001,198.199997,178.529999,94.470001,93.639999,107.269997,52.029999,62.189999,235.649994,51.290001000000004,65.040001,79.07,64.010002,83.190002,149.830002,86.059998,55.139998999999996,111.480003,27.09,36.700001,101.589996,88.470001,109.010002,121.879997,117.260002,48.709998999999996,89.949997,19.9,72.800003,30.290001
2018-03-06,176.669998,158.029999,212.00999500000003,91.93,115.410004,235.08999599999999,119.870003,69.940002,59.990002000000004,11.76,163.770004,89.75,73.91999799999999,250.960007,35.720001,38.98,124.480003,44.290001000000004,40.610001000000004,18.059998999999998,83.07,93.639999,101.849998,124.550003,43.139998999999996,179.779999,152.139999,98.709999,144.220001,50.5,29.200001,1095.060059,1100.900024,114.18,19.41,23.950001,155.720001,50.709998999999996,169.46000700000002,120.959999,25.940001000000002,116.07,207.940002,177.529999,96.57,93.32,108.379997,53.740002000000004,63.799999,242.16000400000001,51.5,65.089996,79.230003,62.139998999999996,83.68,149.720001,86.260002,56.23,111.849998,26.959999,36.869999,101.93,88.910004,109.690002,121.059998,117.449997,48.889998999999996,93.800003,19.9,73.980003,30.040001
