Date,A,ABBV,ABC,ABT,AET,AGN,ALGN,ALXN,AMGN,ANTM,BAX,BDX,BIIB,BMY,BSX,CAH,CELG,CERN,CI,CNC,COO,DGX,DHR,DVA,ESRX,EVHC,EW,GILD,HCA,HOLX,HSIC,HUM,IDXX,ILMN,INCY,IQV,ISRG,JNJ,LH,LLY,MCK,MDT,MRK,MTD,MYL,PDCO,PFE,PKI,PRGO,REGN,RMD,SYK,TMO,UHS,UNH,VAR,VRTX,WAT,XRAY,ZBH,ZTS
2017-11-20,69.80545,92.93337199999999,77.158417,55.026848,174.46357700000002,170.376709,255.50999500000003,108.489998,167.523636,218.83868399999997,63.572788,220.741165,309.459991,60.403648,28.35,54.179089000000005,103.150002,65.730003,199.41000400000001,93.779999,239.910095,91.99379,93.53981800000001,54.759997999999996,61.419998,28.99,107.160004,71.640213,74.352875,40.189999,67.5,233.103638,155.399994,210.669998,98.949997,103.900002,393.02999900000003,136.21821599999998,150.720001,82.56551400000001,137.617538,78.45609300000001,53.6437,631.919983,36.5,34.57251,35.025509,72.686066,84.84623,385.22000099999997,84.39807900000001,154.282623,190.850372,96.707542,209.542496,109.239998,144.639999,200.270004,66.34146899999999,111.95590200000001,70.833549
2017-11-21,69.755569,94.005676,79.150627,55.852897999999996,175.96946699999998,169.928665,256.429993,108.050003,168.565765,219.357117,63.941013,226.052902,309.059998,60.840786,28.799999,54.888348,104.5,66.68,201.990005,93.91999799999999,240.080078,92.04355600000001,94.03907,55.169998,61.189999,30.0,109.519997,72.017639,75.62846400000001,40.599998,67.970001,236.03889500000002,155.58999599999999,212.05000299999998,98.949997,104.360001,398.48999,136.623123,152.83999599999999,82.893074,142.2267,82.194939,53.812267000000006,627.619995,37.23,34.55265,35.213768,73.19561800000001,86.389801,384.440002,85.34458199999999,155.259659,192.778854,98.594185,211.884598,108.400002,145.110001,198.059998,66.9207,113.333145,71.242882
2017-11-22,68.538261,93.79718000000001,81.083076,55.53442,175.76004,174.070602,254.38000499999998,107.599998,168.684875,219.75590499999998,63.732020999999996,223.461807,309.799988,60.741431999999996,28.469998999999998,56.119686,105.160004,70.029999,200.720001,96.949997,238.87022400000004,92.103287,93.61970500000001,55.389998999999996,62.119999,30.059998999999998,108.809998,72.32553100000001,76.80439799999999,40.880001,69.949997,237.915878,154.059998,215.350006,99.0,103.949997,396.589996,135.586166,151.91000400000001,83.061821,145.143509,81.87673199999999,53.911423,626.349976,37.279999,35.039169,35.104778,72.97580699999999,86.340012,387.540009,84.956009,154.322495,192.598999,100.400963,210.509232,108.790001,147.03999299999998,196.570007,67.499916,112.844124,70.953354
2017-11-24,69.206779,94.045395,80.913742,55.86285,175.979446,172.776245,254.75999500000003,108.610001,168.843658,219.725998,63.811638,225.504791,308.97000099999997,61.029545,28.66,55.528641,104.5,70.57,200.600006,97.16999799999999,242.259796,91.20734399999999,93.879311,57.150002,61.18,29.9,109.339996,71.967972,76.923988,40.869999,69.970001,240.12229900000003,154.809998,214.86000099999998,98.779999,104.269997,398.149994,136.297226,151.08999599999999,83.409233,144.00863600000002,82.781616,53.89159,635.02002,37.369999,35.01931,35.164229999999996,73.295525,86.210548,384.850006,84.7966,154.202866,193.358398,100.301147,211.794891,108.870003,146.550003,195.949997,67.420029,112.844124,71.172997
2017-11-27,69.156891,94.74041,80.80416899999999,55.882755,175.610443,171.631256,262.420013,107.75,168.436752,219.367081,64.42865,224.627792,311.730011,61.208369999999995,28.51,55.05580500000001,103.33000200000001,69.519997,199.929993,98.089996,243.25967400000002,92.08337399999999,93.90927099999999,57.990002000000004,61.470001,30.07,109.860001,71.213135,77.083435,40.77,69.889999,243.16738900000001,155.429993,223.83999599999999,97.860001,102.550003,403.700012,137.22131299999998,151.550003,84.183464,144.197784,80.951973,54.089905,633.76001,36.459998999999996,35.803696,35.164229999999996,73.495346,85.702667,374.52999900000003,84.368187,154.65150500000001,193.768082,100.560684,211.68525699999998,109.459999,148.550003,196.71000700000002,67.909378,113.16348300000001,71.422585
2017-11-28,70.43405899999999,94.74041,82.826263,55.753372,178.352951,171.173248,264.230011,108.099998,168.982605,221.610306,65.732353,226.371796,317.140015,62.112438,26.389999,56.70088199999999,103.989998,69.75,200.550003,97.809998,243.219681,92.92955,94.178864,58.48,61.439999,30.719998999999998,113.209999,72.097092,77.800957,40.450001,70.5,243.82632400000003,155.020004,226.27999900000003,95.83000200000001,101.730003,402.230011,139.129105,151.220001,84.4217,147.08471699999998,81.996063,54.466702000000005,634.1400150000001,36.880001,36.071777000000004,35.520920000000004,73.735146,86.66864,366.0,84.876312,155.309525,196.146225,102.147858,215.412674,109.529999,147.320007,197.800003,68.488602,114.979851,71.272827
2017-11-29,68.538261,95.137558,84.330383,55.315468,179.08097800000002,174.926865,258.369995,107.370003,170.937836,226.62515299999998,64.86653100000001,226.10273700000002,319.959991,62.489964,25.950001,58.227748999999996,103.120003,69.769997,205.830002,99.010002,242.559769,96.891624,93.79943100000001,60.639998999999996,62.860001000000004,31.83,116.370003,73.169762,79.863823,42.27,70.300003,249.72680699999998,154.0,227.479996,95.959999,101.309998,394.299988,138.920425,157.020004,84.332359,147.453049,81.648033,54.893074,625.4400019999999,36.860001000000004,36.68737,35.877617,73.115685,87.355774,358.630005,84.936089,153.634598,192.469101,107.278702,222.13000499999998,111.220001,143.75,195.679993,68.268898,116.287231,71.49247
2017-11-30,69.08704399999999,96.229721,84.489761,56.101707,179.689301,173.074951,260.880005,109.809998,174.342102,234.252106,65.375336,227.428177,322.170013,62.778068999999995,26.280001000000002,58.306553,100.83000200000001,70.690002,211.729996,102.089996,241.149933,98.016533,94.21880300000001,61.060001,65.18,31.93,117.199997,74.272224,84.70706899999999,41.720001,71.449997,260.439484,156.41000400000001,230.02999900000003,98.989998,102.010002,399.77999900000003,138.443497,158.270004,84.014725,147.413147,81.66791500000001,54.803833,629.210022,36.529999,36.290211,35.927158,73.61524200000001,87.006584,361.859985,85.085533,155.528854,192.608994,108.25786599999999,228.169998,111.75,144.28999299999998,197.169998,66.9207,116.866074,72.171356
2017-12-01,68.538261,95.634003,84.619247,55.713561999999996,180.816223,169.201843,254.07000699999998,108.959999,175.870544,231.63999900000002,65.335426,225.554611,319.350006,62.827746999999995,26.15,58.02088199999999,102.139999,70.16999799999999,208.41000400000001,101.099998,238.070328,98.763153,93.679611,61.110001000000004,64.410004,30.74,116.410004,74.828415,83.760345,40.849998,70.660004,258.113251,155.0,225.24000499999997,97.940002,102.269997,396.660004,139.089355,156.490005,84.689705,146.066132,80.812752,55.398773,624.6400150000001,38.119999,35.158314000000004,36.016331,73.05574,86.797073,373.47000099999997,83.939774,155.399246,192.049423,107.96810900000001,226.77999900000003,112.410004,140.78999299999998,198.16000400000001,65.991936,114.341125,72.181335
2017-12-04,66.093666,94.541832,87.079636,54.449608,178.213333,166.175049,225.80000299999998,111.75,177.34936499999998,224.94999700000002,64.09835799999999,218.169998,317.399994,62.062767,24.9,60.109238,102.610001,69.790001,204.110001,98.279999,229.711365,99.788513,92.681107,61.93,68.160004,30.83,113.800003,72.59369699999999,83.979584,41.849998,71.209999,251.87333700000002,159.300003,213.44999700000002,93.68,101.269997,369.950012,138.125519,157.91000400000001,84.947784,152.751297,79.42063900000001,55.745823,606.799988,37.439999,37.034882,35.728996,69.718674,86.098709,378.369995,83.262276,151.89984099999998,181.887405,106.169647,221.419998,109.559998,138.78999299999998,194.669998,65.662376,114.59063,70.903435
2017-12-05,65.684578,94.73048399999999,85.555595,54.529228,178.20336899999998,163.566422,227.36000099999998,108.900002,177.329514,223.49000499999997,63.868896,218.319504,319.869995,61.6157,24.940001000000002,59.449238,102.559998,70.089996,204.119995,99.730003,231.86109900000002,97.429192,92.60122700000001,60.93,67.839996,31.23,113.050003,72.792343,82.933205,41.889998999999996,71.099998,252.931625,159.779999,211.059998,93.709999,101.0,369.5,138.781326,155.220001,85.42423199999999,150.35661299999998,80.464729,55.299618,612.25,37.41,36.061848,35.302944000000004,69.299042,83.385056,372.339996,84.03939799999999,151.570847,182.307068,105.859909,220.08999599999999,109.260002,138.360001,194.259995,65.52256,115.259293,70.733711
2017-12-06,65.744446,93.727676,85.65520500000001,54.39984499999999,178.412796,167.270264,233.00999500000003,109.41999799999999,174.897903,222.710007,63.569607,218.169998,314.660004,60.57254399999999,25.24,58.828644,102.16999799999999,69.58000200000001,204.21000700000002,98.510002,234.04083300000002,96.951355,92.391541,69.199997,68.57,30.530001000000002,113.360001,72.792343,82.813614,41.439999,67.58000200000001,249.89652999999998,159.990005,213.979996,93.790001,101.010002,379.040009,140.162476,155.509995,84.689705,150.1371,81.041466,53.89159,615.97998,36.990002000000004,34.56258,35.233585,69.478882,82.187851,375.130005,84.866348,151.301651,183.725952,107.568459,219.940002,111.040001,137.279999,195.199997,65.412704,115.54871399999999,70.853523
2017-12-07,66.56263,93.56881,85.59543599999999,54.429703,178.34298700000002,164.153854,241.38000499999998,106.779999,172.654861,223.63999900000002,63.370079000000004,217.809998,319.570007,61.436871,25.040001,57.626854,102.730003,69.940002,206.0,100.900002,238.77023300000002,96.184822,92.541313,67.139999,67.410004,31.200001,117.449997,72.226212,84.76686099999999,41.68,67.57,253.490723,159.779999,214.669998,94.83000200000001,100.91999799999999,383.77999900000003,139.119156,155.259995,85.235641,149.678116,80.116699,54.308052,620.150024,37.369999,34.959736,35.174133000000005,70.048386,82.676712,373.609985,85.45416999999999,150.693497,185.484589,110.24616999999999,220.149994,111.959999,138.779999,196.470001,64.903389,114.55070500000001,71.52241500000001
2017-12-08,67.231148,95.266632,86.362434,54.379940000000005,182.232361,167.07113600000002,238.42999300000002,114.459999,174.093979,224.850006,63.898830000000004,219.67999300000002,325.769989,62.013088,25.77,58.011028,106.089996,70.41999799999999,209.97000099999997,101.339996,226.531754,96.652702,93.040565,67.709999,68.150002,32.07,118.029999,73.716026,84.547623,42.689999,67.900002,256.07653799999997,160.570007,217.649994,96.58000200000001,101.349998,379.609985,139.69546499999998,156.259995,85.811348,152.23246799999998,80.613884,55.101303,623.1900019999999,38.669998,35.217892,35.411934,70.967575,85.400337,380.77999900000003,86.051964,151.471146,187.812759,111.465134,223.91000400000001,111.980003,143.610001,199.28999299999998,64.813507,113.153503,71.762024
2017-12-11,66.85199,95.78293599999999,86.432167,54.678513,181.075531,172.00958300000002,233.66000400000001,111.900002,175.503326,226.020004,63.988613,218.309998,328.02999900000003,62.60918,25.5,59.340881,108.0,70.129997,209.16000400000001,99.699997,228.42152400000003,96.66265899999999,93.070518,69.510002,68.389999,32.900002,118.18,75.364754,84.677177,43.82,68.32,252.622131,159.699997,214.11000099999998,97.25,101.68,373.549988,140.241974,155.78999299999998,86.029724,153.46971100000002,80.812752,55.86480699999999,624.669983,39.490002000000004,35.257603,35.877617,70.747765,85.390366,381.320007,86.121712,152.248795,189.341568,110.88563500000001,222.770004,111.18,141.679993,197.759995,64.93334200000001,113.283249,71.652199
2017-12-12,66.911858,95.614143,87.478081,55.434898,180.836182,171.123459,234.36999500000002,113.599998,174.937592,228.75,64.158211,218.99000499999997,327.75,62.867481000000005,25.610001,59.360577,109.040001,70.360001,208.479996,100.860001,229.63137799999998,96.57306700000001,93.579758,70.400002,68.559998,33.400002,115.57,75.573326,86.152069,43.57,67.809998,254.229538,159.270004,212.63999900000002,95.400002,101.650002,370.48999,141.69268799999998,156.020004,86.069435,154.208069,81.538651,56.58865,625.01001,39.290001000000004,35.535614,36.244225,71.05749499999999,85.719597,381.72000099999997,85.523911,153.20588700000002,189.341568,112.34439099999999,222.49000499999997,111.449997,140.91000400000001,197.5,64.903389,113.31318700000001,72.111458
2017-12-13,66.5327,96.656662,88.135513,54.797943000000004,178.622223,168.504883,235.63000499999998,113.540001,176.049194,232.059998,64.567245,218.940002,330.709991,63.056248,25.709999,59.665955000000004,108.199997,69.660004,207.919998,101.190002,224.16206400000002,96.702477,94.009117,71.300003,68.57,33.369999,115.400002,76.060005,87.288139,43.68,68.699997,255.82695,158.199997,214.55000299999998,98.099998,102.220001,371.079987,141.980835,156.259995,87.24071500000001,154.866623,81.459099,56.43,626.3900150000001,39.529999,35.734196000000004,36.303669,71.247322,85.81935899999999,386.670013,84.696976,152.84697,191.320007,113.783165,224.350006,112.41999799999999,144.800003,197.199997,65.971962,113.293221,72.2612
2017-12-14,66.363075,95.614143,88.962273,54.469513,178.003922,170.19751000000002,233.80000299999998,113.089996,173.607651,227.11999500000002,64.62710600000001,218.770004,323.549988,61.724982999999995,25.620001000000002,59.449238,108.239998,68.57,203.630005,99.019997,224.83197,96.682571,92.71106,69.029999,69.019997,32.959998999999996,114.309998,74.339996,85.853111,42.959998999999996,68.690002,250.206024,155.25,210.850006,95.970001,101.470001,360.559998,140.748718,155.83999599999999,85.860985,156.852203,81.369606,56.009997999999996,629.929993,40.009997999999996,34.870377000000005,36.12532,70.76775400000001,83.843979,383.119995,83.620949,150.882919,188.320007,112.833977,221.25,109.769997,142.529999,193.979996,65.562508,112.594627,71.642227
2017-12-15,67.46064799999999,96.755951,92.807243,55.235847,179.21061699999998,170.93428,233.55000299999998,115.760002,175.711746,226.210007,65.175812,221.460007,327.940002,62.00315500000001,25.780001000000002,62.246849,109.410004,69.41999799999999,204.139999,94.860001,229.271423,98.54414399999999,93.859344,70.519997,71.550003,34.299999,114.220001,75.57,88.15514399999999,43.529999,70.160004,253.23113999999998,156.600006,216.55000299999998,96.410004,102.059998,369.869995,141.553574,159.059998,85.900688,162.240265,83.030212,56.240002000000004,639.9400019999999,40.52,36.240565999999994,36.858532000000004,72.06660500000001,86.298241,388.950012,84.975945,153.784134,192.270004,113.343544,221.82000699999998,111.870003,145.860001,196.559998,66.391403,115.00978899999998,71.84189599999999
2017-12-18,67.510536,97.490685,92.040245,56.131565,176.85703999999998,170.167633,235.47000099999997,116.089996,174.818497,227.020004,65.295517,221.729996,325.950012,61.993221,25.780001000000002,61.45879,108.040001,68.980003,206.33999599999999,97.93,224.03207400000002,98.285324,94.21880300000001,71.07,73.379997,33.860001000000004,114.91999799999999,75.129997,89.380913,43.360001000000004,70.160004,245.98284900000002,157.300003,217.289993,93.559998,102.480003,371.899994,140.897781,161.46000700000002,85.444092,159.905441,82.96060899999999,56.220001,642.98999,41.669998,36.449073999999996,36.789173,73.095703,86.17851999999999,383.390015,85.38443000000001,155.020401,193.570007,113.02381100000001,222.669998,110.779999,145.440002,197.720001,66.56118000000001,114.201408,72.510788
2017-12-19,67.600334,97.222603,93.424835,56.529658999999995,178.313065,168.833466,235.05000299999998,115.720001,175.543015,227.99000499999997,65.624741,221.330002,327.019989,61.158699,25.49,62.069534,107.059998,68.629997,207.259995,100.940002,223.85209700000001,99.031944,94.23877,71.800003,73.660004,33.139998999999996,114.32,74.349998,88.523872,43.490002000000004,71.489998,244.76481600000002,157.389999,214.74000499999997,95.019997,101.260002,367.350006,140.87789899999999,163.949997,86.069435,159.616089,81.57843000000001,56.23,635.070007,41.240002000000004,37.163959999999996,36.600914,73.775101,85.689667,385.72000099999997,85.802887,154.791077,193.889999,112.943878,222.039993,110.699997,145.149994,198.080002,66.511238,121.13752,72.68051899999999
2017-12-20,67.251114,96.71624,93.375031,56.748615,179.061035,164.990219,233.649994,118.349998,175.781219,227.919998,65.135902,218.99000499999997,333.47000099999997,60.801044,25.370001000000002,62.512817000000005,108.269997,68.519997,206.029999,102.949997,224.582001,98.593925,94.47841600000001,71.75,73.989998,32.619999,114.150002,74.010002,86.152069,43.439999,71.099998,244.76481600000002,158.679993,216.440002,94.029999,100.32,367.209991,140.261841,163.029999,85.10659799999999,160.284592,80.922134,56.110001000000004,626.659973,41.220001,36.250496000000005,36.12532,73.585274,86.328171,382.890015,85.254906,154.312531,192.28999299999998,112.684097,222.38000499999998,110.790001,145.119995,196.059998,66.061844,120.937927,72.59066
2017-12-21,67.37084200000001,97.212677,92.627945,56.65904200000001,180.237808,166.90188600000002,218.75999500000003,118.239998,175.354446,225.080002,64.37769300000001,217.77999900000003,322.519989,61.099087,25.139999,61.744461,107.879997,67.889999,204.520004,102.589996,221.742371,98.70343000000001,93.679611,71.900002,74.459999,34.52,113.300003,73.019997,87.537277,43.25,71.160004,243.18736299999998,157.279999,214.57000699999998,96.360001,100.139999,361.329987,140.162476,161.380005,84.977562,159.03736899999998,81.02158399999999,56.599998,618.429993,41.959998999999996,36.051918,35.907345,73.215591,86.97665400000001,384.140015,84.667084,153.634598,191.130005,114.672409,221.690002,110.709999,148.820007,194.520004,65.412704,119.71038100000001,72.161369
2017-12-22,67.20121800000001,97.510536,92.100014,56.65904200000001,179.46991,164.183731,223.11999500000002,118.779999,175.09638999999999,225.600006,64.567245,217.229996,319.5,60.56260699999999,25.1,61.557301,106.33000200000001,67.379997,203.389999,102.160004,219.772614,98.793022,93.320145,71.980003,74.529999,34.380001,112.489998,72.709999,88.782974,43.369999,71.010002,244.605072,157.649994,215.72000099999997,95.809998,99.379997,363.160004,139.228455,160.720001,84.441551,158.089462,81.081238,56.360001000000004,614.77002,42.049999,35.992344,35.808258,72.985802,86.807053,381.0,84.7966,153.674469,190.419998,114.962158,220.0,110.910004,149.970001,193.78999299999998,65.732285,119.880043,71.871841
2017-12-26,67.10144,97.053818,92.88694,56.72871,179.92865,163.72573899999998,223.539993,119.220001,174.768875,225.42999300000002,64.86653100000001,217.020004,319.77999900000003,60.860649,25.129998999999998,61.734607999999994,106.970001,67.68,203.779999,102.260002,220.412521,98.822884,93.180359,72.099998,74.989998,33.740002000000004,112.160004,72.699997,88.832802,43.23,70.620003,245.853058,157.070007,214.210007,95.400002,98.349998,365.829987,139.198654,161.03999299999998,84.362137,158.548447,81.011635,56.34,613.530029,42.27,35.982418,35.877617,72.985802,87.724907,387.429993,85.274834,153.744263,190.33999599999999,114.282738,219.600006,110.82,150.600006,193.820007,66.1717,119.72036000000001,72.22126800000001
2017-12-27,67.151329,97.391388,92.239464,57.196472,180.357498,164.85083,226.44999700000002,119.800003,174.88798500000001,225.24000499999997,64.62710600000001,217.32000699999998,320.070007,61.277916000000005,25.200001,61.370132,104.459999,67.610001,202.71000700000002,103.019997,221.16242999999997,98.753197,93.41999799999999,72.309998,74.879997,34.560001,113.160004,72.980003,87.587112,43.23,70.459999,247.749985,156.690002,215.460007,96.510002,98.540001,368.089996,139.675613,160.75,84.511032,157.67039499999998,81.300003,56.34,615.929993,42.0,36.121421999999995,35.996517,73.025757,88.303558,384.089996,85.444214,155.149994,191.169998,114.06293500000001,220.419998,111.099998,151.550003,193.449997,65.942001,119.900002,72.331085
2017-12-28,67.300995,97.093529,92.2295,57.186519999999994,180.73645,163.904953,226.479996,120.260002,173.935181,227.039993,64.746826,214.32000699999998,320.329987,61.367329000000005,25.190001000000002,61.212520999999995,104.75,67.93,205.240005,102.900002,220.15255699999997,98.68351,93.559998,72.360001,74.989998,34.639998999999996,114.550003,72.480003,88.005661,43.299999,70.559998,249.00999500000003,158.78999299999998,217.520004,95.379997,98.309998,368.869995,139.665665,160.850006,84.4217,157.381027,81.339996,56.599998,622.599976,41.860001000000004,36.161133,36.036148,73.355469,87.06644399999999,382.820007,85.942368,155.619995,191.169998,114.272751,222.770004,112.290001,151.169998,194.809998,66.43,121.75,72.271187
2017-12-29,66.970001,96.02121700000001,91.462502,56.798374,179.898743,162.869476,222.190002,119.589996,172.595306,225.00999500000003,64.487434,214.059998,318.570007,60.88052,24.790001,60.807602,104.360001,67.389999,203.08999599999999,100.879997,217.852844,98.04639399999999,92.82,72.25,74.639999,34.560001,112.709999,71.639999,87.537277,42.75,69.879997,248.07000699999998,156.380005,218.49000499999997,94.709999,97.900002,364.940002,138.831009,159.509995,83.836052,155.604965,80.75,56.27,619.52002,42.310001,35.873199,35.887527,73.05574,86.956711,375.959991,84.378151,154.83999599999999,189.880005,113.253616,220.460007,111.150002,149.860001,193.190002,65.83000200000001,120.66999799999999,71.921761
2018-01-02,67.599998,97.709114,93.673859,58.510189000000004,180.197922,169.5802,224.61999500000002,124.050003,175.672043,226.0,67.011459,217.83999599999999,334.170013,60.910328,25.280001000000002,63.23,106.160004,68.57,202.559998,102.589996,220.59249900000003,98.454552,92.440002,72.540001,75.230003,35.18,111.58000200000001,74.099998,89.20153,42.869999,71.470001,251.63999900000002,157.809998,224.02999900000003,100.889999,99.760002,375.25,138.34411599999999,162.300003,84.054428,158.648224,82.209999,56.220001,626.099976,43.110001000000004,37.61076,36.105507,73.845047,89.480804,382.600006,85.215057,157.899994,192.979996,115.501701,221.16000400000001,110.980003,152.91000400000001,195.690002,67.139999,124.059998,71.652199
2018-01-03,69.32,99.23814399999999,94.022499,58.639568000000004,181.304901,169.40097,231.19999700000002,124.949997,178.986984,229.149994,68.088913,219.99000499999997,339.850006,60.959998999999996,25.559998999999998,62.860001000000004,109.139999,69.07,205.96000700000002,104.43,226.711746,98.80297900000001,93.66999799999999,72.910004,75.660004,35.0,114.589996,74.660004,86.740044,43.490002000000004,72.139999,251.27999900000003,162.050003,230.32000699999998,100.980003,99.519997,383.820007,139.665665,163.050003,84.511032,156.413177,83.91999799999999,56.139998999999996,631.539978,43.139998999999996,36.965378,36.373028000000005,76.093071,89.231392,393.77999900000003,86.101776,158.78999299999998,196.520004,113.29357900000001,223.479996,111.309998,152.009995,197.770004,66.910004,124.91999799999999,71.981659
2018-01-04,68.800003,98.672203,93.813316,58.540046999999994,182.870621,170.83471699999998,233.30000299999998,122.690002,178.232697,230.210007,68.24854300000001,220.99000499999997,339.98999,61.75,25.32,63.66,106.68,69.010002,207.03999299999998,102.5,223.522141,98.63374300000001,94.120003,74.849998,76.08000200000001,35.400002,115.410004,73.900002,85.663765,43.77,72.18,258.359985,163.96000700000002,232.99000499999997,98.440002,97.279999,376.920013,139.655731,162.46000700000002,84.888222,154.716949,84.120003,57.049999,627.030029,44.310001,37.203674,36.452293,76.29289200000001,90.867561,382.950012,86.221336,158.740005,198.979996,112.694092,224.44999700000002,109.860001,153.070007,199.66000400000001,66.900002,124.739998,72.410957
2018-01-05,69.900002,100.38988499999999,94.948875,58.70924,185.30397,171.541626,241.07000699999998,122.800003,179.29466200000002,234.33999599999999,69.016724,222.080002,342.48999,61.889998999999996,25.969998999999998,63.220001,104.989998,70.529999,210.55000299999998,105.489998,230.471268,99.46000699999999,94.709999,75.529999,76.010002,35.0,115.860001,74.519997,86.63041700000001,43.98,73.33000200000001,264.329987,166.600006,228.169998,99.849998,98.559998,379.01001,140.80835,166.479996,85.93046600000001,156.812302,85.540001,56.990002000000004,637.349976,44.540001000000004,37.412182,36.521652,76.872383,90.967331,385.100006,87.367104,161.059998,202.389999,111.874794,228.729996,110.870003,155.690002,202.229996,67.839996,125.980003,73.239594
2018-01-08,70.050003,98.781418,96.522728,58.540046999999994,184.147125,169.819153,248.899994,119.699997,179.245041,231.82000699999998,69.116486,221.399994,329.649994,61.91,25.809998999999998,65.220001,104.18,70.589996,208.220001,104.91999799999999,231.621124,99.690002,95.25,75.660004,76.559998,35.060001,118.139999,74.400002,86.451042,44.419998,74.339996,258.549988,165.080002,227.059998,100.809998,98.599998,391.859985,140.987198,165.940002,85.493713,158.79788200000002,85.510002,56.66,633.179993,44.560001,37.511466999999996,36.115414,76.702522,89.919777,372.519989,87.86526500000001,163.259995,202.720001,110.056335,224.75999500000003,111.400002,156.889999,204.759995,68.300003,126.220001,74.118149
2018-01-09,71.769997,99.526077,97.140312,58.639568000000004,183.100006,174.887039,251.440002,121.800003,182.00418100000002,234.66000400000001,69.216248,226.419998,336.359985,61.849998,27.959999,67.099998,105.489998,71.699997,207.869995,105.970001,234.22081,101.139999,98.610001,77.470001,79.910004,34.919998,119.510002,78.099998,85.703629,44.220001,73.449997,263.079987,165.729996,242.80000299999998,96.290001,98.540001,397.600006,143.22288500000002,170.53999299999998,85.42423199999999,160.284592,85.879997,56.799999,649.98999,44.290001000000004,37.084526000000004,36.075783,77.831535,90.62812,368.649994,87.67596400000001,160.779999,206.100006,110.695793,225.88000499999998,112.93,156.009995,208.96000700000002,65.449997,124.190002,74.986725
2018-01-10,70.790001,98.980003,96.83152,58.549999,183.479996,173.234253,248.309998,121.459999,181.48808300000002,233.88999900000002,68.26849399999999,224.559998,336.72000099999997,62.009997999999996,27.52,68.059998,105.459999,72.349998,207.08999599999999,105.800003,230.96121200000002,100.370003,98.239998,78.07,80.349998,35.07,118.5,78.709999,84.66720600000001,43.560001,72.790001,263.100006,166.139999,242.58999599999999,96.620003,98.870003,423.76000999999997,143.05397,170.470001,85.463936,160.314529,85.489998,57.299999,646.1900019999999,44.389998999999996,36.32,36.135231,77.07220500000001,89.869896,366.459991,86.779274,159.53999299999998,206.28999299999998,110.266159,224.19999700000002,111.68,157.380005,207.320007,62.759997999999996,122.529999,73.788696
2018-01-11,70.800003,99.269997,97.757896,58.950001,184.21000700000002,176.350647,252.91000400000001,122.480003,180.594849,235.0,68.298416,225.82000699999998,333.070007,62.470001,27.43,69.110001,104.58000200000001,72.639999,210.88999900000002,106.779999,228.611496,101.019997,98.589996,80.029999,80.089996,35.849998,119.989998,79.059998,86.67028,43.549999,73.300003,265.209991,171.509995,240.039993,93.059998,99.860001,421.369995,143.868744,170.279999,85.751801,161.940933,85.730003,57.599998,639.26001,46.709998999999996,36.669998,36.224407,77.551788,91.775436,368.26001,86.719498,158.600006,208.66000400000001,114.832275,225.38999900000002,111.529999,158.399994,207.729996,64.25,122.290001,74.467575
2018-01-12,71.730003,100.339996,98.614548,58.84,184.199997,175.285309,258.429993,122.709999,183.651718,239.82000699999998,68.178696,227.710007,335.950012,62.810001,27.459999,71.489998,106.0,72.900002,213.38999900000002,109.480003,230.81123399999998,101.629997,99.389999,79.129997,80.870003,35.720001,120.83000200000001,79.019997,88.49398000000001,43.709998999999996,74.839996,268.019989,173.240005,244.72000099999997,94.07,100.040001,419.040009,144.832565,171.639999,86.33744,165.88218700000002,85.449997,58.66,650.599976,46.900002,37.509997999999996,36.20459,78.820663,91.585884,366.959991,87.456772,158.229996,210.169998,116.55081200000001,228.63999900000002,108.489998,157.929993,209.75,65.790001,122.099998,75.266266
2018-01-16,71.230003,102.489998,99.162415,58.439999,184.639999,177.883972,263.880005,124.480003,184.147964,241.75,67.510284,228.539993,338.850006,59.919998,26.98,72.58000200000001,104.82,70.620003,214.75,109.300003,230.931229,101.220001,99.470001,79.150002,80.410004,35.060001,120.07,80.25,88.484009,43.75,76.040001,270.170013,176.100006,241.419998,91.650002,99.93,420.07000700000003,145.92558300000002,171.0,84.659927,170.28243999999998,85.32,62.07,649.419983,46.639998999999996,38.130001,36.264038,78.460983,90.648071,370.209991,87.53647600000001,159.470001,208.009995,116.32100700000001,232.899994,108.08000200000001,155.71000700000002,208.940002,65.650002,121.68,75.416016
2018-01-17,72.059998,104.360001,100.905602,58.990002000000004,185.100006,175.952393,272.25,122.120003,186.59944199999998,249.149994,68.03903199999999,231.36999500000002,344.869995,61.849998,27.25,72.650002,102.019997,70.279999,220.36000099999998,111.349998,235.16069,101.489998,99.589996,79.059998,80.779999,34.810001,120.489998,81.739998,89.091911,44.0,76.349998,275.75,179.360001,242.05000299999998,90.309998,100.220001,431.10000599999995,146.044815,172.649994,85.573128,172.447632,86.110001,62.029999,656.51001,46.779999,36.849998,36.838715,79.58000200000001,91.38634499999999,374.070007,88.403275,160.270004,211.479996,115.951324,238.42999300000002,109.32,156.990005,209.16000400000001,62.650002,122.489998,76.643997
2018-01-18,72.190002,103.809998,100.467308,59.07,185.490005,178.859711,270.700012,120.349998,186.182587,249.649994,69.03666700000001,232.11999500000002,344.440002,61.830002,27.4,71.709999,101.720001,69.489998,219.66000400000001,111.0,235.490646,101.57,99.739998,78.190002,80.0,34.860001000000004,121.720001,81.16999799999999,89.799461,43.849998,74.620003,279.440002,179.0,241.309998,91.91999799999999,99.91999799999999,432.07000700000003,145.985199,173.110001,85.18600500000001,171.399948,87.260002,61.130001,653.75,46.509997999999996,36.34,36.650459000000005,79.540001,91.47614300000001,371.27999900000003,88.46305100000001,160.279999,212.41000400000001,117.220238,243.16000400000001,109.57,157.190002,207.869995,62.310001,122.190002,76.33000200000001
2018-01-19,73.07,104.639999,99.67041800000001,59.310001,187.800003,180.542374,269.459991,121.050003,187.85990900000002,250.059998,69.844765,234.50999500000003,342.410004,62.279999,27.65,71.910004,102.650002,68.910004,220.149994,110.66999799999999,240.61999500000002,103.059998,100.559998,78.610001,80.220001,35.830002,123.910004,80.980003,92.689468,43.459998999999996,75.959999,279.299988,180.630005,243.55000299999998,93.160004,103.0,433.23001100000005,146.422394,174.389999,84.85844399999999,169.983093,86.68,61.279999,666.6900019999999,46.73,36.599998,36.600914,80.860001,91.665695,371.52999900000003,88.35345500000001,161.279999,213.50999500000003,117.98958600000002,243.350006,110.32,157.970001,210.72000099999997,61.950001,123.480003,76.620003
2018-01-22,73.480003,106.489998,102.260307,59.57,189.33999599999999,187.33273300000002,267.100006,123.66999799999999,190.887039,250.5,70.034309,236.710007,347.640015,63.279999,27.709999,73.510002,102.910004,69.129997,220.75,111.589996,241.309998,103.57,99.970001,78.949997,81.120003,36.110001000000004,124.510002,81.410004,92.539986,43.240002000000004,76.410004,281.869995,180.949997,245.190002,94.08000200000001,102.839996,433.94000199999994,147.19743300000002,176.259995,84.808815,172.577347,86.050003,61.25,670.880005,47.639998999999996,37.02,36.591007,81.199997,93.222061,375.859985,87.18776700000001,162.520004,215.32000699999998,117.709824,243.559998,110.019997,161.91000400000001,214.770004,60.799999,126.199997,77.480003
2018-01-23,73.440002,105.379997,102.40971400000001,59.23,189.309998,187.243134,272.160004,125.589996,190.549591,250.5,69.43573,234.710007,346.75,63.43,27.82,73.209999,104.550003,69.190002,219.789993,110.970001,238.69999700000002,103.120003,99.949997,79.040001,81.150002,35.799999,124.400002,80.949997,91.41387900000001,42.950001,76.300003,282.859985,182.229996,242.940002,94.629997,103.209999,439.549988,140.927582,175.779999,83.79634899999999,170.222565,85.230003,61.700001,667.150024,46.849998,36.880001,36.482018,81.43,93.770767,381.709991,99.98048399999999,161.940002,214.55000299999998,117.150299,245.210007,110.809998,166.580002,210.99000499999997,61.169998,124.510002,77.589996
2018-01-24,73.58000200000001,105.510002,104.21266899999999,61.720001,190.139999,185.908966,272.27999900000003,125.010002,189.199799,252.99000499999997,69.974457,238.63999900000002,346.5,63.759997999999996,27.91,74.690002,103.110001,67.699997,221.0,111.019997,239.330002,104.620003,101.379997,78.639999,80.959999,35.990002000000004,124.790001,81.300003,91.174706,42.900002,77.410004,286.320007,184.080002,242.49000499999997,95.339996,103.5,437.48001100000005,141.166061,174.83999599999999,83.677238,174.193756,85.760002,61.18,672.6900019999999,46.119999,37.209998999999996,36.591007,81.41999799999999,93.391663,383.320007,99.850967,164.490005,215.32000699999998,117.88967099999999,244.850006,113.050003,167.449997,214.30000299999998,61.830002,125.019997,78.33000200000001
2018-01-25,73.860001,108.300003,103.963646,63.220001,191.869995,186.30722,273.559998,124.949997,188.65391499999998,251.350006,70.88230899999999,242.350006,353.73999,63.52,28.26,73.989998,104.389999,68.050003,221.88000499999998,110.660004,243.789993,105.150002,102.699997,78.959999,80.800003,36.130001,126.239998,81.190002,92.510086,42.900002,78.139999,285.910004,185.729996,243.38999900000002,94.260002,104.58000200000001,449.80999800000006,143.481216,174.71000700000002,84.381996,174.812378,86.82,61.299999,678.049988,45.990002000000004,37.369999,36.888256,82.75,94.36936999999999,391.839996,101.245811,165.550003,217.88000499999998,119.028702,245.17999300000002,127.010002,166.240005,217.210007,62.810001,124.739998,79.25
2018-01-26,74.82,123.209999,105.069321,63.419998,193.100006,186.118042,283.97000099999997,128.08999599999999,194.539413,258.190002,72.089455,246.27999900000003,367.910004,64.25,28.42,74.970001,105.16999799999999,68.599998,226.22000099999997,110.800003,245.580002,106.620003,103.800003,79.099998,81.32,36.509997999999996,128.16000400000001,85.459999,96.735474,43.380001,78.93,288.290009,187.029999,244.830002,95.510002,106.010002,440.23999000000003,144.405319,176.41000400000001,86.436699,176.329025,87.120003,62.040001000000004,692.299988,46.200001,37.57,38.651913,82.75,94.92806999999999,374.359985,102.421471,168.91000400000001,219.77999900000003,121.126923,248.47000099999997,129.46000700000002,169.21000700000002,218.13999900000002,62.84,126.230003,80.089996
2018-01-29,74.529999,122.309998,104.680832,63.310001,193.740005,186.486435,276.769989,126.790001,196.514496,257.019989,71.879951,244.92999300000002,358.480011,64.43,28.33,75.230003,103.260002,68.730003,223.899994,111.269997,243.600006,107.879997,103.690002,79.089996,81.91999799999999,36.93,126.900002,88.800003,97.283585,43.75,79.410004,291.230011,186.779999,241.77999900000003,93.540001,105.58000200000001,436.339996,142.76580800000002,178.110001,86.95285799999999,175.939896,86.720001,61.630001,685.789978,45.98,37.759997999999996,38.661823,82.18,92.144577,382.880005,102.44139100000001,168.75,218.809998,120.167732,247.41000400000001,128.570007,167.139999,218.69999700000002,61.98,127.389999,79.18
2018-01-30,72.989998,115.879997,102.061081,62.439999,187.889999,183.57913200000002,270.079987,122.360001,189.834991,243.440002,71.58065,243.5,352.589996,63.959998999999996,28.030001000000002,73.870003,101.58000200000001,69.360001,207.889999,108.690002,242.86000099999998,107.160004,101.599998,78.93,79.309998,36.240002000000004,126.739998,87.290001,101.10038,43.130001,78.07,282.290009,186.58999599999999,241.17999300000002,92.5,104.370003,427.839996,141.52375800000002,177.470001,85.45401,171.370026,85.959999,60.650002,677.1400150000001,44.02,36.740002000000004,37.453022,81.050003,89.94970699999999,379.769989,100.299309,168.449997,214.61999500000002,122.42581200000001,236.649994,127.739998,166.53999299999998,214.86999500000002,61.400002,125.940002,78.349998
2018-01-31,73.43,112.220001,99.281937,62.16,186.820007,179.477005,262.0,119.32,184.65416000000002,247.850006,71.859993,242.940002,347.809998,62.599998,27.959999,71.790001,101.160004,69.129997,208.350006,107.239998,244.669998,105.82,101.279999,78.040001,79.18,35.990002000000004,126.58000200000001,83.800003,100.811386,42.700001,75.68,281.829987,187.03999299999998,232.63999900000002,90.290001,102.190002,431.670013,137.310745,174.5,80.84828900000001,168.506378,85.889999,59.25,675.26001,42.849998,35.889998999999996,36.700001,80.160004,90.408638,366.649994,100.418869,164.380005,224.11000099999998,121.39668300000001,236.77999900000003,127.5,166.869995,215.61000099999998,60.810001,127.120003,76.730003
2018-02-01,72.83000200000001,116.339996,98.903419,62.18,187.389999,177.76448100000002,255.57000699999998,118.089996,184.167816,243.92999300000002,69.784897,241.520004,346.0,62.799999,27.629998999999998,69.059998,100.339996,68.290001,205.009995,106.730003,243.61000099999998,103.58000200000001,101.860001,77.550003,78.099998,35.700001,126.980003,83.489998,101.88765699999999,42.580002,75.279999,279.769989,193.949997,230.289993,89.66999799999999,104.120003,425.920013,139.129105,173.03999299999998,81.801201,165.902145,84.980003,59.860001000000004,684.1099849999999,43.049999,35.66,36.830002,80.019997,90.74784100000001,345.790009,99.283066,164.779999,222.36000099999998,121.18686699999999,235.22000099999997,127.32,172.990005,217.36999500000002,60.73,128.190002,77.82
2018-02-02,71.25,115.16999799999999,95.646149,61.689999,185.0,171.760681,257.380005,116.150002,185.606949,239.17999300000002,68.38820600000001,237.11000099999998,343.829987,63.48,27.389999,67.459999,99.800003,66.389999,204.46000700000002,103.75,241.32000699999998,103.110001,102.18,75.650002,76.5,35.0,131.830002,81.730003,99.346451,42.040001000000004,74.349998,276.5,186.360001,220.17999300000002,85.91999799999999,100.540001,416.959991,136.803986,169.66000400000001,80.58028399999999,158.857773,84.449997,58.560001,667.159973,42.099998,35.220001,36.610001000000004,78.08000200000001,90.189148,347.859985,96.61293,162.25,217.690002,119.198563,231.88000499999998,124.860001,166.240005,212.49000499999997,60.060001,125.790001,76.779999
2018-02-05,68.220001,109.510002,91.542198,58.73,180.949997,164.28329499999998,242.399994,112.720001,173.43893400000002,230.44999700000002,65.365356,224.82000699999998,328.309998,60.959998999999996,26.4,64.339996,93.739998,63.41,196.41000400000001,99.379997,230.99000499999997,100.099998,96.699997,72.839996,74.5,33.779999,126.699997,78.370003,95.55954,40.299999,71.800003,267.100006,180.360001,213.0,85.339996,96.75,399.01001,129.560364,163.220001,76.917542,152.05285600000002,81.41999799999999,56.400002,635.5,40.330002,33.689999,34.669998,74.779999,86.687332,331.980011,92.986336,154.399994,208.309998,113.443459,220.020004,119.620003,155.139999,203.259995,58.540001000000004,123.18,73.83000200000001
2018-02-06,68.449997,111.199997,91.183594,58.860001000000004,182.009995,167.59883100000002,241.44999700000002,114.910004,175.32466100000002,234.830002,66.512642,227.520004,332.859985,60.900002,26.719998999999998,65.440002,96.25,63.990002000000004,197.58999599999999,103.66999799999999,229.27999900000003,101.129997,97.050003,74.029999,75.940002,34.700001,127.08000200000001,80.379997,98.36981999999999,40.389998999999996,73.529999,269.119995,180.050003,220.80000299999998,88.110001,98.059998,408.329987,130.99121100000002,168.669998,77.413849,152.182571,81.66999799999999,55.459998999999996,637.280029,40.98,34.330002,35.279999,76.0,87.83465600000001,338.799988,94.700005,154.139999,209.479996,116.76063500000001,225.17999300000002,118.58000200000001,159.270004,202.720001,58.459998999999996,122.300003,73.269997
2018-02-07,68.059998,113.620003,93.853165,58.669998,181.490005,169.649887,234.330002,117.150002,176.138519,238.440002,65.395287,221.919998,326.890015,62.630001,26.32,65.139999,95.160004,63.48,195.440002,104.379997,230.47000099999997,100.58000200000001,95.25,74.660004,74.949997,34.82,129.699997,82.760002,98.06089,40.450001,72.970001,264.899994,176.830002,221.19999700000002,86.339996,98.209999,399.52999900000003,130.58381699999998,169.66000400000001,76.15323599999999,152.491882,81.349998,55.880001,641.960022,40.450001,33.849998,34.98,75.769997,87.315857,334.609985,92.589996,153.669998,207.550003,117.020416,225.82000699999998,116.91999799999999,155.669998,201.979996,58.299999,120.779999,73.860001
2018-02-08,65.050003,108.480003,91.193558,56.27,178.0,163.486771,220.710007,108.470001,171.821152,230.57000699999998,62.412346,211.440002,311.790009,62.689999,25.200001,66.629997,91.019997,61.220001,189.270004,100.360001,223.169998,96.41999799999999,92.160004,71.910004,73.349998,35.34,123.779999,78.220001,95.639267,38.799999,70.849998,262.369995,169.279999,209.53999299999998,83.91999799999999,95.230003,381.869995,125.55601499999999,165.46000700000002,73.661774,149.897629,78.379997,54.73,601.0,39.25,32.880001,33.630001,72.059998,84.24305,322.619995,89.260002,148.009995,198.729996,114.772324,216.460007,112.82,151.600006,191.78999299999998,56.849998,115.529999,71.510002
2018-02-09,66.980003,111.300003,88.842751,57.169998,176.389999,162.062988,229.36999500000002,108.599998,172.158615,231.710007,64.158211,217.13999900000002,316.77999900000003,62.700001,25.92,66.720001,92.510002,61.310001,193.770004,101.660004,226.75999500000003,98.339996,94.459999,72.970001,71.709999,36.849998,126.269997,79.32,97.502815,37.75,71.75,265.320007,172.949997,217.190002,84.5,96.050003,392.910004,128.705841,168.080002,75.666855,148.600494,79.480003,54.869999,600.369995,39.279999,33.150002,34.16,72.83000200000001,85.11101500000001,336.380005,91.050003,151.220001,200.179993,115.181976,220.960007,114.5,152.96000700000002,193.58999599999999,57.18,116.389999,72.349998
2018-02-12,68.43,111.93,89.10173,57.41,177.380005,161.754333,233.13000499999998,115.43,173.558029,232.770004,64.846588,218.88999900000002,316.630005,63.16,26.18,68.029999,91.510002,62.490002000000004,193.559998,103.089996,226.75999500000003,99.07,95.410004,73.410004,72.889999,36.689999,126.889999,80.139999,97.941307,38.040001000000004,72.18,267.049988,175.059998,221.02999900000003,87.519997,98.629997,398.51001,129.441132,168.490005,75.686707,148.69030800000002,80.239998,55.43,613.869995,40.599998,32.919998,34.66,74.5,85.10104399999999,342.670013,91.730003,153.66000400000001,204.509995,115.511696,225.690002,116.699997,152.009995,198.449997,57.380001,116.519997,73.190002
2018-02-13,68.339996,111.860001,97.389336,57.639998999999996,178.520004,158.03057900000002,233.729996,113.970001,174.62001,233.44999700000002,64.477455,215.399994,316.98999,63.869999,26.110001,65.690002,91.980003,62.490002000000004,195.440002,103.0,225.82000699999998,101.389999,94.980003,73.540001,73.589996,36.41,127.349998,80.790001,98.579102,37.799999,67.389999,268.070007,175.389999,220.440002,88.029999,100.059998,402.0,129.133118,171.009995,75.647003,145.856583,80.220001,54.900002,613.6900019999999,40.41,31.209999,34.939999,74.220001,85.609848,324.570007,91.519997,154.559998,203.5,116.10118899999999,226.63999900000002,116.239998,154.139999,200.199997,56.990002000000004,115.93,73.239998
2018-02-14,69.699997,113.08000200000001,96.02467299999999,58.279999,176.770004,165.906219,246.33999599999999,123.199997,179.520004,235.020004,65.874153,219.94999700000002,296.079987,65.349998,26.809998999999998,67.339996,94.389999,62.220001,195.550003,102.129997,229.789993,101.510002,96.099998,74.75,74.93,37.32,130.21000700000002,81.82,99.565689,38.029999,68.43,267.47000099999997,178.259995,223.11000099999998,88.16999799999999,104.68,409.890015,128.844955,172.690002,77.029999,148.44087199999998,81.860001,54.900002,624.669983,41.34,31.66,35.189999,75.459999,86.45787,330.690002,93.470001,156.240005,208.309998,116.75064099999999,228.77999900000003,119.529999,157.259995,204.619995,57.18,117.699997,74.459999
2018-02-15,72.019997,114.900002,97.220001,59.5,177.169998,163.7556,252.770004,122.709999,183.600006,232.059998,66.283188,222.50999500000003,299.380005,68.980003,27.09,68.099998,96.139999,64.400002,191.940002,99.760002,232.52999900000003,103.089996,97.470001,73.839996,74.07,38.07,134.679993,81.550003,100.602104,39.18,68.379997,267.450012,181.449997,229.13000499999998,85.589996,101.57,418.559998,130.39502,173.96000700000002,78.019997,148.371017,82.940002,55.990002000000004,631.969971,41.650002,31.0,35.709998999999996,76.43,89.440895,333.179993,94.190002,158.53999299999998,210.72000099999997,118.399239,226.020004,121.870003,160.940002,206.899994,57.700001,119.790001,78.5
2018-02-16,71.970001,118.599998,99.400002,60.169998,178.509995,163.327469,251.5,120.470001,183.550003,235.020004,66.173447,222.86999500000002,291.869995,68.959999,27.200001,69.339996,95.260002,64.220001,193.809998,100.220001,232.47000099999997,104.529999,97.540001,73.650002,75.230003,37.700001,133.820007,80.699997,100.65193199999999,39.290001000000004,69.519997,269.0,182.479996,229.19999700000002,86.029999,101.720001,415.980011,132.30281100000002,177.78999299999998,78.970001,150.167038,83.309998,56.290001000000004,634.369995,42.139998999999996,31.75,36.259997999999996,76.389999,89.341133,332.149994,93.809998,159.869995,210.61000099999998,117.799751,229.36999500000002,121.260002,160.720001,206.179993,58.43,120.480003,79.730003
2018-02-20,71.08000200000001,117.980003,99.940002,59.119999,178.029999,159.892456,255.44999700000002,118.849998,182.979996,232.22000099999997,66.881775,219.82000699999998,287.450012,67.349998,26.83,68.839996,93.849998,63.0,192.600006,100.260002,230.36999500000002,102.260002,96.849998,72.769997,76.050003,37.389998999999996,134.320007,80.940002,100.65193199999999,38.869999,67.970001,267.329987,183.16000400000001,226.57000699999998,85.510002,100.260002,421.76000999999997,130.037308,174.41000400000001,77.550003,148.520691,81.610001,54.98,624.219971,41.34,31.6,36.009997999999996,75.870003,86.83698299999999,323.040009,92.83000200000001,158.740005,207.83999599999999,117.08036000000001,226.66000400000001,120.16999799999999,160.979996,203.869995,58.150002,118.720001,80.349998
2018-02-21,71.25,117.910004,98.57,58.990002000000004,175.770004,158.61801100000002,252.13999900000002,117.099998,182.429993,232.02999900000003,66.891747,218.69999700000002,286.100006,66.529999,26.77,68.809998,93.889999,63.369999,191.649994,100.199997,229.13999900000002,101.910004,97.349998,72.550003,75.83000200000001,37.529999,134.25,80.690002,100.004173,38.849998,68.68,266.380005,183.940002,227.91000400000001,84.709999,99.760002,416.559998,129.083435,173.759995,77.550003,149.259048,80.720001,54.549999,628.6099849999999,41.209998999999996,32.040001000000004,35.759997999999996,76.18,86.896843,317.51001,93.199997,157.880005,209.789993,115.37181899999999,225.13000499999998,120.129997,157.889999,204.229996,58.060001,118.68,80.5
2018-02-22,70.68,117.559998,97.120003,58.990002000000004,175.059998,158.707626,259.679993,114.589996,182.449997,233.67999300000002,67.27085100000001,218.32000699999998,284.809998,65.940002,26.48,67.83000200000001,93.779999,62.91,191.899994,99.489998,227.97000099999997,100.849998,97.360001,72.07,74.720001,37.66,133.669998,79.400002,100.19351999999999,38.939999,67.970001,267.809998,183.860001,226.74000499999997,85.190002,98.379997,419.790009,129.083435,171.21000700000002,77.190002,149.757935,80.410004,54.57,624.969971,41.279999,31.860001,35.740002000000004,75.959999,86.866913,315.820007,93.779999,158.96000700000002,209.130005,116.61075600000001,227.08999599999999,119.839996,157.58999599999999,204.470001,57.110001000000004,117.58000200000001,80.760002
2018-02-23,70.699997,118.75,98.41999799999999,59.709998999999996,175.550003,161.385941,265.070007,118.93,186.669998,235.24000499999997,68.198654,220.33999599999999,292.77999900000003,67.949997,27.200001,69.309998,95.610001,64.529999,194.78999299999998,100.449997,230.539993,102.599998,99.33000200000001,73.18,77.0,37.189999,135.639999,80.910004,100.49247700000001,39.209998999999996,68.050003,271.190002,187.610001,233.83999599999999,87.800003,99.779999,427.51000999999997,131.18000800000002,172.369995,78.75,152.312271,80.389999,54.869999,636.099976,41.450001,32.259997999999996,36.259997999999996,77.019997,88.044159,323.859985,95.41999799999999,161.699997,211.710007,116.31102,230.16000400000001,121.16999799999999,165.899994,208.470001,57.669998,118.849998,82.790001
2018-02-26,70.58000200000001,121.540001,100.58000200000001,60.529999,175.75,165.03999299999998,266.579987,121.33000200000001,188.5,238.22000099999997,68.976814,225.02999900000003,290.01001,68.629997,27.620001000000002,70.57,96.489998,64.25,195.880005,102.68,232.83999599999999,104.089996,100.83000200000001,73.5,77.639999,36.669998,136.720001,81.790001,99.675308,39.830002,67.690002,274.579987,186.08999599999999,233.42999300000002,87.529999,99.970001,432.0,132.070007,174.83999599999999,80.18,154.178146,82.41999799999999,56.060001,636.630005,41.779999,32.349998,37.09,77.870003,88.094048,324.890015,96.400002,165.770004,214.07000699999998,116.62075,234.059998,122.389999,169.53999299999998,208.449997,57.049999,119.879997,83.300003
2018-02-27,69.0,118.260002,97.639999,60.549999,176.270004,159.91000400000001,263.869995,118.339996,185.78999299999998,237.210007,68.527878,225.05000299999998,290.100006,67.839996,27.450001,70.040001,95.779999,63.950001,196.850006,102.370003,232.17999300000002,104.790001,99.57,73.66999799999999,78.639999,36.740002000000004,135.229996,80.360001,101.209999,39.560001,67.209999,276.920013,187.979996,229.729996,86.57,99.57,430.98001100000005,131.669998,175.33999599999999,78.699997,153.33999599999999,81.239998,54.720001,625.570007,41.110001000000004,31.84,36.799999,76.949997,81.808739,320.97000099999997,95.5,164.119995,210.67999300000002,117.5,232.520004,121.610001,165.880005,206.110001,57.330002,118.139999,81.66999799999999
2018-02-28,68.589996,115.83000200000001,95.160004,60.330002,177.059998,154.220001,262.519989,117.449997,183.770004,235.38000499999998,67.63000500000001,222.020004,288.98999,66.199997,27.26,69.209999,87.120003,64.160004,195.889999,101.41999799999999,230.520004,103.050003,97.779999,72.019997,75.449997,38.5,133.669998,78.730003,99.25,38.830002,66.190002,271.820007,187.229996,228.020004,85.160004,98.33000200000001,426.450012,129.880005,172.699997,77.019997,149.229996,79.889999,54.220001,616.219971,40.32,31.58,36.310001,76.339996,81.269997,320.440002,95.269997,162.16000400000001,208.580002,114.199997,226.16000400000001,119.339996,166.029999,204.639999,56.060001,116.25,80.860001
