Date,AAP,AMZN,APTV,AZO,BBY,BKNG,BWA,CBS,CCL,CHTR,CMCSA,CMG,DG,DHI,DIS,DISCA,DISCK,DISH,DLTR,DRI,EXPE,F,FL,FOX,FOXA,GM,GPC,GPS,GRMN,GT,HAS,HBI,HD,HLT,HOG,HRB,IPG,JWN,KMX,KORS,KSS,LB,LEG,LEN,LKQ,LOW,M,MAR,MAT,MCD,MGM,MHK,NCLH,NFLX,NKE,NWL,NWS,NWSA,OMC,ORLY,PHM,PVH,RCL,RL,ROST,SBUX,SIG,SNI,TGT,TIF,TJX,TPR,TRIP,TSCO,TWX,UA,UAA,ULTA,VFC,VIAB,WHR,WYN,WYNN,YUM
2017-11-28,92.783501,1193.599976,85.199097,664.219971,57.731556000000005,,53.938087,54.399119999999996,66.07985699999999,325.890015,36.106991,285.859985,87.49170699999999,49.847286,102.58476999999999,17.969998999999998,16.870001000000002,50.41,100.940002,82.53025799999999,125.332848,11.916541,40.18914,30.17,30.860001,44.066811,87.99981700000001,30.770798,61.87194100000001,31.684340000000002,93.212959,19.607021,174.683807,75.988647,48.523403,25.315775,19.046229999999998,42.357243,67.459999,57.869999,45.505402000000004,51.664909,46.981674,61.50526,38.919998,81.36734,21.845991,126.605011,18.24,169.25384499999998,33.026218,280.089996,55.310001,199.179993,59.203701,30.29743,16.35,16.15,69.512947,228.47000099999997,33.152271,137.52504,124.584557,94.062538,72.656609,56.354335999999996,52.778889,79.928169,56.156268999999995,93.57265500000001,72.349014,40.052132,34.709998999999996,67.471954,89.231903,11.51,12.88,217.07000699999998,73.08470200000001,26.846870000000003,166.34579499999998,110.349998,157.02174399999998,80.656349
2017-11-29,99.88916800000001,1161.27002,85.475403,688.919983,58.507282,,54.504391000000005,56.167393000000004,65.275085,331.670013,37.043282,301.98999,88.439125,50.394405,104.400162,18.870001000000002,17.780001000000002,51.279999,104.139999,84.26909599999999,121.682953,12.258128999999998,42.315342,31.299999,32.099998,42.977894,90.12741899999999,32.280533,61.360606999999995,32.013034999999995,92.27864100000001,20.162968,176.24488799999997,76.417847,48.257385,25.632842999999998,19.694529,45.424595000000004,68.5,58.650002,47.176871999999996,51.872279999999996,47.725842,62.144897,39.5,82.98114,23.629538,126.19596100000001,18.24,168.354935,33.423527,279.100006,55.290001000000004,188.149994,59.978779,30.257759000000004,16.450001,16.35,71.756248,236.32000699999998,33.720768,137.10514799999999,123.495186,94.191917,75.78999300000001,57.199749,52.073048,81.094208,61.174828000000005,92.090065,74.470192,40.899479,34.57,69.07534799999999,90.526268,12.18,13.57,223.100006,73.193306,28.227451000000002,167.845581,112.269997,155.59608500000002,81.432755
2017-11-30,100.938538,1176.75,87.669899,686.76001,59.283001,,55.491028,55.69055600000001,65.215477,326.209991,37.391903000000006,304.390015,87.840752,50.858112,103.983513,19.02,18.08,50.650002,102.760002,83.782219,122.161629,12.21909,42.563728000000005,31.15,31.940001000000002,42.271568,91.57537099999999,32.09182,61.045937,32.242126,92.45755,20.738768,178.800323,77.415993,49.459389,25.940001000000002,19.605324,45.116867,68.910004,58.439999,47.443909000000005,55.367954000000005,47.864754,62.74456,39.419998,83.050873,23.452168,126.70478100000001,18.25,170.888901,33.890358,282.609985,54.16,187.580002,60.038391000000004,30.713957,16.4,16.16,70.29023000000001,236.210007,34.039921,134.51580800000002,122.683098,94.689499,76.029999,57.50808000000001,51.983578,81.562607,59.409409,94.030365,75.23700699999999,41.076832,34.619999,67.959946,91.113716,11.93,13.29,221.710007,72.038094,28.12813,167.428421,112.389999,157.599976,83.085098
2017-12-01,99.21958199999999,1162.349976,86.69830300000001,678.400024,60.01894,,54.823299,56.733639000000004,65.573151,336.269989,38.278393,307.589996,87.741028,50.2897,104.41008000000001,19.459999,18.4,50.32,103.010002,84.497635,122.361076,12.277648,43.030696999999996,31.469998999999998,32.189999,41.977268,91.46701800000001,31.764046,60.21009399999999,31.993113,91.28469100000001,20.689131,179.39691200000001,77.106567,49.291893,25.860001,19.912585999999997,45.1665,68.379997,57.98,47.523033,55.150707,47.507553,62.524685,39.32,83.907585,23.836470000000002,126.565102,17.26,171.78323400000002,33.791035,284.820007,54.810001,186.820007,59.699420999999994,31.249493,16.450001,16.200001,72.19899699999999,234.399994,33.850421999999995,137.275101,124.02006499999999,95.137314,75.730003,57.010777000000004,51.685337,82.021057,59.022597999999995,96.766701,75.03782700000001,40.929043,34.290001000000004,67.88028,90.904625,11.73,13.15,212.580002,70.882889,28.207588,166.325943,111.66999799999999,158.527145,83.015427
2017-12-04,103.956696,1133.949951,87.360001,709.77002,62.206871,,54.055916,59.70393000000001,66.815063,334.0,40.160934000000005,315.600006,90.523445,50.439281,109.340424,20.85,19.52,51.599998,106.370003,85.511124,121.902344,12.326447,45.464897,32.310001,33.09,42.232327000000005,92.550522,33.859798,59.836422,31.943312,91.58287800000001,20.996887,183.851517,77.515816,51.045639,26.25,20.497375,46.913601,70.709999,58.790001000000004,49.600002,56.385059,47.924285999999995,62.944447,39.279999,87.702995,25.422939000000003,127.43308300000001,16.85,169.577194,33.989689,284.649994,55.41,184.03999299999998,59.918755000000004,31.547012,16.75,16.540001,73.497757,250.38999900000002,34.349102,134.24588,123.871513,99.227425,78.010002,58.44300500000001,49.836234999999995,83.087425,62.047623,95.065201,76.680992,41.037426,34.759997999999996,67.989822,92.30851700000001,11.98,13.35,221.63999900000002,70.320084,28.982304,168.481247,112.209999,157.590012,82.92583499999999
2017-12-05,101.088448,1141.569946,88.769997,712.76001,61.639998999999996,,54.19544200000001,57.71711,65.513542,330.950012,39.364094,315.559998,90.124535,50.100227000000004,106.36436499999999,19.860001,18.57,52.029999,105.889999,85.590614,120.43640900000001,12.131253,43.120117,32.48,32.990002000000004,41.987076,92.74752,33.094997,60.495266,32.09272,90.559105,20.530289,181.813141,77.485863,49.892895,26.290001,20.388348,45.811737,67.720001,59.810001,48.259997999999996,54.607597,47.14043,61.994983999999995,39.240002000000004,85.979614,24.851416,127.233543,15.95,171.90249599999999,33.711571,281.26001,54.330002,184.21000700000002,60.237789,31.517262,16.549999,16.4,74.097946,250.210007,33.401610999999995,133.566055,121.633347,95.326401,77.019997,59.019878000000006,50.134476,81.702141,61.690571,94.547783,75.286789,41.037426,34.389998999999996,68.46785,90.685577,11.72,13.01,223.97000099999997,69.50057199999999,28.743928999999998,167.97468600000002,112.900002,158.96582,82.71680500000001
2017-12-06,97.44066600000001,1152.349976,85.360001,698.650024,60.970001,,52.869953,57.051529,65.632759,322.640015,38.477604,310.670013,90.603226,49.571701000000004,104.618401,19.440001000000002,18.26,49.310001,105.519997,84.984505,118.840828,12.082456,42.543858,32.700001,33.209998999999996,41.349422,92.31411700000001,33.174458,60.43626,31.236117999999998,90.260918,20.391304,179.774765,76.60749799999999,50.129356,28.99,20.150467000000003,44.98782,66.550003,59.849998,48.139998999999996,54.518723,45.681866,60.875614,39.32,82.084587,24.723316,127.00408200000001,15.16,172.389404,32.877224,277.670013,54.310001,185.300003,59.53990600000001,31.527178000000003,16.549999,16.389999,73.271461,245.830002,33.012638,133.24614,121.83141299999998,96.829094,76.790001,58.960201,50.621601,81.233734,60.222691000000005,94.716942,74.739075,41.096542,34.419998,66.734993,89.988602,11.55,12.89,223.13999900000002,70.77426899999999,28.743928999999998,167.964767,112.769997,157.37068200000002,82.856155
2017-12-07,97.550598,1159.790039,84.379997,702.340027,61.490002000000004,,53.497818,56.82304,65.751991,325.22000099999997,37.740520000000004,313.649994,93.116386,50.020451,104.420006,19.530001000000002,18.34,48.950001,107.309998,84.736099,118.88071399999998,12.228849,42.94128,33.77,34.18,41.596905,93.063194,33.452568,60.24943199999999,31.196274,90.797653,20.431013,180.967957,77.136513,50.424927000000004,27.389999,20.011703,44.650311,66.970001,59.950001,48.880001,54.410099,45.810852000000004,61.675163,39.75,83.309875,24.91054,127.552803,15.39,171.82299799999998,33.115612,280.320007,54.34,185.199997,60.417248,30.555279,16.549999,16.360001,71.913666,244.86000099999998,33.501346999999996,133.696014,122.85147099999999,99.486168,76.699997,58.82095699999999,51.009319,81.39318100000001,60.589661,95.045296,73.534081,41.700493,34.450001,66.207169,89.97865300000001,11.93,13.28,221.58999599999999,71.459953,29.439186,169.335419,112.769997,158.437424,82.667038
2017-12-08,100.24895500000001,1162.0,85.220001,721.8900150000001,63.790001000000004,,53.577541000000004,57.271488,66.477272,324.5,37.800284999999995,315.899994,93.126358,50.638725,104.230003,19.66,18.4,48.59,108.66999799999999,85.85889399999999,117.215332,12.306927,44.679992999999996,32.970001,33.299999,41.596905,94.10494200000001,33.263851,61.232773,31.624577000000002,90.807594,20.599783,182.36996499999998,78.23446700000001,50.434779999999996,27.219998999999998,20.041437,45.444447,67.480003,61.810001,49.779999,56.562805000000004,45.939842,62.144897,40.220001,85.27233100000001,25.422939000000003,129.019394,15.04,172.061478,33.065784,280.570007,55.029999,188.53999299999998,61.115134999999995,30.704039,16.799999,16.549999,72.29740100000001,251.07000699999998,34.009997999999996,135.365585,124.02006499999999,101.844696,76.889999,58.29381600000001,52.908127,81.572571,60.867367,95.27415500000001,73.573914,41.978626,34.5,67.38233199999999,90.317177,12.19,13.63,224.539993,72.890938,29.091558000000003,168.55076599999998,113.050003,159.055542,82.93579100000001
2017-12-11,100.788628,1168.920044,85.889999,708.6099849999999,63.619999,,53.378223,57.480762,66.596489,331.48999,38.288349,313.390015,93.096436,50.32959,106.83000200000001,19.77,18.440001000000002,49.43,107.07,85.998001,117.50453200000001,12.277648,44.123604,33.27,33.66,41.250427,92.755623,33.373104,60.927937,31.285919,91.11571500000001,20.500505,181.21653700000002,77.326164,50.040684000000006,27.5,20.021616,45.504009,67.970001,61.040001000000004,50.459998999999996,57.263916,45.761241999999996,61.64518,40.34,85.212563,25.511623,128.27113300000002,15.37,172.16085800000002,33.225231,277.369995,54.720001,186.220001,61.723296999999995,30.66437,16.9,16.59,73.241943,247.24000499999997,33.810001,134.525803,124.23793799999999,100.700264,76.760002,58.751335,52.450821,81.53270699999999,61.254169,95.861221,72.996323,41.114418,35.32,66.87442,90.426704,12.18,13.5,216.13999900000002,72.14563000000001,29.260405,166.733154,112.739998,163.761215,82.069801
2017-12-12,102.9673,1165.079956,85.66999799999999,711.049988,63.52,,53.19883299999999,57.76976,66.119598,329.98999,39.35413,318.380005,90.982201,49.860893,107.43,19.65,18.32,49.630001,106.220001,86.584236,118.36216,12.297168,44.28257,33.599998,34.099998,41.111839,92.001595,33.730675,60.111763,31.445288,91.4636,20.798336,180.769104,76.857033,50.267288,27.540001,20.28923,45.404742999999996,66.860001,61.119999,50.290001000000004,57.589783,45.969612,61.395320999999996,40.59,84.664665,25.314547,128.460678,14.62,171.14726299999998,32.597401,275.339996,53.650002,185.729996,61.982513,30.902386,16.549999,16.219998999999998,73.310822,246.86000099999998,33.689999,132.906219,122.633591,99.655342,76.410004,58.950256,52.709297,81.383224,60.520233,95.025398,73.315002,41.23362,35.099998,67.561584,90.257439,12.38,13.59,214.86999500000002,72.076073,29.389526,165.38235500000002,111.980003,161.817139,81.611923
2017-12-13,102.43762199999999,1164.130005,83.559998,708.210022,64.389999,,52.142433000000004,56.972522999999995,64.98696899999999,329.0,38.427803000000004,319.700012,91.391083,49.671425,107.610001,19.790001,18.5,48.990002000000004,105.589996,87.041306,118.22254199999999,12.326447,45.057541,32.34,32.75,40.98315,92.527435,34.028648,60.32,31.644496999999998,94.872864,21.086235000000002,181.99211100000002,76.60749799999999,50.257435,27.309998999999998,19.972054999999997,45.930859000000005,67.470001,61.099998,50.720001,58.083523,45.919998,61.075504,40.07,85.27233100000001,25.452501,128.171356,15.59,172.458969,33.045853,275.51001,53.16,187.860001,64.106094,31.140402,16.5,16.280001000000002,72.523697,245.919998,33.32,132.576309,120.51426699999999,95.75431800000001,76.970001,59.169070999999995,53.5742,81.28355400000001,62.156718999999995,95.622414,73.59384200000001,41.98856,34.709998999999996,67.641258,89.66999100000001,12.36,13.62,215.02999900000003,72.602753,29.32,165.90876799999998,111.800003,164.349426,81.81100500000001
2017-12-14,100.139015,1174.26001,83.050003,701.22998,63.75,,51.365082,57.929207,64.758453,328.679993,38.965668,314.019989,90.543396,50.199946999999995,110.57,20.040001,18.65,48.52,104.650002,86.405388,119.568817,12.160532,44.044121000000004,34.220001,34.880001,40.39909,90.761414,32.955944,59.459998999999996,31.176353000000002,95.290329,21.106091,181.097229,75.878853,49.637221999999994,26.889999,20.001791,44.630459,67.089996,61.41,49.779999,57.83665500000001,45.990002000000004,61.105484,39.310001,85.252411,24.799999,127.423103,16.24,172.051544,32.716991,273.559998,52.810001,189.559998,64.335396,30.228006,16.450001,16.219998999999998,71.923508,241.44999700000002,33.049999,131.65653999999998,120.484558,96.381264,75.510002,59.377937,52.947891000000006,81.16397099999999,61.432697,98.846313,73.115822,42.534896999999994,34.490002000000004,66.505936,89.261772,12.45,13.82,217.169998,72.890938,29.709999,162.809906,110.769997,164.498962,81.661697
2017-12-15,100.63871800000001,1179.140015,84.400002,697.0599980000001,65.32,,51.355109999999996,58.696548,65.52346800000001,322.309998,39.553340999999996,312.119995,90.683014,50.439281,111.269997,21.040001,19.75,48.57,106.290001,87.846138,120.546104,12.277648,45.35561,34.220001,34.990002000000004,40.537678,91.257492,33.333378,58.360001000000004,31.335720000000002,93.501205,21.304642,181.544678,76.946861,50.073853,27.200001,20.279318,45.156578,67.730003,61.650002,51.349998,57.382416000000006,46.779999,61.365341,39.509997999999996,86.358162,24.59,129.518234,15.48,172.96575900000002,32.766815,274.709991,54.0,190.119995,64.594612,30.337099,16.35,16.02,73.21243299999999,240.19999700000002,33.43,134.00593600000002,123.881409,95.644852,75.959999,57.97554399999999,53.435019999999994,82.927963,62.09721,100.836372,73.862717,42.544834,35.029999,68.139206,89.859169,13.62,15.17,218.25,73.944313,30.24,163.376053,112.610001,165.525833,81.92049399999999
2017-12-18,102.647491,1190.579956,84.239998,704.400024,67.010002,,52.012871000000004,58.796204,66.16926600000001,323.230011,39.384014,313.420013,92.298615,51.306862,111.029999,21.639999,20.41,49.849998,109.099998,89.96255500000001,121.62312299999999,12.355725,46.269672,34.5,35.189999,41.725597,92.706017,34.197502,58.630001,31.853665999999997,90.996445,20.967104,183.68248,77.94500699999999,51.254749,27.700001,20.150467000000003,46.288219,68.519997,63.189999,53.279999,60.246101,47.139998999999996,62.324799,40.389998999999996,87.105293,25.85,133.030029,14.84,173.104874,32.836575,275.140015,54.98,190.419998,64.614548,30.585032,16.6,16.33,72.87518299999999,245.88000499999998,33.84,136.27536,125.357018,97.585411,77.559998,57.71694599999999,54.598164000000004,83.107353,63.555172,100.110001,75.157333,43.200439,35.459998999999996,68.916,89.401161,14.24,15.65,222.66000400000001,73.675995,30.66,164.240158,114.480003,164.628571,82.726761
2017-12-19,99.669312,1187.380005,85.620003,701.01001,65.800003,,52.022839000000005,59.254612,67.68937700000001,316.97000099999997,38.985592,313.170013,91.84983100000001,50.658669,111.809998,22.01,20.84,48.470001,109.16999799999999,96.073334,121.124504,12.385003999999999,45.911995000000005,34.369999,35.060001,42.062176,92.27939599999999,34.078312,58.580002,32.042915,91.11571500000001,20.718914,184.925385,77.665527,50.798266999999996,27.629998999999998,20.209936,46.169098,67.849998,63.360001000000004,52.880001,59.584492000000004,46.939999,61.84506999999999,40.799999,88.519859,25.25,132.83050500000002,15.1,172.299973,32.726952000000004,276.559998,55.59,187.020004,64.046272,30.555279,16.65,16.27,73.27194200000001,243.02999900000003,33.369999,136.565292,125.32730900000001,96.858948,78.540001,57.697052,52.93795,83.486069,63.535332,100.41999799999999,75.744888,43.190502,34.77,70.21067,89.490768,14.1,15.43,227.47000099999997,73.38781,30.93,164.975143,113.559998,165.63549799999998,82.477913
2017-12-20,98.529999,1177.619995,85.870003,700.900024,66.730003,,52.879920999999996,59.872475,67.26215400000001,316.380005,39.224644,298.670013,91.48084300000001,50.638725,109.690002,22.370001000000002,21.120001000000002,48.700001,108.91999799999999,95.05983,119.678513,12.414284,45.991482,33.860001000000004,34.27,42.091869,92.487747,34.088245,58.799999,32.291927,90.559105,20.15304,186.247849,78.20452900000001,50.321940999999995,27.85,19.972054999999997,46.496681,68.470001,63.720001,53.130001,59.643742,47.029999,62.524685,40.740002000000004,89.844765,25.33,133.52886999999998,15.12,171.087646,33.045853,277.549988,54.82,188.820007,63.39823199999999,29.960239,16.6,16.24,73.400887,242.05000299999998,33.540001000000004,135.58554099999998,122.869522,98.1427,79.610001,57.418564,53.792912,83.56579599999999,63.951896999999995,100.050003,75.48597,42.991833,34.459998999999996,72.670532,90.187744,13.72,15.17,226.0,73.934372,31.190001000000002,163.76341200000002,112.83000200000001,168.43696599999998,81.751274
2017-12-21,100.129997,1174.76001,84.980003,705.909973,67.08000200000001,,51.823516999999995,60.320915,65.91095,332.940002,40.649002,292.399994,91.391083,50.788307,109.57,23.360001,22.16,49.119999,108.470001,94.45371999999999,119.73834199999999,12.326447,47.670582,34.529999,35.110001000000004,41.735496999999995,93.787453,34.217369,59.169998,32.441338,92.27864100000001,20.043837,187.013489,79.22264100000001,51.413525,26.700001,20.05135,47.15184,66.0,64.029999,53.470001,59.831364,47.389998999999996,63.714012,40.900002,90.382698,25.57,133.638626,15.71,170.769653,33.613888,277.859985,54.139998999999996,188.619995,64.574669,30.495775,16.65,16.34,73.48024000000001,241.5,33.77,135.575546,121.148071,100.431564,80.139999,57.269375,55.423302,85.419495,64.685837,102.459999,75.98389399999999,43.975246000000006,34.740002000000004,74.084709,92.547478,13.95,15.51,228.57000699999998,73.765434,31.76,168.46138,113.370003,167.998306,82.119568
2017-12-22,100.550003,1168.359985,84.790001,710.090027,67.110001,,51.5345,59.962157999999995,65.92088299999999,338.200012,40.619118,295.230011,92.657639,50.688587,108.66999799999999,23.73,22.469998999999998,48.529999,109.459999,95.785179,119.84803799999999,12.277648,46.955223,34.720001,35.240002000000004,41.596905,94.3629,34.207432,59.18,32.72023,92.984352,20.262242999999998,187.063202,79.202667,51.443295,26.23,20.209936,47.191551000000004,65.230003,63.400002,53.66,60.591721,47.060001,63.963871,40.82,90.840942,25.67,133.65858500000002,15.84,170.342361,33.225231,276.459991,54.029999,189.940002,63.099136,30.416437,16.799999,16.42,73.014046,242.5,33.369999,135.565552,120.461479,101.307312,80.440002,56.990883,56.26831800000001,85.060715,64.854439,102.839996,75.934097,44.084515,34.57,74.174339,91.97994200000001,13.8,15.5,226.270004,73.407692,32.23,170.517349,113.58000200000001,167.240616,82.020035
2017-12-26,101.959999,1176.76001,84.879997,714.47998,68.019997,,51.31525,59.98209,65.26516,340.399994,40.658962,295.519989,92.228806,50.828196999999996,108.120003,23.57,22.299999,48.34,108.5,96.530396,119.11008500000001,12.297168,48.236903999999996,34.169998,34.599998,41.37912,94.640701,34.704056,59.27,32.471218,92.238892,20.758623,189.280548,79.22264100000001,51.373829,26.059998999999998,20.05135,48.114734999999996,65.550003,63.98,56.869999,62.161812,47.540001000000004,63.853931,40.779999,91.53825400000001,26.85,132.990143,15.72,170.213165,33.235195000000004,276.450012,53.73,187.759995,63.458054000000004,30.66437,16.6,16.309998999999998,72.756149,244.649994,33.560001,136.485321,119.585831,102.889618,80.959999,56.831745,57.401642,85.389595,65.280922,105.199997,77.12912800000001,44.650719,34.529999,74.990974,91.253113,14.07,15.66,226.67999300000002,74.143051,31.870001000000002,169.00766000000002,113.910004,168.107971,81.81100500000001
2017-12-27,99.769997,1182.26001,84.730003,707.0,68.360001,,51.394978,59.085201,66.328239,333.25,40.25058,295.420013,92.36842299999999,50.878056,107.639999,23.049999,21.74,47.669998,107.489998,96.788742,119.987656,12.199571,47.372516999999995,34.139998999999996,34.549999,40.894054,94.918503,34.257099,59.459998999999996,32.461258,91.11571500000001,20.947248000000002,189.111526,80.00119000000001,50.887577,26.450001,20.081085,47.57869,64.910004,63.59,55.290001000000004,60.483096999999994,47.549999,63.883915,40.869999,91.757416,25.639999,135.93327299999999,15.62,171.584503,33.593956,273.440002,54.0,186.240005,62.760162,30.475941,16.65,16.25,72.885101,242.309998,33.52,136.635269,120.61074099999999,102.809998,80.730003,56.961043999999994,56.298145,84.961052,64.606491,105.239998,76.651115,44.352715,34.529999,74.572693,90.974327,14.23,15.73,225.649994,74.053612,30.98,168.928192,115.370003,169.693161,82.020035
2017-12-28,99.709999,1186.099976,85.559998,718.380005,68.41999799999999,,51.923176,59.055302000000005,66.050049,338.02999900000003,40.131054,294.820007,92.328529,51.197165999999996,107.769997,22.549999,21.280001000000002,47.849998,108.07,96.87816600000001,120.915085,12.277648,46.78632,34.080002,34.48,40.963347999999996,94.729996,34.207432,59.77,32.620625,90.96662099999999,20.877756,188.70384199999998,80.300629,51.175358,26.57,20.190115,47.360302000000004,64.809998,63.549999,54.68,60.255978000000006,47.529999,63.783974,41.189999,92.504547,25.719998999999998,136.252533,15.34,172.011795,33.514236,276.140015,53.610001000000004,192.71000700000002,62.760162,30.773459999999996,16.65,16.33,72.805748,242.36000099999998,33.720001,136.875214,120.282372,102.610001,80.610001,57.498135,55.5923,85.19027700000001,64.289108,104.220001,76.06356,44.044777,34.5,74.771873,91.21328000000001,14.14,15.52,225.330002,73.825058,30.809998999999998,169.51419099999998,116.660004,167.968399,82.288788
2017-12-29,99.690002,1169.469971,84.83000200000001,711.369995,68.470001,,50.916607,58.796204,65.940758,335.959991,39.891998,289.02999900000003,92.757362,50.927917,107.510002,22.379998999999998,21.17,47.75,107.309998,95.4076,119.439171,12.189811,46.577675,34.119999,34.529999,40.577278,94.263687,33.830002,59.57,32.182365000000004,90.340439,20.758623,188.455261,79.71172299999999,50.490643,26.219998999999998,19.981968,47.032722,64.129997,62.950001,54.23,59.465996,47.73,63.2043,40.669998,92.584244,25.190001000000002,135.414474,15.38,171.037949,33.275059000000006,275.899994,53.25,191.96000700000002,62.361366000000004,30.644534999999998,16.6,16.209999,72.240364,240.539993,33.25,137.17514,118.690285,103.690002,80.25,57.12018199999999,56.218613,85.09060699999999,64.715591,103.949997,76.143227,43.935509,34.459998999999996,74.44323,91.073891,13.32,14.43,223.66000400000001,73.536873,30.809998999999998,167.49794,115.870003,168.07806399999998,81.233673
2018-01-02,106.089996,1189.01001,86.110001,736.539978,69.160004,,51.604263,58.965614,66.318298,348.97000099999997,41.07,292.950012,93.80450400000001,50.917946,111.800003,23.110001,21.83,50.200001,108.690002,95.705688,121.08461000000001,12.355725,47.581161,35.360001000000004,35.860001000000004,41.37912,95.82135799999999,33.869999,59.540001000000004,32.192326,91.523239,21.1458,186.96376,79.532059,51.661609999999996,26.76,20.071173,48.759968,64.760002,64.029999,56.349998,59.140125,47.860001000000004,64.803391,41.349998,91.269295,26.309998999999998,133.439087,16.02,172.13104199999998,33.394646,276.0,54.959998999999996,201.070007,63.298534,31.378415999999998,16.799999,16.43,72.180847,249.25999500000003,33.369999,138.93469199999998,119.784843,104.879997,80.5,57.319103000000005,54.965996,86.34634399999999,67.07609599999999,106.43,76.372284,44.958652,34.77,75.369415,91.511986,13.97,15.03,229.63000499999998,73.954239,31.190001000000002,166.85235600000001,116.839996,163.80110200000001,81.22371700000001
2018-01-03,107.050003,1204.199951,87.540001,749.429993,68.400002,,51.863384,58.995509999999996,66.467331,353.02999900000003,40.41,309.0,93.734695,52.71294,112.279999,22.620001000000002,21.48,49.360001000000004,108.019997,97.91153,124.824257,12.453322,47.561291,35.93,36.540001000000004,42.388851,96.535698,33.169998,60.27,31.734142,90.738022,20.877756,187.938202,80.699883,49.716606,26.65,19.585501,48.293415,66.940002,63.799999,55.66,57.431785999999995,47.619999,67.19205500000001,41.560001,91.667755,25.33,136.132813,16.139999,171.40563999999998,33.215267,275.140015,55.369999,205.050003,63.288563,31.566846999999996,16.9,16.49,69.790359,253.83999599999999,34.27,139.17463700000002,122.969025,101.639999,80.449997,58.393276,54.478867,86.34634399999999,66.619858,107.029999,74.99799300000001,44.968586,34.970001,75.937073,91.10376,14.4,15.72,245.11999500000002,73.31824499999999,29.950001,167.696579,117.5,162.02650500000001,81.154045
2018-01-04,111.0,1209.589966,88.910004,761.26001,67.279999,,53.54764599999999,57.799656000000006,66.41765600000001,349.790009,40.669998,307.109985,94.831711,51.925137,112.230003,22.129998999999998,20.889999,49.380001,108.860001,97.891655,125.791573,12.668034,46.011353,36.169998,36.82,43.695557,96.644836,32.740002000000004,60.27,32.451298,90.16152199999999,21.106091,189.429703,80.100998,50.579952,26.620001000000002,19.99188,47.707737,68.25,64.08000200000001,54.68,50.361435,47.73,66.912201,42.060001,92.385002,24.49,135.384552,15.91,172.608017,33.544132,275.26001,54.68,205.630005,63.248684,31.794946999999997,16.93,16.59,70.484688,257.679993,33.830002,141.384064,121.854561,103.519997,80.910004,58.61209100000001,55.473006999999996,85.668648,65.310677,106.75,75.1175,44.899052000000005,34.919998,77.30145300000001,92.228859,14.75,15.92,244.88000499999998,74.987732,29.559998999999998,167.676727,115.730003,162.903824,81.98021700000001
2018-01-05,112.18,1229.140015,91.57,775.5,68.870003,,55.102352,57.38110699999999,65.871216,350.880005,41.040001000000004,313.790009,95.459999,52.343967,111.620003,22.0,20.790001,49.220001,111.139999,98.676613,126.768875,12.882747,46.657158,36.349998,36.75,43.566868,96.734123,32.549999,59.740002000000004,32.71027,91.85125,21.076307,191.408417,79.14278399999999,50.579952,26.790001,20.011703,47.896343,71.040001,63.919998,54.360001000000004,49.72945,47.900002,67.541855,42.02,94.377342,24.48,134.08757,16.26,172.955826,33.773338,276.670013,54.869999,209.99000499999997,63.78705600000001,31.715607000000002,17.200001,16.799999,71.585701,260.27999900000003,34.540001000000004,143.053635,120.630646,104.379997,81.970001,59.288422,56.596385999999995,85.848038,66.004944,106.57,76.830376,45.107655,34.73,79.11398299999999,93.194664,14.73,15.87,237.960007,75.22622700000001,29.1,167.33902,112.440002,163.990524,82.458
2018-01-08,111.389999,1246.869995,91.93,766.47998,69.690002,,55.132248,56.563938,65.622833,356.549988,40.48,318.47000099999997,94.150002,52.722908,110.019997,22.370001000000002,21.129998999999998,48.900002,109.099998,98.150002,127.855865,12.833948,46.667095,35.849998,36.240002000000004,43.774753999999994,97.210358,32.299999,60.34,32.999126000000004,92.606651,21.44363,190.951019,80.78971899999999,51.145592,26.309998999999998,20.170289999999998,47.916199,70.050003,64.800003,56.900002,48.030986999999996,48.32,67.19205500000001,41.860001000000004,93.351288,24.440001000000002,136.023056,15.81,172.836578,32.986057,279.149994,54.66,212.05000299999998,64.355339,31.814781,17.200001,16.83,71.823769,260.0,34.439999,142.70373500000002,120.49133300000001,104.959999,81.220001,58.990044,57.103393999999994,86.01745600000001,66.629784,106.839996,75.336586,44.988453,34.669998,78.924759,92.656998,14.78,15.98,231.13999900000002,76.875847,29.18,167.905167,113.860001,161.807175,82.597359
2018-01-09,110.489998,1252.699951,92.75,770.950012,69.779999,,55.550827000000005,55.7966,67.192604,354.76001,40.610001000000004,319.369995,94.25,52.683021999999994,109.940002,21.65,20.5,48.57,109.690002,97.489998,126.92842900000001,12.765630999999999,45.70335,36.18,36.540001000000004,43.606464,98.172729,31.99,59.849998,33.756122999999995,93.371994,21.572687,192.00502,81.777885,51.870003000000004,26.440001000000002,20.130642,47.538982,69.800003,63.82,57.02,46.786762,47.950001,66.632362,41.990002000000004,94.18808,24.690001000000002,137.389893,15.82,172.44902,33.514236,279.790009,54.939999,209.309998,63.896721,31.646185,17.25,16.879998999999998,71.496437,261.26001,34.650002,141.12413,122.54115300000001,104.989998,80.510002,58.860741000000004,56.258377,85.51915,68.57373,106.540001,75.18721,45.048054,34.59,79.16377299999999,92.279999,14.1,15.11,232.919998,75.653542,29.040001,167.22976699999998,113.370003,162.903824,82.378372
2018-01-10,110.589996,1254.329956,90.459999,767.780029,70.339996,,54.324996999999996,56.464282999999995,67.510536,350.829987,41.09,321.799988,94.779999,50.828196999999996,109.470001,22.83,21.690001000000002,48.41,109.629997,96.790001,126.828705,12.716832,45.981541,35.32,35.599998,42.567039,98.619202,32.029999,60.470001,33.337784,91.751846,21.493267000000003,190.712387,81.498405,51.750923,25.969998999999998,20.715432999999997,48.839382,70.300003,63.919998,58.84,47.724869,47.48,68.221466,42.240002000000004,93.809525,25.6,137.379898,15.68,172.41922,33.803234,272.089996,55.599998,212.520004,64.026337,30.892467,17.15,16.85,72.111412,258.450012,33.669998,140.90419,122.451591,104.980003,80.68,59.497288,52.381229,86.555626,70.150711,105.839996,75.954018,44.928852,34.490002000000004,78.207718,92.089996,13.94,15.06,230.44999700000002,75.643608,29.16,165.08441200000001,112.709999,161.508072,82.169342
2018-01-11,112.949997,1276.680054,92.059998,773.3099980000001,71.709999,,55.720249,57.580414000000005,68.355049,355.269989,42.599998,325.5,98.190002,51.895222,110.989998,24.01,22.709999,49.25,111.349998,97.599998,129.052551,12.843708,46.001415,35.799999,36.200001,43.745052,101.099564,33.189999,61.419998,33.457306,91.85125,22.178272,193.57605,82.915764,53.219597,26.08,21.270487,49.722858,71.910004,64.440002,61.119999,49.383831,48.57,69.53072399999999,42.990002000000004,95.37352,26.299999,139.105881,15.48,172.299973,34.98914,271.72000099999997,56.16,217.24000499999997,64.09612299999999,31.646185,17.5,17.08,73.7183,259.75,34.52,142.543777,124.789978,105.940002,82.559998,59.67631899999999,54.896407999999994,87.382813,73.39392099999999,107.459999,76.561485,45.216923,35.279999,78.167877,91.889999,14.13,15.3,233.149994,76.706909,30.809998999999998,167.8853,116.889999,162.006561,82.109619
2018-01-12,115.940002,1305.199951,92.910004,787.929993,73.25,,57.03576700000001,58.626789,69.239288,354.0,42.439999,327.339996,99.099998,51.765578999999995,112.470001,24.33,23.0,49.48,114.839996,98.019997,131.9944,12.912025,47.144001,36.369999,36.73,43.626263,102.468719,33.869999,61.959998999999996,33.776043,91.890999,22.257692000000002,195.306183,83.794128,53.993626,26.360001,21.548014000000002,51.440178,72.33000200000001,65.239998,63.869999,49.048088,48.799999,69.220901,43.470001,100.473923,26.889999,139.455063,15.29,172.478851,34.909411999999996,274.070007,57.849998,221.229996,64.474976,31.993290000000002,17.549999,17.15,75.30534399999999,258.600006,34.48,143.59350600000002,126.899498,106.790001,83.58000200000001,60.074162,56.606322999999996,87.572174,76.170998,108.459999,77.955688,45.475189,36.540001000000004,79.283287,92.050003,14.14,15.12,237.32000699999998,77.31309499999999,33.759997999999996,171.58010900000002,117.93,165.037323,83.234413
2018-01-16,113.900002,1304.859985,92.559998,781.02002,72.400002,,56.128856999999996,59.224716,68.076851,352.929993,41.82,327.369995,98.440002,50.688587,110.690002,24.530001000000002,23.200001,47.990002000000004,112.879997,96.739998,130.239258,12.785150999999999,46.657158,35.790001000000004,36.290001000000004,43.745052,101.9925,32.709998999999996,61.450001,33.367664000000005,90.83740999999999,21.94001,195.196808,83.24515500000001,51.582221999999994,26.629998999999998,21.032606,49.812199,71.33000200000001,63.84,63.400002,48.376606,48.439999,68.741173,43.189999,100.583504,25.92,138.7966,15.12,172.58815,35.905972,274.48999,57.389998999999996,221.52999900000003,63.228744999999996,31.487509000000003,17.299999,16.969998999999998,73.7183,257.890015,33.759997999999996,141.364059,126.123352,104.41999799999999,80.870003,60.233299,56.457207,87.512375,74.346062,107.58000200000001,76.27269,45.594395,35.889998999999996,78.855049,91.910004,12.48,13.81,237.11999500000002,76.200096,31.379998999999998,167.805847,117.08000200000001,168.217636,82.54759200000001
2018-01-17,115.349998,1295.0,93.559998,788.0599980000001,74.260002,,57.713459,58.696548,69.000839,357.839996,41.68,334.630005,100.5,51.955051,111.970001,24.700001,23.4,45.450001,112.800003,97.459999,130.279144,11.887262,47.759997999999996,36.490002000000004,37.110001000000004,43.586665999999994,102.667152,33.259997999999996,63.040001000000004,34.234226,91.066025,21.781168,198.68692,83.873985,52.108166,26.48,21.389426999999998,50.596409,69.839996,64.629997,64.589996,48.337105,48.5,70.670082,43.189999,101.290779,26.24,141.669907,15.16,173.879974,36.414219,277.799988,59.27,217.5,63.617568999999996,31.517262,17.549999,17.209999,74.88874799999999,265.040009,34.400002,142.45379599999998,129.56625400000001,106.050003,81.300003,60.332756,55.313945999999994,87.7416,76.190826,108.989998,76.262733,46.677135,35.900002,80.249306,92.16999799999999,12.39,13.83,238.690002,77.650963,31.959999,170.219391,117.129997,173.062881,82.706848
2018-01-18,115.529999,1293.319946,93.099998,784.789978,74.690002,,56.916176,59.792747,68.573616,365.25,41.849998,337.52999900000003,101.029999,50.798279,110.41999799999999,25.59,24.23,45.16,112.900002,97.360001,126.539505,11.779905,48.59,35.73,36.18,43.418381,102.121475,33.759997999999996,63.240002000000004,33.945374,89.972672,21.840733,197.205368,83.794128,51.939468,26.530001000000002,21.409252,50.844578000000006,70.540001,65.010002,64.849998,48.406227,48.360001000000004,70.50018299999999,42.700001,100.972008,26.6,140.801941,15.23,173.472565,35.945834999999995,278.130005,58.860001000000004,220.330002,63.916664000000004,31.031313,17.4,17.01,75.404533,266.329987,34.150002,144.663223,128.680649,109.82,81.650002,60.760436999999996,55.661896,88.219963,77.261986,108.050003,76.929955,46.995007,35.619999,80.567993,92.970001,12.37,13.7,243.149994,77.939148,33.950001,166.25640900000002,122.730003,174.94714399999998,82.71680500000001
2018-01-19,117.019997,1294.579956,93.519997,793.799988,76.860001,,56.74675,57.550518000000004,68.116592,366.049988,42.5,343.869995,101.980003,51.336777000000005,110.589996,25.709999,24.43,45.259997999999996,114.730003,99.040001,125.92121100000001,11.711588,50.209998999999996,36.259997999999996,36.650002,42.71553,103.321968,34.810001,63.869999,34.85178,92.000336,23.032047,200.188354,85.33126800000001,52.594418000000005,26.280001000000002,21.161459,51.618858,70.58000200000001,65.860001,67.540001,50.055316999999995,48.25,71.779457,42.959998999999996,104.548264,27.01,143.735107,16.139999,175.012802,36.224869,279.140015,59.43,220.460007,67.007317,30.961889000000003,17.549999,17.219998999999998,74.35311899999999,273.019989,34.599998,147.032639,128.332382,112.779999,83.760002,60.92952,54.74728399999999,88.200035,77.460342,107.769997,78.563164,47.442005,35.450001,82.051872,93.360001,12.85,14.21,244.13000499999998,79.290634,33.360001000000004,166.395462,126.989998,179.09451299999998,83.42353100000001
2018-01-22,118.029999,1327.310059,93.550003,788.700012,78.059998,,56.288311,58.048793999999994,68.414658,370.25,42.889998999999996,330.0,102.269997,52.2243,111.099998,26.33,25.09,46.259997999999996,115.019997,98.059998,127.83591499999999,11.731108,50.369999,36.959998999999996,37.310001,42.854118,103.312042,35.48,64.040001,35.479286,90.31061600000001,22.833494,203.300613,85.610748,53.398219999999995,26.48,21.766071,52.432846,71.489998,65.699997,68.16999799999999,51.388416,48.09,71.689514,42.849998,106.699997,27.25,143.475693,16.09,175.102249,36.992218,279.559998,59.369999,227.580002,66.189789,31.279245,17.549999,17.18,75.741783,272.299988,35.150002,148.31231699999998,128.063705,114.889999,84.480003,61.078712,55.542595,88.469116,77.936417,109.879997,79.130798,47.193668,37.200001,81.60372199999999,94.0,13.28,14.55,235.00999500000003,79.916687,33.939999,165.521408,127.349998,194.63716100000002,84.518463
2018-01-23,119.099998,1362.540039,92.83000200000001,786.369995,77.519997,,55.919571,57.321316,68.066917,369.25,42.439999,328.709991,103.16999799999999,52.234276,110.410004,25.700001,24.5,46.330002,114.699997,97.489998,128.573868,11.672549,51.52,37.189999,37.509997999999996,42.943211,103.907333,35.459998999999996,64.519997,35.060947,93.98824300000001,22.813639000000002,203.738098,86.369339,53.656227,27.530001000000002,21.538103,51.618858,70.540001,66.959999,68.83000200000001,52.53389,47.349998,70.889961,43.130001,107.110001,27.360001,145.461075,17.76,175.69847099999998,36.892563,278.809998,58.330002,250.289993,66.937523,31.388334000000004,17.35,17.07,74.88874799999999,271.209991,34.93,151.04161100000002,126.591026,115.849998,84.58000200000001,61.357201,56.944331999999996,87.89109,77.480186,108.860001,78.99137900000001,47.263206,36.299999,80.707413,93.660004,13.59,14.99,228.789993,80.363876,33.389998999999996,170.815323,127.33000200000001,194.358017,85.444168
2018-01-24,120.989998,1357.51001,93.540001,793.3599849999999,76.790001,,56.54743199999999,59.025406000000004,70.709717,376.179993,42.990002000000004,329.52999900000003,102.690002,51.705746000000005,110.5,26.01,24.67,47.73,114.339996,97.550003,130.069717,11.760386,52.25,37.490002000000004,38.0,43.715359,105.792404,34.880001,64.209999,35.230274,95.190926,23.071756,205.050613,85.630714,55.521843000000004,27.16,21.627308,50.248974,70.949997,67.269997,67.699997,52.524014,47.330002,70.82,42.869999,106.720001,27.25,144.054352,17.27,175.012802,37.500465000000005,274.559998,59.77,261.299988,67.79493000000001,30.971807000000002,17.4,17.09,75.959999,275.929993,34.810001,151.301544,131.854874,117.739998,84.589996,60.501842,55.5923,88.020645,76.260254,109.120003,78.921669,47.223473,36.310001,80.348892,93.83000200000001,13.61,14.93,224.309998,80.463249,33.130001,177.75798,125.269997,199.970932,84.84693100000001
2018-01-25,120.91999799999999,1377.949951,92.489998,786.299988,76.269997,,56.069056999999994,59.065268999999994,70.302368,375.140015,42.139998999999996,333.97000099999997,103.75,50.209919,110.550003,25.73,24.440001000000002,47.029999,115.07,97.860001,130.747849,11.291922999999999,52.439999,37.73,38.18,42.725426,105.47492199999999,34.580002,63.75,35.329884,94.97225999999999,22.644869,204.205429,86.469154,54.281406000000004,26.82,21.171371,49.137184000000005,71.540001,67.040001,66.790001,51.69453,47.790001000000004,68.470001,42.549999,106.379997,26.639999,145.161774,16.639999,174.55571,36.683289,276.769989,59.610001000000004,269.700012,67.505806,24.604882999999997,17.299999,17.040001,76.059189,272.880005,34.259997999999996,152.67120400000002,131.27774,117.370003,84.389999,60.223351,54.439098,88.020645,75.675087,109.129997,78.93163299999999,47.114204,36.490002000000004,77.829277,94.08000200000001,13.31,14.57,227.289993,80.433441,33.610001000000004,181.85008200000001,125.089996,199.990875,85.265007
2018-01-26,123.639999,1402.050049,94.480003,796.950012,77.849998,,56.966003,59.792747,71.186615,377.0,42.799999,330.230011,105.300003,50.209919,112.190002,26.040001,24.82,47.189999,115.43,98.489998,131.396042,11.37,51.59,38.32,38.810001,43.052105,106.73494699999999,34.849998,64.58000200000001,35.618732,92.825317,22.505882,206.054886,87.527191,54.727966,26.719998999999998,21.716513,50.030586,72.41999799999999,68.139999,68.360001,51.615536,47.830002,67.82,42.830002,107.400002,27.4,146.797958,16.57,177.238724,36.922459,280.690002,60.93,274.600006,67.834816,25.120584,17.5,17.139999,77.021339,275.47000099999997,34.52,153.800903,134.312653,118.870003,85.459999,57.677162,54.975937,88.00071700000001,76.319763,109.709999,80.17645300000001,47.422142,36.779999,78.775375,94.83000200000001,13.27,14.62,227.690002,81.059494,34.09,184.710587,124.959999,179.742538,85.80250500000001
2018-01-29,122.889999,1417.680054,94.889999,786.710022,76.589996,,56.627159,58.527134,71.474739,374.5,41.98,332.329987,105.339996,48.18557,111.540001,25.91,24.700001,47.299999,116.349998,98.230003,130.03981000000002,11.12,51.279999,38.139998999999996,38.740002000000004,42.586838,106.169426,35.080002,63.709998999999996,35.519131,93.63041700000001,22.426462,203.757996,87.11795,54.866893999999995,26.83,21.567839000000003,50.516994,72.360001,67.199997,67.949997,51.457539000000004,47.639998999999996,65.019997,42.709998999999996,106.839996,27.309998999999998,147.645996,16.120001000000002,176.652435,37.899086,279.140015,60.57,284.589996,67.376198,25.150337,17.35,17.059998999999998,76.773361,273.940002,33.43,155.120575,134.103699,116.970001,84.57,56.712394999999994,54.419219999999996,88.060509,76.170998,109.300003,80.495125,48.117477,36.330002,78.775375,94.5,13.18,14.53,229.149994,82.033363,33.709998999999996,181.264084,125.019997,162.983582,86.081223
2018-01-30,119.269997,1437.819946,94.629997,776.669983,76.290001,,56.5275,58.198277000000004,71.32570600000001,376.570007,42.34,322.079987,104.230003,48.394981,110.110001,24.969998999999998,23.870001000000002,47.259997999999996,114.599998,96.540001,128.533981,11.06,49.900002,37.880001,38.459998999999996,42.270058,104.363724,34.389998999999996,63.07,35.299999,93.699997,21.592543,200.665619,86.249565,50.450947,26.440001000000002,21.508369000000002,49.047844,71.82,66.91999799999999,65.879997,50.351563,46.98,63.869999,42.189999,105.18,26.25,146.927658,15.99,171.395691,36.982254,278.339996,59.959998999999996,278.799988,67.126953,25.517279000000002,17.299999,17.049999,76.178223,268.269989,32.720001,156.210297,132.621063,116.089996,83.389999,56.881477000000004,52.550236,87.651901,74.48491700000001,108.519997,80.017113,47.531406,34.900002,77.739639,94.449997,12.99,14.11,226.05000299999998,81.45699300000001,32.939999,180.837006,123.470001,170.869568,84.199928
2018-01-31,116.989998,1450.890015,94.879997,765.4400019999999,73.059998,,56.069056999999994,57.411003,71.146873,377.25,42.529999,324.76001,103.120003,48.913536,108.66999799999999,25.07,23.860001,46.900002,115.0,95.849998,127.656403,10.97,49.150002,36.490002000000004,36.900002,41.982979,103.25251800000001,33.240002000000004,62.939999,34.82,94.57,21.562759,199.760788,85.490974,48.089157,26.540001,21.69669,48.948578000000005,71.370003,66.0,64.769997,49.46283,46.509997999999996,62.66,42.029999,104.730003,25.950001,146.997498,15.84,170.06411699999998,36.324528,281.059998,60.740002000000004,270.299988,68.014267,26.221409,17.450001,17.110001,76.029434,264.690002,31.83,155.040604,132.88974,114.309998,82.389999,56.503529,52.590004,87.691765,74.60393499999999,106.650002,79.987236,46.726803000000004,34.669998,75.937073,95.349998,12.85,13.86,222.100006,80.632187,33.419998,180.19139099999998,124.129997,165.087173,84.199928
2018-02-01,117.290001,1390.0,96.019997,764.380005,73.099998,,56.19862,58.726443999999994,70.650101,371.179993,41.889998999999996,314.72000099999997,102.279999,47.946239,110.489998,25.280001000000002,24.17,47.16,113.870003,97.510002,128.75337199999998,10.92,49.209998999999996,36.709998999999996,37.009997999999996,42.002777,102.39926899999999,32.880001,62.68,34.509997999999996,95.739998,21.294716,198.766449,85.600769,48.307476,26.15,21.577751,48.86916,70.809998,65.93,65.089996,48.732094000000004,45.639998999999996,62.84,41.790001000000004,103.860001,25.620001000000002,147.177078,15.32,170.81933600000002,36.70322,276.079987,60.59,265.070007,67.445992,27.173471000000003,17.15,16.82,75.57315799999999,262.380005,31.459999,154.130829,132.650925,111.5,82.0,55.697899,52.639998999999996,88.319633,74.35598,106.849998,79.76815,46.647331,34.619999,71.146812,97.0,12.7,13.95,219.399994,80.11544,33.209998999999996,181.25415,125.120003,169.972305,83.592751
2018-02-02,113.93,1429.949951,94.209999,750.580017,71.239998,,54.285137,55.208637,69.49760400000001,387.5,41.110001000000004,311.640015,99.440002,46.240992999999996,108.699997,23.809998999999998,22.799999,46.790001000000004,108.83000200000001,96.040001,126.29019199999999,10.71,48.380001,36.220001,36.720001,40.587173,101.387291,32.09,62.41,34.349998,94.120003,20.838045,192.870087,82.496544,47.136505,25.459999,21.10199,47.499275,68.75,65.269997,63.470001,46.915134,45.049999,60.02,40.93,101.5,24.889999,140.84184299999998,16.530001000000002,168.315186,35.457522999999995,270.579987,59.0,267.429993,67.017288,27.748676,16.75,16.41,74.303528,252.63999900000002,30.700001,151.03161599999999,129.018967,109.800003,79.08000200000001,55.469139,51.369999,87.651901,72.352524,105.510002,78.14490500000001,45.653991999999995,34.349998,67.60141800000001,96.75,12.41,13.65,219.47000099999997,79.390007,32.220001,176.854141,121.540001,166.05423000000002,82.24897
2018-02-05,109.860001,1390.0,91.139999,731.590027,68.019997,,52.172329,53.8932,67.59996,372.570007,39.200001,300.299988,95.800003,44.615532,104.699997,22.780001000000002,21.709999,44.73,105.239998,94.220001,124.70459,10.24,45.630001,35.560001,36.139998999999996,39.141876,98.887077,30.559998999999998,60.790001000000004,32.799999,91.33000200000001,20.699059,182.071671,79.761635,46.044926000000004,24.469998999999998,20.586582,46.298145,64.82,64.050003,61.139998999999996,45.414169,43.450001,57.700001,39.459998999999996,97.58000200000001,23.469998999999998,136.023056,16.23,162.819946,34.351345,263.350006,56.950001,254.25999500000003,64.19581600000001,25.904055,16.1,15.83,72.299873,246.49000499999997,29.35,146.212845,124.750175,105.440002,76.900002,54.394962,48.880001,86.386208,70.190376,100.739998,75.744888,44.670586,35.619999,65.380577,95.389999,11.87,12.92,212.99000499999997,78.13789399999999,31.139999,170.716003,116.769997,164.977509,79.432022
2018-02-06,112.199997,1442.839966,92.599998,745.070007,70.300003,,53.976189,53.62413000000001,68.821999,369.75,39.669998,304.329987,97.599998,45.981716,106.16999799999999,23.84,22.66,43.32,107.849998,94.379997,126.92842900000001,10.76,47.639998999999996,36.419998,36.799999,41.438519,99.274017,32.16,62.310001,33.380001,93.93,21.473412,189.956696,80.540184,48.247932,25.17,20.794725,47.906269,65.32,65.440002,62.75,46.609016,45.580002,60.439999,40.529999,100.220001,24.16,139.704483,16.85,164.141571,34.759933000000004,268.049988,58.200001,265.72000099999997,65.023315,28.51231,16.5,16.290001,73.182671,254.899994,30.16,146.892654,127.02885400000001,106.730003,78.33000200000001,55.310001,49.5,87.432648,72.114487,103.050003,75.675179,48.693619,40.84,67.003883,95.160004,12.05,13.1,218.58999599999999,78.863327,31.25,172.632935,119.769997,162.72438,80.208427
2018-02-07,109.93,1416.780029,93.690002,728.330017,71.260002,,54.813334999999995,53.255405,68.672974,363.549988,40.150002,272.209991,97.879997,46.161217,104.760002,23.120001000000002,21.950001,45.099998,106.08000200000001,95.08000200000001,128.972763,10.76,48.009997999999996,35.700001,36.060001,41.963181,98.490219,32.619999,63.080002,33.470001,102.220001,21.801022,190.205276,81.867714,48.109004999999996,25.74,21.1119,48.938648,65.400002,66.110001,62.919998,48.495102,45.779999,60.91,40.349998,99.91999799999999,24.76,139.31539899999999,17.0,164.668259,34.560619,267.660004,57.740002000000004,264.559998,65.432076,29.216440000000002,16.299999,16.059998999999998,74.76971400000001,252.080002,29.91,149.172089,127.88460500000001,107.699997,77.989998,54.459998999999996,50.139998999999996,86.904442,72.65007,103.08000200000001,75.88430799999999,49.766426,41.049999,67.093521,95.110001,12.15,13.26,218.059998,79.96637700000001,30.51,170.358444,118.720001,176.78157,79.760498
2018-02-08,109.629997,1350.5,89.269997,718.570007,68.790001,,51.763721000000004,51.621071,66.328239,348.649994,38.189999,266.01001,95.099998,44.426056,101.349998,22.870001000000002,21.58,43.77,101.58000200000001,91.33000200000001,122.69016299999998,10.43,45.880001,34.09,34.560001,40.339690999999995,95.553474,31.17,61.130001,30.75,96.480003,19.428324,180.192383,78.513954,47.176201,25.190001000000002,21.151546,46.88382,64.339996,60.029999,60.34,47.171879,43.990002000000004,59.110001000000004,38.860001000000004,95.010002,24.0,133.56878700000001,16.0,157.970627,33.384682,256.570007,56.009997999999996,250.100006,62.301552,27.679254999999998,15.85,15.65,75.295425,252.22000099999997,28.67,142.64373799999998,121.844604,101.32,75.059998,53.77,49.380001,86.166946,70.527596,99.620003,74.05193299999999,48.52475,40.049999,65.669388,93.019997,11.95,13.14,209.08999599999999,78.257141,32.709998999999996,163.832932,113.559998,168.765976,75.948166
2018-02-09,109.139999,1339.599976,88.559998,723.5,70.760002,,52.43145,52.577755,66.63623,349.429993,38.57,255.460007,98.260002,43.957367,103.089996,22.610001,21.389999,43.400002,107.620003,92.690002,103.71273000000001,10.53,46.240002000000004,35.189999,35.73,41.042542,96.287666,32.290001000000004,61.220001,29.99,97.730003,19.120569,183.075928,80.28067,47.463982,24.92,21.548014000000002,47.538982,64.489998,59.799999,61.470001,48.040863,44.279999,58.689999,38.919998,97.16999799999999,24.15,135.973175,17.27,159.789124,33.314921999999996,249.460007,56.209998999999996,249.47000099999997,65.292503,27.381737,16.0,15.77,76.327003,249.830002,28.709999,144.053391,123.85462199999999,103.489998,77.32,54.580002,48.959998999999996,86.31644399999999,71.856613,101.879997,75.32663000000001,48.733353,38.310001,66.227089,92.400002,12.46,13.75,218.55000299999998,78.823578,32.869999,165.878983,115.019997,165.715271,78.944283
2018-02-12,109.480003,1386.22998,91.440002,730.200012,70.349998,,52.790226000000004,52.976376,68.325233,357.880005,38.540001000000004,254.44999700000002,95.089996,44.715252,103.389999,23.09,21.870001000000002,44.0,104.739998,94.220001,102.535988,10.7,46.34,35.950001,36.400002,41.577106,96.9524,31.42,61.970001,30.110001,96.629997,19.547457,183.016281,81.668083,47.98,25.129998999999998,21.716513,48.015465,65.660004,60.889998999999996,61.119999,48.090237,44.919998,59.34,40.16,97.779999,24.190001000000002,138.776657,17.360001,162.869629,33.085716,254.55000299999998,57.450001,257.950012,65.781029,27.074296999999998,16.15,15.75,78.142189,248.25,29.18,146.742706,128.630905,103.389999,77.349998,55.380001,48.490002000000004,86.994141,71.29128299999999,100.730003,75.396339,49.577694,37.709998999999996,66.396385,93.610001,13.18,14.23,209.479996,80.194939,32.880001,169.89163200000002,116.309998,162.425278,77.709999
2018-02-13,106.220001,1414.51001,90.769997,711.880005,70.099998,,52.132465,54.481155,68.305367,355.679993,38.959998999999996,251.330002,96.860001,44.72522,104.120003,23.530001000000002,22.27,44.330002,104.839996,94.720001,101.47892,10.59,46.639998999999996,36.189999,36.580002,40.98315,95.970177,32.43,62.43,29.34,95.559998,19.785719,182.67820700000001,83.055504,47.25,25.91,22.023775,48.809601,63.389998999999996,62.380001,62.900002,47.93224,44.389998999999996,59.959998999999996,40.529999,96.059998,24.879998999999998,140.283142,16.360001,161.379059,33.015957,251.27999900000003,57.5,258.269989,65.671356,26.380084999999998,16.549999,16.219998999999998,78.915871,245.309998,29.0,146.942642,128.392075,104.540001,77.82,55.669998,49.0,87.203423,73.274902,100.959999,75.23700699999999,49.80616,39.880001,65.888489,94.309998,15.29,16.700001,206.78999299999998,81.596115,33.099998,169.037445,117.91999799999999,164.16000400000001,77.769997
2018-02-14,109.019997,1451.050049,92.690002,720.840027,72.519997,,53.308464,55.657081999999996,69.46779599999999,358.940002,39.43,289.910004,96.66999799999999,45.293636,104.599998,23.83,22.68,44.93,105.870003,95.610001,99.823502,10.74,48.580002,36.18,36.549999,41.389023,98.172729,33.110001000000004,64.0,29.58,96.709999,20.986957999999998,183.64271499999998,85.810379,47.939999,26.940001000000002,24.273729,49.990879,63.779999,63.380001,64.57,49.245583,44.93,61.23,41.439999,96.93,25.639999,144.90239,16.51,158.984222,34.321445000000004,253.5,58.880001,266.0,67.755051,26.975126,16.700001,16.34,82.109802,247.55000299999998,29.459999,150.62171899999998,129.884659,106.68,78.93,55.990002000000004,51.119999,87.28315699999999,74.732864,103.110001,76.57,50.153831,40.720001,67.72093199999999,94.519997,16.139999,17.76,206.759995,83.166229,33.93,170.050552,121.66999799999999,164.16000400000001,77.879997
2018-02-15,108.779999,1461.76001,93.33000200000001,724.599976,73.32,,52.491241,56.54401,69.14986400000001,363.670013,40.080002,286.649994,98.449997,44.984501,105.18,24.040001,22.82,45.689999,108.57,97.690002,101.947624,10.76,49.240002000000004,36.650002,36.959998999999996,41.428616,100.11734,33.330002,64.870003,29.959999,97.360001,20.57,184.21942099999998,84.403,47.650002,27.559998999999998,24.838696,50.864429,64.33000200000001,64.730003,65.150002,48.899967,45.240002000000004,60.400002,41.77,96.510002,26.459999,140.961548,16.959999,159.769241,34.879517,252.5,59.360001000000004,280.269989,68.084061,27.411488000000002,16.6,16.370001000000002,76.654335,252.289993,29.5,151.51148999999998,131.05883799999998,106.949997,80.610001,56.580002,51.240002000000004,87.602074,75.417213,101.690002,77.980003,50.2929,42.400002,68.856255,94.989998,16.540001,18.41,204.0,83.414665,33.93,175.543091,122.620003,164.009995,78.970001
2018-02-16,107.57,1448.689941,92.400002,714.049988,73.18,,52.042774,55.198668999999995,69.050514,365.660004,39.790001000000004,305.630005,97.730003,45.443218,106.529999,23.860001,22.65,45.689999,107.959999,96.519997,103.563141,10.61,49.169998,37.040001000000004,37.459998999999996,40.67627,99.045822,33.27,65.209999,29.66,98.849998,20.49,185.909775,83.115387,47.16,28.040001,25.106312,51.122524,64.43,63.900002,65.610001,48.30748,45.049999,60.860001000000004,41.77,96.309998,26.26,138.17803999999998,16.549999,156.798035,34.351345,249.75999500000003,59.110001000000004,278.519989,68.094032,27.996609000000003,16.450001,16.26,78.08268000000001,251.100006,29.74,148.51225300000002,131.028976,105.589996,80.16999799999999,56.48,51.330002,87.512375,75.079994,101.470001,77.879997,49.726696000000004,43.32,67.043724,95.370003,15.78,17.360001,203.149994,74.17286700000001,33.5,171.530441,121.08000200000001,164.279999,78.25
2018-02-20,105.349998,1468.349976,92.339996,713.22998,71.91999799999999,,52.082634000000006,56.055702000000004,69.000839,358.769989,39.470001,317.570007,94.559998,45.034359,105.980003,24.309998999999998,23.040001,44.57,106.809998,94.900002,103.812454,10.63,48.169998,36.610001000000004,37.130001,40.359493,93.926353,31.610001,64.860001,29.48,97.769997,19.93,185.65126,84.153458,46.639998999999996,27.17,24.481876,50.119926,63.310001,63.970001,64.370003,46.816387,44.369999,59.150002,41.459998999999996,95.650002,25.65,140.113541,16.469998999999998,156.17201200000002,34.590515,247.07000699999998,58.950001,278.549988,67.286469,27.163553000000004,16.1,15.95,77.725594,252.38000499999998,29.469998999999998,146.64271499999998,130.909576,105.389999,77.980003,55.970001,49.110001000000004,87.861191,72.860001,100.699997,76.370003,49.08102,42.650002,66.94413,95.07,15.41,17.139999,201.130005,73.109566,33.98,167.358887,120.769997,164.919998,78.08000200000001
2018-02-21,114.0,1482.920044,92.550003,719.48999,70.790001,,51.913212,55.188705000000006,69.129997,360.97000099999997,39.009997999999996,320.959991,95.269997,44.805,105.050003,24.09,22.889999,43.18,105.690002,95.300003,102.70552099999999,10.6,48.419998,36.560001,37.060001,40.151608,92.606796,32.220001,61.869999,29.15,99.07,19.959999,182.021942,84.133499,46.299999,26.41,24.184525,49.693081,60.98,63.610001000000004,63.439999,47.32,44.880001,58.66,41.580002,95.339996,25.59,141.630005,17.02,157.6427,34.281586,246.399994,58.720001,281.040009,66.847801,26.608185,16.15,16.01,76.406357,247.690002,29.34,148.022369,129.904572,106.66999799999999,77.879997,56.099998,50.07,87.821327,72.959999,101.5,75.839996,49.249893,42.369999,66.027908,94.800003,15.32,17.030001000000002,201.190002,74.033745,33.029999,165.163849,121.120003,166.360001,77.809998
2018-02-22,110.489998,1485.339966,92.940002,716.880005,71.290001,,52.062706,54.132366000000005,68.199997,356.75,38.799999,313.910004,96.099998,44.259997999999996,105.239998,23.799999,22.6,43.869999,107.0,95.190002,104.241264,10.63,48.259997999999996,36.73,37.16,40.498081,92.200027,32.369999,60.389998999999996,29.129998999999998,97.309998,20.129998999999998,184.418289,83.225189,46.669998,26.15,23.728588000000002,49.901539,61.040001000000004,63.77,64.75,48.119999,44.360001000000004,58.43,40.049999,96.889999,26.17,140.600006,16.639999,159.650009,34.391205,249.0,57.290001000000004,278.140015,66.927551,26.489176,16.5,16.219998999999998,76.168304,247.36000099999998,29.190001000000002,149.30204799999998,128.959274,107.510002,78.5,55.400002,50.709998999999996,87.462547,75.029999,101.790001,76.400002,49.438625,41.650002,65.520004,94.370003,14.97,16.620001000000002,204.050003,74.739296,32.93,167.33902,119.75,164.190002,78.32
2018-02-23,116.32,1500.0,93.059998,725.0,73.16999799999999,,52.142433000000004,54.929604000000005,68.760002,365.059998,39.5,315.820007,97.199997,44.470001,107.25,24.01,22.74,44.48,106.610001,95.349998,106.086151,10.7,48.25,37.619999,38.009997999999996,40.498081,93.787453,32.689999,60.349998,29.52,97.470001,19.940001000000002,187.281952,83.654388,46.610001000000004,26.82,24.025938,53.167427,62.759997999999996,64.720001,66.470001,48.709998999999996,44.77,59.040001000000004,40.099998,97.489998,26.74,142.169998,16.639999,162.03491200000002,35.258209,251.38999900000002,57.900002,285.929993,67.954453,26.578432,16.75,16.5,76.68409,254.13000499999998,29.27,148.822174,129.55629,108.529999,78.870003,56.139998999999996,52.25,87.45257600000001,75.410004,104.16999799999999,77.959999,50.312767,42.299999,65.860001,94.699997,15.3,17.02,207.110001,75.275917,33.740002000000004,170.278976,119.589996,167.130005,79.800003
2018-02-26,114.849998,1521.949951,94.720001,735.900024,72.57,1905.640015,51.733821999999996,55.487671,68.639999,358.019989,39.580002,311.890015,97.550003,44.299999,109.809998,25.17,23.83,44.950001,106.220001,96.32,106.3255,10.89,49.32,38.400002,38.810001,41.121738,94.124786,32.130001,60.650002,29.82,98.519997,20.26,187.39134199999998,81.987488,46.630001,26.870001000000002,24.283642,52.015926,62.889998999999996,64.900002,67.099998,48.549999,44.32,59.450001,40.439999,97.510002,27.450001,141.350006,16.08,162.551651,35.208385,250.539993,57.950001,294.160004,69.43995699999999,27.589997999999998,16.9,16.639999,77.46769,254.97000099999997,29.34,149.521988,129.755295,109.610001,79.949997,57.169998,51.779999,88.21000699999999,76.900002,103.709999,78.849998,50.81937,41.450001,64.860001,95.279999,15.42,17.25,198.929993,75.574043,33.880001,166.95166,118.019997,169.0,80.57
2018-02-27,109.800003,1511.97998,92.620003,654.469971,71.489998,1905.0100100000002,49.920002000000004,53.96295500000001,67.489998,351.22000099999997,36.66,319.149994,95.519997,43.349998,104.870003,26.040001,24.75,43.639998999999996,103.93,92.879997,103.42353100000001,10.61,47.540001000000004,37.139998999999996,37.630001,39.76553,91.832932,31.219998999999998,60.220001,29.49,97.239998,19.950001,183.931061,79.691757,45.540001000000004,25.93,23.57,50.655968,62.040001000000004,63.619999,65.0,48.18,43.799999,57.66,39.330002,95.790001,28.4,138.119995,15.97,159.650009,34.152031,246.539993,56.27,290.609985,67.824844,26.959999,16.700001,16.379998999999998,76.31708499999999,238.580002,28.5,147.720001,128.222916,107.900002,77.540001,56.57,50.639998999999996,89.720001,75.57,102.400002,77.309998,50.312767,39.73,65.029999,94.32,15.09,16.75,203.059998,74.43124399999999,33.209998999999996,164.120972,115.959999,168.75,80.18
2018-02-28,114.25,1512.449951,91.33000200000001,664.719971,72.440002,2034.040039,49.080002,52.787032999999994,66.910004,341.929993,36.209998999999996,318.410004,94.589996,41.900002,103.160004,24.32,22.98,41.689999,102.639999,92.190002,104.879501,10.61,45.91,36.419998,36.82,38.953789,91.118584,31.58,59.240002000000004,28.940001000000002,95.57,19.4,181.236435,80.639999,45.380001,25.33,23.4,50.933918,61.919998,62.93,66.089996,49.330002,43.459998999999996,56.580002,39.48,89.589996,29.41,141.21000700000002,15.9,157.740005,34.112167,239.88000499999998,56.900002,291.380005,66.82785799999999,25.690001000000002,16.4,16.129998999999998,75.61283900000001,244.190002,28.07,144.279999,125.97409099999999,105.839996,78.089996,57.099998,50.279999,89.860001,75.410004,101.040001,82.68,50.571033,40.080002,64.93,92.959999,15.05,16.58,203.350006,74.103302,33.34,161.32998700000002,115.779999,167.5,81.379997
2018-03-01,117.510002,1493.449951,87.769997,662.0,75.300003,2028.369995,48.32,51.93,65.980003,339.410004,36.540001000000004,313.26001,95.309998,42.279999,102.57,24.059998999999998,22.700001,40.720001,104.089996,92.5,103.672844,10.29,45.880001,35.529999,35.919998,37.409496000000004,90.691971,31.700001,58.860001000000004,28.190001000000002,94.400002,19.51,178.62133799999998,79.349998,45.110001000000004,25.129998999999998,23.01,50.110001000000004,60.060001,63.240002000000004,62.75,42.490002000000004,42.32,57.360001000000004,39.380001,87.959999,29.25,137.53999299999998,15.85,155.699997,33.165436,241.100006,56.77,290.390015,66.11999499999999,26.5,16.1,15.75,74.244003,243.25999500000003,28.719998999999998,142.649994,123.357101,105.120003,77.949997,56.169998,51.599998,89.639999,74.129997,101.440002,82.839996,49.935295,39.759997999999996,63.860001000000004,93.160004,14.39,16.139999,200.71000700000002,73.238747,33.130001,160.570007,115.610001,163.419998,79.699997
2018-03-02,116.07,1500.25,88.610001,662.8599849999999,73.040001,2033.790039,48.009997999999996,53.135822,64.970001,332.75,36.490002000000004,319.98999,94.279999,42.049999,102.989998,24.67,23.15,40.98,104.410004,95.470001,104.211349,10.4,40.040001000000004,35.93,36.369999,37.053123,90.146286,34.18,59.419998,28.139999,95.650002,19.99,177.44804399999998,78.900002,44.200001,24.690001000000002,23.58,53.040001000000004,59.970001,61.869999,66.5,43.349998,41.799999,57.48,38.990002000000004,85.339996,30.41,139.580002,16.57,148.270004,33.613888,236.559998,56.439999,301.049988,65.889999,26.59,16.15,15.87,75.037529,241.00999500000003,28.950001,143.619995,122.02372,106.440002,78.41999799999999,56.93,51.07,90.260002,75.150002,101.699997,83.650002,50.610766999999996,39.689999,64.220001,93.58000200000001,15.23,17.02,194.0,73.059875,34.09,158.649994,116.389999,163.059998,80.290001
2018-03-05,116.360001,1523.609985,88.82,655.75,75.059998,2072.659912,48.720001,53.22551,65.190002,346.600006,36.779999,320.160004,93.43,42.220001,103.410004,24.540001,23.01,41.450001,102.639999,94.449997,107.362625,10.58,41.630001,36.150002,36.650002,37.360001000000004,91.05905899999999,34.09,59.599998,28.16,96.800003,20.290001,180.709442,78.220001,45.23,25.799999,23.59,51.900002,60.459998999999996,61.91,66.089996,44.599998,43.93,58.310001,38.919998,86.33000200000001,30.35,135.729996,16.42,151.029999,33.733475,238.440002,55.580002,315.0,65.050003,28.09,16.4,16.15,75.265663,246.850006,29.309998999999998,143.630005,120.760002,107.41999799999999,77.980003,56.990002000000004,50.349998,90.099998,75.139999,101.029999,83.83000200000001,50.640568,41.970001,64.41999799999999,94.589996,15.56,17.42,197.880005,73.109566,34.279999,158.580002,116.690002,165.059998,80.629997
2018-03-06,118.589996,1537.640015,89.949997,664.719971,76.769997,2085.51001,48.869999,53.046131,66.150002,337.959991,36.869999,318.040009,93.440002,43.439999,104.940002,24.42,22.860001,41.220001,104.360001,94.120003,108.309998,10.63,42.099998,37.02,37.540001000000004,37.548088,91.803162,34.59,59.810001,28.370001000000002,95.870003,20.32,180.610001,78.940002,44.330002,25.77,23.67,52.490002000000004,61.490002000000004,62.07,66.82,45.110001000000004,45.509997999999996,59.169998,39.549999,87.120003,30.360001,137.610001,16.440001000000002,151.199997,34.630379,241.289993,56.0,325.22000099999997,65.239998,27.889999,16.6,16.42,74.730034,251.74000499999997,29.9,143.0,123.800003,106.959999,80.510002,57.029999,48.75,90.040001,71.790001,101.349998,84.389999,50.859103999999995,42.380001,64.779999,95.120003,15.73,17.620001000000002,200.220001,72.97043599999999,34.209998999999996,161.419998,117.610001,166.779999,81.379997
2018-03-07,116.769997,1545.0,89.41999799999999,656.77002,73.639999,2122.929932,48.849998,51.93,66.010002,338.670013,36.119999,319.950012,89.389999,43.450001,103.589996,23.940001000000002,22.389999,41.419998,89.25,93.389999,111.349998,10.63,40.720001,36.509997999999996,37.02,37.360001000000004,90.940002,33.279999,59.990002000000004,28.309998999999998,94.220001,20.4,178.580002,79.199997,43.900002,28.73,23.459999,51.049999,60.720001,61.669998,65.18,43.970001,45.07,59.290001000000004,39.0,86.110001,29.92,138.979996,15.98,152.380005,34.740002000000004,237.22000099999997,55.5,321.160004,64.16999799999999,27.200001,16.5,16.299999,73.510002,242.77999900000003,29.620001000000002,140.490005,123.529999,106.970001,75.400002,57.029999,49.439999,,71.43,100.58000200000001,82.629997,50.352497,42.580002,63.779999,95.0,15.5,17.379998999999998,201.070007,73.040001,33.650002,158.600006,117.370003,168.41000400000001,81.410004
2018-03-08,114.790001,1549.349976,89.360001,653.909607,73.110001,2141.0,49.110001000000004,52.509997999999996,66.529999,342.100006,36.73,323.089996,87.675003,42.946602,104.022797,24.030001000000002,22.504998999999998,41.810001,91.675003,93.610001,110.769997,10.52,41.025002,36.84,37.290001000000004,37.580101,90.470001,33.040001000000004,59.700001,28.52,93.400002,19.530001000000002,177.16000400000001,79.060097,43.959998999999996,27.91,23.549999,50.740002000000004,60.709998999999996,61.16,62.529999,41.945,45.09,58.279999,38.98,85.68,29.365,139.270004,16.049999,153.429993,35.834998999999996,239.36000099999998,55.59,317.314789,64.650002,27.475,16.475,16.209999,73.32,242.38000499999998,29.264999,141.360001,124.57,105.599998,75.010002,57.389998999999996,48.18,,69.82,101.2332,83.110001,51.900002,42.400002,64.360001,94.970001,15.38,17.23,204.979996,73.0,33.030102,157.059998,116.660004,179.399994,82.260002
